iter,LS1,LS2,LS3,LS4
0,0.5000,0.5000,0.5000,0.5000
1,0.5000,0.5000,0.6500,0.5000
2,0.5000,0.6500,0.6500,0.5000
3,0.5000,0.6500,0.7550,0.5000
4,0.5000,0.6500,0.5285,0.5000
5,0.5000,0.7550,0.5285,0.5000
6,0.5000,0.7550,0.5285,0.3500
7,0.5000,0.5285,0.5285,0.3500
8,0.5000,0.3700,0.5285,0.3500
9,0.5000,0.3700,0.3700,0.3500
10,0.6500,0.3700,0.3700,0.3500
0,0.6500,0.3700,0.3700,0.3500
1,0.7550,0.3700,0.3700,0.3500
2,0.5285,0.3700,0.3700,0.3500
3,0.3700,0.3700,0.3700,0.3500
4,0.3700,0.5590,0.3700,0.3500
5,0.3700,0.3913,0.3700,0.3500
6,0.3700,0.2739,0.3700,0.3500
7,0.3700,0.2739,0.5590,0.3500
8,0.5590,0.2739,0.5590,0.3500
9,0.5590,0.2739,0.5590,0.2450
10,0.5590,0.2739,0.5590,0.1715
0,0.5590,0.2739,0.5590,0.1715
1,0.5590,0.2739,0.6913,0.1715
2,0.5590,0.2739,0.6913,0.1200
3,0.5590,0.2739,0.4839,0.1200
4,0.6913,0.2739,0.4839,0.1200
5,0.4839,0.2739,0.4839,0.1200
6,0.3387,0.2739,0.4839,0.1200
7,0.3387,0.2739,0.3387,0.1200
8,0.3387,0.1917,0.3387,0.1200
9,0.3387,0.1917,0.2371,0.1200
0,0.3387,0.1917,0.2371,0.1200
1,0.5371,0.1917,0.2371,0.1200
2,0.3760,0.1917,0.2371,0.1200
3,0.2632,0.1917,0.2371,0.1200
4,0.2632,0.1917,0.1660,0.1200
5,0.1842,0.1917,0.1660,0.1200
6,0.1842,0.1342,0.1660,0.1200
0,0.1842,0.1342,0.1660,0.1200
1,0.4290,0.1342,0.1660,0.1200
2,0.3003,0.1342,0.1660,0.1200
3,0.2102,0.1342,0.1660,0.1200
4,0.1471,0.1342,0.1660,0.1200
5,0.1471,0.1342,0.1162,0.1200
6,0.1030,0.1342,0.1162,0.1200
0,0.1030,0.1342,0.1162,0.1200
1,0.3721,0.1342,0.1162,0.1200
2,0.2605,0.1342,0.1162,0.1200
3,0.1823,0.1342,0.1162,0.1200
4,0.1276,0.1342,0.1162,0.1200
5,0.1276,0.0939,0.1162,0.1200
6,0.1276,0.0939,0.0813,0.1200
0,0.1276,0.0939,0.0813,0.1200
1,0.3893,0.0939,0.0813,0.1200
2,0.2725,0.0939,0.0813,0.1200
3,0.1908,0.0939,0.0813,0.1200
4,0.1335,0.0939,0.0813,0.1200
5,0.1335,0.0658,0.0813,0.1200
6,0.0935,0.0658,0.0813,0.1200
0,0.0935,0.0658,0.0813,0.1200
1,0.0935,0.3460,0.0813,0.1200
2,0.0935,0.2422,0.0813,0.1200
3,0.0935,0.1696,0.0813,0.1200
4,0.0935,0.1187,0.0813,0.1200
5,0.0935,0.1187,0.0813,0.0840
6,0.0935,0.0831,0.0813,0.0840
0,0.0935,0.0831,0.0813,0.0840
1,0.3654,0.0831,0.0813,0.0840
2,0.2558,0.0831,0.0813,0.0840
3,0.1791,0.0831,0.0813,0.0840
4,0.1253,0.0831,0.0813,0.0840
5,0.0877,0.0831,0.0813,0.0840
6,0.0614,0.0831,0.0813,0.0840
0,0.0614,0.0831,0.0813,0.0840
1,0.0614,0.0831,0.0813,0.0588
2,0.0614,0.3582,0.0813,0.0588
3,0.0614,0.2507,0.0813,0.0588
4,0.0614,0.1755,0.0813,0.0588
5,0.0614,0.1228,0.0813,0.0588
6,0.0614,0.0860,0.0813,0.0588
7,0.0614,0.0860,0.0569,0.0588
0,0.0614,0.0860,0.0569,0.0588
1,0.0614,0.0860,0.0569,0.0412
2,0.0614,0.0860,0.3399,0.0412
3,0.0614,0.0860,0.2379,0.0412
4,0.0614,0.0602,0.2379,0.0412
5,0.0614,0.0602,0.1665,0.0412
6,0.0614,0.0602,0.1166,0.0412
7,0.0614,0.0602,0.0816,0.0412
0,0.0614,0.0602,0.0816,0.0412
1,0.0614,0.0602,0.3571,0.0412
2,0.0614,0.0602,0.2500,0.0412
3,0.0614,0.0602,0.1750,0.0412
4,0.0614,0.0602,0.1225,0.0412
5,0.0614,0.0602,0.0857,0.0412
6,0.0614,0.0602,0.0600,0.0412
0,0.0614,0.0602,0.0600,0.0412
1,0.3430,0.0602,0.0600,0.0412
2,0.2401,0.0602,0.0600,0.0412
3,0.1681,0.0602,0.0600,0.0412
4,0.1681,0.0602,0.0600,0.0288
5,0.1176,0.0602,0.0600,0.0288
6,0.0824,0.0602,0.0600,0.0288
0,0.0824,0.0602,0.0600,0.0288
1,0.3576,0.0602,0.0600,0.0288
2,0.3576,0.0602,0.0420,0.0288
3,0.3576,0.0421,0.0420,0.0288
4,0.3576,0.0421,0.0294,0.0288
5,0.2504,0.0421,0.0294,0.0288
6,0.1752,0.0421,0.0294,0.0288
0,0.1752,0.0421,0.0294,0.0288
1,0.4227,0.0421,0.0294,0.0288
2,0.2959,0.0421,0.0294,0.0288
3,0.2959,0.0421,0.0206,0.0288
4,0.2071,0.0421,0.0206,0.0288
5,0.1450,0.0421,0.0206,0.0288
6,0.1015,0.0421,0.0206,0.0288
0,0.1015,0.0421,0.0206,0.0288
1,0.3710,0.0421,0.0206,0.0288
2,0.2597,0.0421,0.0206,0.0288
3,0.1818,0.0421,0.0206,0.0288
4,0.1273,0.0421,0.0206,0.0288
5,0.0891,0.0421,0.0206,0.0288
6,0.0624,0.0421,0.0206,0.0288
0,0.0624,0.0421,0.0206,0.0288
1,0.3437,0.0421,0.0206,0.0288
2,0.2406,0.0421,0.0206,0.0288
3,0.1684,0.0421,0.0206,0.0288
4,0.1684,0.0421,0.0144,0.0288
5,0.1179,0.0421,0.0144,0.0288
6,0.0825,0.0421,0.0144,0.0288
0,0.0825,0.0421,0.0144,0.0288
1,0.3578,0.0421,0.0144,0.0288
2,0.2504,0.0421,0.0144,0.0288
3,0.1753,0.0421,0.0144,0.0288
4,0.1227,0.0421,0.0144,0.0288
5,0.0859,0.0421,0.0144,0.0288
6,0.0601,0.0421,0.0144,0.0288
0,0.0601,0.0421,0.0144,0.0288
1,0.3421,0.0421,0.0144,0.0288
2,0.2395,0.0421,0.0144,0.0288
3,0.1676,0.0421,0.0144,0.0288
4,0.1173,0.0421,0.0144,0.0288
5,0.0821,0.0421,0.0144,0.0288
6,0.0575,0.0421,0.0144,0.0288
0,0.0575,0.0421,0.0144,0.0288
1,0.0575,0.0421,0.0144,0.0202
2,0.3402,0.0421,0.0144,0.0202
3,0.2382,0.0421,0.0144,0.0202
4,0.1667,0.0421,0.0144,0.0202
5,0.1167,0.0421,0.0144,0.0202
6,0.0817,0.0421,0.0144,0.0202
7,0.0572,0.0421,0.0144,0.0202
0,0.0572,0.0421,0.0144,0.0202
1,0.3400,0.0421,0.0144,0.0202
2,0.2380,0.0421,0.0144,0.0202
3,0.1666,0.0421,0.0144,0.0202
4,0.1666,0.0421,0.0144,0.0141
5,0.1166,0.0421,0.0144,0.0141
6,0.0816,0.0421,0.0144,0.0141
0,0.0816,0.0421,0.0144,0.0141
1,0.3571,0.0421,0.0144,0.0141
2,0.2500,0.0421,0.0144,0.0141
3,0.2500,0.3295,0.0144,0.0141
4,0.2500,0.2306,0.0144,0.0141
5,0.4750,0.2306,0.0144,0.0141
6,0.3325,0.2306,0.0144,0.0141
7,0.2328,0.2306,0.0144,0.0141
8,0.1629,0.2306,0.0144,0.0141
9,0.1140,0.2306,0.0144,0.0141
10,0.1140,0.1615,0.0144,0.0141
0,0.1140,0.1615,0.0144,0.0141
1,0.1140,0.4130,0.0144,0.0141
2,0.1140,0.2891,0.0144,0.0141
3,0.1140,0.2024,0.0144,0.0141
4,0.1140,0.1417,0.0144,0.0141
5,0.1140,0.0992,0.0144,0.0141
6,0.1140,0.0992,0.0101,0.0141
0,0.1140,0.0992,0.0101,0.0141
1,0.3798,0.0992,0.0101,0.0141
2,0.3798,0.0694,0.0101,0.0141
3,0.2659,0.0694,0.0101,0.0141
4,0.1861,0.0694,0.0101,0.0141
5,0.1861,0.0694,0.0071,0.0141
6,0.1303,0.0694,0.0071,0.0141
0,0.1303,0.0694,0.0071,0.0141
1,0.3912,0.0694,0.0071,0.0141
2,0.2738,0.0694,0.0071,0.0141
3,0.1917,0.0694,0.0071,0.0141
4,0.1342,0.0694,0.0071,0.0141
5,0.0939,0.0694,0.0071,0.0141
6,0.0657,0.0694,0.0071,0.0141
0,0.0657,0.0694,0.0071,0.0141
1,0.3460,0.0694,0.0071,0.0141
2,0.2422,0.0694,0.0071,0.0141
3,0.1696,0.0694,0.0071,0.0141
4,0.1187,0.0694,0.0071,0.0141
5,0.0831,0.0694,0.0071,0.0141
6,0.0582,0.0694,0.0071,0.0141
0,0.0582,0.0694,0.0071,0.0141
1,0.0582,0.3486,0.0071,0.0141
2,0.0582,0.2440,0.0071,0.0141
3,0.0582,0.1708,0.0071,0.0141
4,0.0582,0.1196,0.0071,0.0141
5,0.0582,0.0837,0.0071,0.0141
6,0.0582,0.0586,0.0071,0.0141
0,0.0582,0.0586,0.0071,0.0141
1,0.0582,0.3410,0.0071,0.0141
2,0.0582,0.2387,0.0071,0.0141
3,0.0582,0.1671,0.0071,0.0141
4,0.0582,0.1170,0.0071,0.0141
5,0.0582,0.0819,0.0071,0.0141
6,0.0582,0.0573,0.0071,0.0141
0,0.0582,0.0573,0.0071,0.0141
1,0.0582,0.0573,0.0071,0.0099
2,0.3407,0.0573,0.0071,0.0099
3,0.2385,0.0573,0.0071,0.0099
4,0.1669,0.0573,0.0071,0.0099
5,0.1669,0.0573,0.0071,0.0069
6,0.1169,0.0573,0.0071,0.0069
7,0.0818,0.0573,0.0071,0.0069
0,0.0818,0.0573,0.0071,0.0069
1,0.3573,0.0573,0.0071,0.0069
2,0.2501,0.0573,0.0071,0.0069
3,0.1751,0.0573,0.0071,0.0069
4,0.1751,0.0573,0.0049,0.0069
5,0.1225,0.0573,0.0049,0.0069
6,0.0858,0.0573,0.0049,0.0069
0,0.0858,0.0573,0.0049,0.0069
1,0.3600,0.0573,0.0049,0.0069
2,0.3600,0.0401,0.0049,0.0069
3,0.2520,0.0401,0.0049,0.0069
4,0.1764,0.0401,0.0049,0.0069
5,0.1235,0.0401,0.0049,0.0069
6,0.0864,0.0401,0.0049,0.0069
0,0.0864,0.0401,0.0049,0.0069
1,0.3605,0.0401,0.0049,0.0069
2,0.2524,0.0401,0.0049,0.0069
3,0.1767,0.0401,0.0049,0.0069
4,0.1237,0.0401,0.0049,0.0069
5,0.0866,0.0401,0.0049,0.0069
6,0.0606,0.0401,0.0049,0.0069
0,0.0606,0.0401,0.0049,0.0069
1,0.0606,0.0401,0.0049,0.0048
2,0.3424,0.0401,0.0049,0.0048
3,0.2397,0.0401,0.0049,0.0048
4,0.1678,0.0401,0.0049,0.0048
5,0.1174,0.0401,0.0049,0.0048
6,0.0822,0.0401,0.0049,0.0048
7,0.0575,0.0401,0.0049,0.0048
0,0.0575,0.0401,0.0049,0.0048
1,0.3403,0.0401,0.0049,0.0048
2,0.3403,0.0281,0.0049,0.0048
3,0.2382,0.0281,0.0049,0.0048
4,0.1667,0.0281,0.0049,0.0048
5,0.1167,0.0281,0.0049,0.0048
6,0.0817,0.0281,0.0049,0.0048
0,0.0817,0.0281,0.0049,0.0048
1,0.0817,0.0281,0.0049,0.0034
2,0.3572,0.0281,0.0049,0.0034
3,0.2500,0.0281,0.0049,0.0034
4,0.1750,0.0281,0.0049,0.0034
5,0.1750,0.0197,0.0049,0.0034
6,0.1225,0.0197,0.0049,0.0034
7,0.0858,0.0197,0.0049,0.0034
0,0.0858,0.0197,0.0049,0.0034
1,0.3600,0.0197,0.0049,0.0034
2,0.2520,0.0197,0.0049,0.0034
3,0.1764,0.0197,0.0049,0.0034
4,0.1764,0.0197,0.0035,0.0034
5,0.1235,0.0197,0.0035,0.0034
6,0.0864,0.0197,0.0035,0.0034
0,0.0864,0.0197,0.0035,0.0034
1,0.3605,0.0197,0.0035,0.0034
2,0.2524,0.0197,0.0035,0.0034
3,0.2524,0.0197,0.0035,0.0024
4,0.2524,0.3138,0.0035,0.0024
5,0.2524,0.2196,0.0035,0.0024
6,0.2524,0.1537,0.0035,0.0024
7,0.4767,0.1537,0.0035,0.0024
8,0.3337,0.1537,0.0035,0.0024
9,0.2336,0.1537,0.0035,0.0024
10,0.1635,0.1537,0.0035,0.0024
0,0.1635,0.1537,0.0035,0.0024
1,0.4144,0.1537,0.0035,0.0024
2,0.2901,0.1537,0.0035,0.0024
3,0.2901,0.1537,0.0024,0.0024
4,0.2031,0.1537,0.0024,0.0024
5,0.1422,0.1537,0.0024,0.0024
6,0.1422,0.1076,0.0024,0.0024
0,0.1422,0.1076,0.0024,0.0024
1,0.3995,0.1076,0.0024,0.0024
2,0.2797,0.1076,0.0024,0.0024
3,0.1958,0.1076,0.0024,0.0024
4,0.1958,0.1076,0.0024,0.0017
5,0.1370,0.1076,0.0024,0.0017
6,0.1370,0.1076,0.0024,0.0012
0,0.1370,0.1076,0.0024,0.0012
1,0.3959,0.1076,0.0024,0.0012
2,0.2771,0.1076,0.0024,0.0012
3,0.1940,0.1076,0.0024,0.0012
4,0.1358,0.1076,0.0024,0.0012
5,0.0951,0.1076,0.0024,0.0012
6,0.0951,0.0753,0.0024,0.0012
0,0.0951,0.0753,0.0024,0.0012
1,0.3665,0.0753,0.0024,0.0012
2,0.2566,0.0753,0.0024,0.0012
3,0.1796,0.0753,0.0024,0.0012
4,0.1257,0.0753,0.0024,0.0012
5,0.0880,0.0753,0.0024,0.0012
6,0.0616,0.0753,0.0024,0.0012
0,0.0616,0.0753,0.0024,0.0012
1,0.0616,0.3527,0.0024,0.0012
2,0.0616,0.2469,0.0024,0.0012
3,0.0616,0.1728,0.0024,0.0012
4,0.0616,0.1210,0.0024,0.0012
5,0.0616,0.0847,0.0024,0.0012
6,0.0616,0.0847,0.0024,0.0008
0,0.0616,0.0847,0.0024,0.0008
1,0.0616,0.3593,0.0024,0.0008
2,0.0616,0.3593,0.0024,0.0006
3,0.0616,0.2515,0.0024,0.0006
4,0.0616,0.1760,0.0024,0.0006
5,0.0616,0.1232,0.0024,0.0006
6,0.3431,0.1232,0.0024,0.0006
7,0.2402,0.1232,0.0024,0.0006
8,0.1681,0.1232,0.0024,0.0006
9,0.1177,0.1232,0.0024,0.0006
10,0.1177,0.0863,0.0024,0.0006
0,0.1177,0.0863,0.0024,0.0006
1,0.3824,0.0863,0.0024,0.0006
2,0.3824,0.0604,0.0024,0.0006
3,0.3824,0.0423,0.0024,0.0006
4,0.2677,0.0423,0.0024,0.0006
5,0.1874,0.0423,0.0024,0.0006
6,0.1312,0.0423,0.0024,0.0006
0,0.1312,0.0423,0.0024,0.0006
1,0.3918,0.0423,0.0024,0.0006
2,0.2743,0.0423,0.0024,0.0006
3,0.1920,0.0423,0.0024,0.0006
4,0.1344,0.0423,0.0024,0.0006
5,0.0941,0.0423,0.0024,0.0006
6,0.0659,0.0423,0.0024,0.0006
0,0.0659,0.0423,0.0024,0.0006
1,0.3461,0.0423,0.0024,0.0006
2,0.2423,0.0423,0.0024,0.0006
3,0.1696,0.0423,0.0024,0.0006
4,0.1187,0.0423,0.0024,0.0006
5,0.0831,0.0423,0.0024,0.0006
6,0.0831,0.3296,0.0024,0.0006
7,0.0831,0.2307,0.0024,0.0006
8,0.0831,0.1615,0.0024,0.0006
9,0.0831,0.1130,0.0024,0.0006
10,0.0831,0.0791,0.0024,0.0006
0,0.0831,0.0791,0.0024,0.0006
1,0.0831,0.3554,0.0024,0.0006
2,0.0831,0.2488,0.0024,0.0006
3,0.0831,0.1741,0.0024,0.0006
4,0.0831,0.1219,0.0024,0.0006
5,0.0831,0.1219,0.3017,0.0006
6,0.0831,0.1219,0.3017,0.0004
7,0.0831,0.1219,0.2112,0.0004
8,0.0831,0.1219,0.1478,0.0004
9,0.0831,0.1219,0.1035,0.0004
10,0.0831,0.1219,0.1035,0.0003
0,0.0831,0.1219,0.1035,0.0003
1,0.0831,0.3853,0.1035,0.0003
2,0.0831,0.2697,0.1035,0.0003
3,0.0831,0.1888,0.1035,0.0003
4,0.0831,0.1322,0.1035,0.0003
5,0.0831,0.0925,0.1035,0.0003
6,0.0831,0.0925,0.3724,0.0003
7,0.0831,0.0925,0.2607,0.0003
8,0.0831,0.0925,0.1825,0.0003
9,0.0831,0.0648,0.1825,0.0003
10,0.0831,0.0453,0.1825,0.0003
0,0.0831,0.0453,0.1825,0.0003
1,0.3582,0.0453,0.1825,0.0003
2,0.3582,0.0453,0.1277,0.0003
3,0.2507,0.0453,0.1277,0.0003
4,0.1755,0.0453,0.1277,0.0003
5,0.1755,0.0453,0.1277,0.0002
6,0.1229,0.0453,0.1277,0.0002
0,0.1229,0.0453,0.1277,0.0002
1,0.1229,0.0453,0.0894,0.0002
2,0.3860,0.0453,0.0894,0.0002
3,0.2702,0.0453,0.0894,0.0002
4,0.1891,0.0453,0.0894,0.0002
5,0.1324,0.0453,0.0894,0.0002
6,0.0927,0.0453,0.0894,0.0002
7,0.0649,0.0453,0.0894,0.0002
0,0.0649,0.0453,0.0894,0.0002
1,0.0649,0.0453,0.3626,0.0002
2,0.0649,0.0453,0.3626,0.0001
3,0.0649,0.0453,0.2538,0.0001
4,0.0649,0.0453,0.1777,0.0001
5,0.0649,0.0453,0.1244,0.0001
6,0.0649,0.0453,0.0871,0.0001
0,0.0649,0.0453,0.0871,0.0001
1,0.0649,0.0453,0.0871,0.0001
2,0.0649,0.0453,0.0871,0.0001
3,0.0649,0.0453,0.0609,0.0001
4,0.3454,0.0453,0.0609,0.0001
5,0.2418,0.0453,0.0609,0.0001
6,0.1693,0.0453,0.0609,0.0001
7,0.1693,0.0317,0.0609,0.0001
8,0.1185,0.0317,0.0609,0.0001
9,0.0829,0.0317,0.0609,0.0001
0,0.0829,0.0317,0.0609,0.0001
1,0.3581,0.0317,0.0609,0.0001
2,0.2506,0.0317,0.0609,0.0001
3,0.1754,0.0317,0.0609,0.0001
4,0.1228,0.0317,0.0609,0.0001
5,0.0860,0.0317,0.0609,0.0001
6,0.0602,0.0317,0.0609,0.0001
0,0.0602,0.0317,0.0609,0.0001
1,0.0602,0.0317,0.0609,0.0000
2,0.0602,0.0317,0.3427,0.0000
3,0.0602,0.0222,0.3427,0.0000
4,0.0602,0.0222,0.2399,0.0000
5,0.0602,0.0222,0.1679,0.0000
6,0.0602,0.0222,0.1175,0.0000
7,0.0602,0.0222,0.0823,0.0000
0,0.0602,0.0222,0.0823,0.0000
1,0.0602,0.0222,0.0576,0.0000
2,0.3421,0.0222,0.0576,0.0000
3,0.2395,0.0222,0.0576,0.0000
4,0.2395,0.0222,0.0576,0.0000
5,0.1676,0.0222,0.0576,0.0000
6,0.1173,0.0222,0.0576,0.0000
7,0.1173,0.0222,0.0576,0.0000
0,0.1173,0.0222,0.0576,0.0000
1,0.1173,0.3155,0.0576,0.0000
2,0.1173,0.2209,0.0576,0.0000
3,0.1173,0.1546,0.0576,0.0000
4,0.1173,0.1082,0.0576,0.0000
5,0.3821,0.1082,0.0576,0.0000
6,0.2675,0.1082,0.0576,0.0000
7,0.1873,0.1082,0.0576,0.0000
8,0.1873,0.3758,0.0576,0.0000
9,0.1873,0.3758,0.0576,0.0000
10,0.1873,0.2630,0.0576,0.0000
0,0.1873,0.2630,0.0576,0.0000
1,0.1873,0.4841,0.0576,0.0000
2,0.1873,0.3389,0.0576,0.0000
3,0.1873,0.2372,0.0576,0.0000
4,0.1873,0.2372,0.0576,0.0000
5,0.1873,0.1661,0.0576,0.0000
6,0.4311,0.1661,0.0576,0.0000
7,0.3018,0.1661,0.0576,0.0000
8,0.2112,0.1661,0.0576,0.0000
9,0.1479,0.1661,0.0576,0.0000
10,0.1035,0.1661,0.0576,0.0000
0,0.1035,0.1661,0.0576,0.0000
1,0.3725,0.1661,0.0576,0.0000
2,0.2607,0.1661,0.0576,0.0000
3,0.1825,0.1661,0.0576,0.0000
4,0.1278,0.1661,0.0576,0.0000
5,0.1278,0.1162,0.0576,0.0000
6,0.0894,0.1162,0.0576,0.0000
0,0.0894,0.1162,0.0576,0.0000
1,0.0894,0.0814,0.0576,0.0000
2,0.3626,0.0814,0.0576,0.0000
3,0.2538,0.0814,0.0576,0.0000
4,0.1777,0.0814,0.0576,0.0000
5,0.1244,0.0814,0.0576,0.0000
6,0.0871,0.0814,0.0576,0.0000
7,0.0609,0.0814,0.0576,0.0000
0,0.0609,0.0814,0.0576,0.0000
1,0.0609,0.3570,0.0576,0.0000
2,0.0609,0.2499,0.0576,0.0000
3,0.0609,0.1749,0.0576,0.0000
4,0.0609,0.1224,0.0576,0.0000
5,0.0609,0.0857,0.0576,0.0000
6,0.0609,0.0600,0.0576,0.0000
0,0.0609,0.0600,0.0576,0.0000
1,0.3427,0.0600,0.0576,0.0000
2,0.2399,0.0600,0.0576,0.0000
3,0.1679,0.0600,0.0576,0.0000
4,0.1679,0.0420,0.0576,0.0000
5,0.1175,0.0420,0.0576,0.0000
6,0.1175,0.0420,0.0403,0.0000
0,0.1175,0.0420,0.0403,0.0000
1,0.3823,0.0420,0.0403,0.0000
2,0.3823,0.0294,0.0403,0.0000
3,0.3823,0.0294,0.0282,0.0000
4,0.3823,0.0206,0.0282,0.0000
5,0.2676,0.0206,0.0282,0.0000
6,0.2676,0.0206,0.0198,0.0000
0,0.2676,0.0206,0.0198,0.0000
1,0.1873,0.0206,0.0198,0.0000
2,0.1873,0.3144,0.0198,0.0000
3,0.1873,0.2201,0.0198,0.0000
4,0.1873,0.1541,0.0198,0.0000
5,0.4311,0.1541,0.0198,0.0000
6,0.3018,0.1541,0.0198,0.0000
7,0.2112,0.1541,0.0198,0.0000
8,0.1479,0.1541,0.0198,0.0000
9,0.1479,0.4078,0.0198,0.0000
10,0.1479,0.2855,0.0198,0.0000
0,0.1479,0.2855,0.0198,0.0000
1,0.1479,0.4998,0.0198,0.0000
2,0.1479,0.3499,0.0198,0.0000
3,0.1479,0.3499,0.3138,0.0000
4,0.1479,0.5449,0.3138,0.0000
5,0.1479,0.3814,0.3138,0.0000
6,0.1479,0.2670,0.3138,0.0000
7,0.1479,0.2670,0.2197,0.0000
8,0.1479,0.1869,0.2197,0.0000
9,0.1479,0.1869,0.1538,0.0000
0,0.1479,0.1869,0.1538,0.0000
1,0.1479,0.4308,0.1538,0.0000
2,0.1479,0.3016,0.1538,0.0000
3,0.1479,0.2111,0.1538,0.0000
4,0.1479,0.2111,0.4076,0.0000
5,0.1479,0.2111,0.2853,0.0000
6,0.1479,0.2111,0.1997,0.0000
7,0.1479,0.4478,0.1997,0.0000
8,0.1479,0.3134,0.1997,0.0000
9,0.4035,0.3134,0.1997,0.0000
10,0.2825,0.3134,0.1997,0.0000
0,0.2825,0.3134,0.1997,0.0000
1,0.2825,0.5194,0.1997,0.0000
2,0.2825,0.3636,0.1997,0.0000
3,0.2825,0.2545,0.1997,0.0000
4,0.4977,0.2545,0.1997,0.0000
5,0.3484,0.2545,0.1997,0.0000
6,0.2439,0.2545,0.1997,0.0000
7,0.2439,0.2545,0.1997,0.0000
8,0.2439,0.1782,0.1997,0.0000
9,0.1707,0.1782,0.1997,0.0000
0,0.1707,0.1782,0.1997,0.0000
1,0.1707,0.1782,0.4398,0.0000
2,0.1707,0.1782,0.3079,0.0000
3,0.1707,0.1782,0.2155,0.0000
4,0.1707,0.1782,0.1509,0.0000
5,0.1707,0.4247,0.1509,0.0000
6,0.1707,0.2973,0.1509,0.0000
7,0.1707,0.2081,0.1509,0.0000
8,0.1707,0.1457,0.1509,0.0000
9,0.1707,0.1457,0.1056,0.0000
10,0.4195,0.1457,0.1056,0.0000
0,0.4195,0.1457,0.1056,0.0000
1,0.4195,0.1457,0.1056,0.0000
2,0.5937,0.1457,0.1056,0.0000
3,0.4156,0.1457,0.1056,0.0000
4,0.4156,0.1457,0.1056,0.0000
5,0.2909,0.1457,0.1056,0.0000
6,0.2909,0.1457,0.1056,0.0000
7,0.2036,0.1457,0.1056,0.0000
0,0.2036,0.1457,0.1056,0.0000
1,0.4425,0.1457,0.1056,0.0000
2,0.4425,0.1457,0.0739,0.0000
3,0.3098,0.1457,0.0739,0.0000
4,0.2168,0.1457,0.0739,0.0000
5,0.1518,0.1457,0.0739,0.0000
6,0.1518,0.1457,0.0739,0.0000
0,0.1518,0.1457,0.0739,0.0000
1,0.4063,0.1457,0.0739,0.0000
2,0.2844,0.1457,0.0739,0.0000
3,0.1991,0.1457,0.0739,0.0000
4,0.1393,0.1457,0.0739,0.0000
5,0.1393,0.1020,0.0739,0.0000
6,0.0975,0.1020,0.0739,0.0000
0,0.0975,0.1020,0.0739,0.0000
1,0.0975,0.3714,0.0739,0.0000
2,0.0975,0.2600,0.0739,0.0000
3,0.3683,0.2600,0.0739,0.0000
4,0.2578,0.2600,0.0739,0.0000
5,0.2578,0.1820,0.0739,0.0000
6,0.1805,0.1820,0.0739,0.0000
7,0.1805,0.1820,0.0739,0.0000
8,0.1805,0.1820,0.0517,0.0000
0,0.1805,0.1820,0.0517,0.0000
1,0.1805,0.4274,0.0517,0.0000
2,0.1805,0.2992,0.0517,0.0000
3,0.1805,0.2094,0.0517,0.0000
4,0.1805,0.1466,0.0517,0.0000
5,0.4263,0.1466,0.0517,0.0000
6,0.2984,0.1466,0.0517,0.0000
7,0.2089,0.1466,0.0517,0.0000
8,0.1462,0.1466,0.0517,0.0000
9,0.1462,0.1466,0.0362,0.0000
10,0.1462,0.1026,0.0362,0.0000
0,0.1462,0.1026,0.0362,0.0000
1,0.4024,0.1026,0.0362,0.0000
2,0.2817,0.1026,0.0362,0.0000
3,0.1972,0.1026,0.0362,0.0000
4,0.1380,0.1026,0.0362,0.0000
5,0.0966,0.1026,0.0362,0.0000
6,0.0966,0.0718,0.0362,0.0000
0,0.0966,0.0718,0.0362,0.0000
1,0.3676,0.0718,0.0362,0.0000
2,0.2573,0.0718,0.0362,0.0000
3,0.1801,0.0718,0.0362,0.0000
4,0.1261,0.0718,0.0362,0.0000
5,0.0883,0.0718,0.0362,0.0000
6,0.0618,0.0718,0.0362,0.0000
0,0.0618,0.0718,0.0362,0.0000
1,0.0618,0.3503,0.0362,0.0000
2,0.0618,0.2452,0.0362,0.0000
3,0.0618,0.1716,0.0362,0.0000
4,0.0618,0.1201,0.0362,0.0000
5,0.0618,0.0841,0.0362,0.0000
6,0.0618,0.0589,0.0362,0.0000
0,0.0618,0.0589,0.0362,0.0000
1,0.3433,0.0589,0.0362,0.0000
2,0.2403,0.0589,0.0362,0.0000
3,0.1682,0.0589,0.0362,0.0000
4,0.1177,0.0589,0.0362,0.0000
5,0.0824,0.0589,0.0362,0.0000
6,0.0577,0.0589,0.0362,0.0000
0,0.0577,0.0589,0.0362,0.0000
1,0.3404,0.0589,0.0362,0.0000
2,0.2383,0.0589,0.0362,0.0000
3,0.1668,0.0589,0.0362,0.0000
4,0.1668,0.0589,0.0254,0.0000
5,0.1168,0.0589,0.0254,0.0000
6,0.0817,0.0589,0.0254,0.0000
0,0.0817,0.0589,0.0254,0.0000
1,0.3572,0.0589,0.0254,0.0000
2,0.2500,0.0589,0.0254,0.0000
3,0.1750,0.0589,0.0254,0.0000
4,0.1225,0.0589,0.0254,0.0000
5,0.0858,0.0589,0.0254,0.0000
6,0.0600,0.0589,0.0254,0.0000
0,0.0600,0.0589,0.0254,0.0000
1,0.3420,0.0589,0.0254,0.0000
2,0.2394,0.0589,0.0254,0.0000
3,0.1676,0.0589,0.0254,0.0000
4,0.1173,0.0589,0.0254,0.0000
5,0.0821,0.0589,0.0254,0.0000
6,0.0575,0.0589,0.0254,0.0000
0,0.0575,0.0589,0.0254,0.0000
1,0.0575,0.3412,0.0254,0.0000
2,0.0575,0.2388,0.0254,0.0000
3,0.0575,0.1672,0.0254,0.0000
4,0.0575,0.1170,0.0254,0.0000
5,0.0575,0.0819,0.0254,0.0000
6,0.0575,0.0573,0.0254,0.0000
0,0.0575,0.0573,0.0254,0.0000
1,0.3402,0.0573,0.0254,0.0000
2,0.2382,0.0573,0.0254,0.0000
3,0.1667,0.0573,0.0254,0.0000
4,0.1167,0.0573,0.0254,0.0000
5,0.1167,0.0573,0.0254,0.0000
6,0.1167,0.0401,0.0254,0.0000
0,0.1167,0.0401,0.0254,0.0000
1,0.3817,0.0401,0.0254,0.0000
2,0.2672,0.0401,0.0254,0.0000
3,0.1870,0.0401,0.0254,0.0000
4,0.1309,0.0401,0.0254,0.0000
5,0.0916,0.0401,0.0254,0.0000
6,0.0916,0.0401,0.0177,0.0000
0,0.0916,0.0401,0.0177,0.0000
1,0.3642,0.0401,0.0177,0.0000
2,0.2549,0.0401,0.0177,0.0000
3,0.1784,0.0401,0.0177,0.0000
4,0.1249,0.0401,0.0177,0.0000
5,0.0874,0.0401,0.0177,0.0000
6,0.0612,0.0401,0.0177,0.0000
0,0.0612,0.0401,0.0177,0.0000
1,0.0612,0.3281,0.0177,0.0000
2,0.0612,0.2297,0.0177,0.0000
3,0.0612,0.1608,0.0177,0.0000
4,0.0612,0.1125,0.0177,0.0000
5,0.0612,0.0788,0.0177,0.0000
6,0.0612,0.0551,0.0177,0.0000
0,0.0612,0.0551,0.0177,0.0000
1,0.3428,0.0551,0.0177,0.0000
2,0.2400,0.0551,0.0177,0.0000
3,0.1680,0.0551,0.0177,0.0000
4,0.1176,0.0551,0.0177,0.0000
5,0.0823,0.0551,0.0177,0.0000
6,0.0576,0.0551,0.0177,0.0000
0,0.0576,0.0551,0.0177,0.0000
1,0.3403,0.0551,0.0177,0.0000
2,0.2382,0.0551,0.0177,0.0000
3,0.1668,0.0551,0.0177,0.0000
4,0.1668,0.0386,0.0177,0.0000
5,0.1167,0.0386,0.0177,0.0000
6,0.1167,0.0270,0.0177,0.0000
0,0.1167,0.0270,0.0177,0.0000
1,0.3817,0.0270,0.0177,0.0000
2,0.2672,0.0270,0.0177,0.0000
3,0.1870,0.0270,0.0177,0.0000
4,0.1309,0.0270,0.0177,0.0000
5,0.1309,0.0270,0.0124,0.0000
6,0.0916,0.0270,0.0124,0.0000
0,0.0916,0.0270,0.0124,0.0000
1,0.3642,0.0270,0.0124,0.0000
2,0.2549,0.0270,0.0124,0.0000
3,0.2549,0.0189,0.0124,0.0000
4,0.1784,0.0189,0.0124,0.0000
5,0.1249,0.0189,0.0124,0.0000
6,0.0874,0.0189,0.0124,0.0000
0,0.0874,0.0189,0.0124,0.0000
1,0.3612,0.0189,0.0124,0.0000
2,0.2528,0.0189,0.0124,0.0000
3,0.1770,0.0189,0.0124,0.0000
4,0.1239,0.0189,0.0124,0.0000
5,0.0867,0.0189,0.0124,0.0000
6,0.0607,0.0189,0.0124,0.0000
0,0.0607,0.0189,0.0124,0.0000
1,0.3425,0.0189,0.0124,0.0000
2,0.2397,0.0189,0.0124,0.0000
3,0.1678,0.0189,0.0124,0.0000
4,0.1175,0.0189,0.0124,0.0000
5,0.0822,0.0189,0.0124,0.0000
6,0.0576,0.0189,0.0124,0.0000
0,0.0576,0.0189,0.0124,0.0000
1,0.0576,0.0189,0.0124,0.0000
2,0.3403,0.0189,0.0124,0.0000
3,0.2382,0.0189,0.0124,0.0000
4,0.1667,0.0189,0.0124,0.0000
5,0.1167,0.0189,0.0124,0.0000
6,0.0817,0.0189,0.0124,0.0000
7,0.0572,0.0189,0.0124,0.0000
0,0.0572,0.0189,0.0124,0.0000
1,0.3400,0.0189,0.0124,0.0000
2,0.2380,0.0189,0.0124,0.0000
3,0.1666,0.0189,0.0124,0.0000
4,0.1666,0.0132,0.0124,0.0000
5,0.1166,0.0132,0.0124,0.0000
6,0.0816,0.0132,0.0124,0.0000
0,0.0816,0.0132,0.0124,0.0000
1,0.3571,0.0132,0.0124,0.0000
2,0.2500,0.0132,0.0124,0.0000
3,0.2500,0.0093,0.0124,0.0000
4,0.1750,0.0093,0.0124,0.0000
5,0.1225,0.0093,0.0124,0.0000
6,0.0858,0.0093,0.0124,0.0000
0,0.0858,0.0093,0.0124,0.0000
1,0.0858,0.0093,0.3087,0.0000
2,0.0858,0.0093,0.2161,0.0000
3,0.0858,0.0093,0.1513,0.0000
4,0.0858,0.0065,0.1513,0.0000
5,0.0858,0.0065,0.1059,0.0000
6,0.3600,0.0065,0.1059,0.0000
7,0.2520,0.0065,0.1059,0.0000
8,0.1764,0.0065,0.1059,0.0000
9,0.1235,0.0065,0.1059,0.0000
10,0.1235,0.0065,0.1059,0.0000
0,0.1235,0.0065,0.1059,0.0000
1,0.3864,0.0065,0.1059,0.0000
2,0.2705,0.0065,0.1059,0.0000
3,0.1894,0.0065,0.1059,0.0000
4,0.1325,0.0065,0.1059,0.0000
5,0.0928,0.0065,0.1059,0.0000
6,0.0928,0.0065,0.0741,0.0000
0,0.0928,0.0065,0.0741,0.0000
1,0.3649,0.0065,0.0741,0.0000
2,0.3649,0.0065,0.0519,0.0000
3,0.3649,0.0065,0.0519,0.0000
4,0.3649,0.3045,0.0519,0.0000
5,0.5555,0.3045,0.0519,0.0000
6,0.3888,0.3045,0.0519,0.0000
7,0.2722,0.3045,0.0519,0.0000
8,0.2722,0.2132,0.0519,0.0000
9,0.1905,0.2132,0.0519,0.0000
10,0.1905,0.1492,0.0519,0.0000
0,0.1905,0.1492,0.0519,0.0000
1,0.4334,0.1492,0.0519,0.0000
2,0.3034,0.1492,0.0519,0.0000
3,0.2123,0.1492,0.0519,0.0000
4,0.1486,0.1492,0.0519,0.0000
5,0.1041,0.1492,0.0519,0.0000
6,0.1041,0.1045,0.0519,0.0000
0,0.1041,0.1045,0.0519,0.0000
1,0.1041,0.3731,0.0519,0.0000
2,0.1041,0.2612,0.0519,0.0000
3,0.1041,0.1828,0.0519,0.0000
4,0.1041,0.1828,0.0363,0.0000
5,0.1041,0.1280,0.0363,0.0000
6,0.1041,0.0896,0.0363,0.0000
0,0.1041,0.0896,0.0363,0.0000
1,0.1041,0.0896,0.0363,0.0000
2,0.3728,0.0896,0.0363,0.0000
3,0.2610,0.0896,0.0363,0.0000
4,0.1827,0.0896,0.0363,0.0000
5,0.1279,0.0896,0.0363,0.0000
6,0.0895,0.0896,0.0363,0.0000
7,0.0895,0.0627,0.0363,0.0000
0,0.0895,0.0627,0.0363,0.0000
1,0.3627,0.0627,0.0363,0.0000
2,0.2539,0.0627,0.0363,0.0000
3,0.1777,0.0627,0.0363,0.0000
4,0.1244,0.0627,0.0363,0.0000
5,0.0871,0.0627,0.0363,0.0000
6,0.0871,0.0627,0.0254,0.0000
0,0.0871,0.0627,0.0254,0.0000
1,0.3610,0.0627,0.0254,0.0000
2,0.2527,0.0627,0.0254,0.0000
3,0.1769,0.0627,0.0254,0.0000
4,0.1238,0.0627,0.0254,0.0000
5,0.0867,0.0627,0.0254,0.0000
6,0.0867,0.0627,0.0178,0.0000
0,0.0867,0.0627,0.0178,0.0000
1,0.3607,0.0627,0.0178,0.0000
2,0.2525,0.0627,0.0178,0.0000
3,0.1767,0.0627,0.0178,0.0000
4,0.1237,0.0627,0.0178,0.0000
5,0.0866,0.0627,0.0178,0.0000
6,0.0606,0.0627,0.0178,0.0000
0,0.0606,0.0627,0.0178,0.0000
1,0.0606,0.3439,0.0178,0.0000
2,0.3424,0.3439,0.0178,0.0000
3,0.2397,0.3439,0.0178,0.0000
4,0.1678,0.3439,0.0178,0.0000
5,0.1678,0.2407,0.0178,0.0000
6,0.1678,0.1685,0.0178,0.0000
7,0.1678,0.1180,0.0178,0.0000
0,0.1678,0.1180,0.0178,0.0000
1,0.4175,0.1180,0.0178,0.0000
2,0.2922,0.1180,0.0178,0.0000
3,0.2046,0.1180,0.0178,0.0000
4,0.1432,0.1180,0.0178,0.0000
5,0.1002,0.1180,0.0178,0.0000
6,0.1002,0.0826,0.0178,0.0000
0,0.1002,0.0826,0.0178,0.0000
1,0.3702,0.0826,0.0178,0.0000
2,0.2591,0.0826,0.0178,0.0000
3,0.1814,0.0826,0.0178,0.0000
4,0.1270,0.0826,0.0178,0.0000
5,0.0889,0.0826,0.0178,0.0000
6,0.0622,0.0826,0.0178,0.0000
0,0.0622,0.0826,0.0178,0.0000
1,0.0622,0.3578,0.0178,0.0000
2,0.0622,0.2505,0.0178,0.0000
3,0.0622,0.1753,0.0178,0.0000
4,0.3435,0.1753,0.0178,0.0000
5,0.2405,0.1753,0.0178,0.0000
6,0.1683,0.1753,0.0178,0.0000
7,0.1683,0.4227,0.0178,0.0000
8,0.1683,0.2959,0.0178,0.0000
9,0.1683,0.2071,0.0178,0.0000
10,0.1683,0.1450,0.0178,0.0000
0,0.1683,0.1450,0.0178,0.0000
1,0.4178,0.1450,0.0178,0.0000
2,0.2925,0.1450,0.0178,0.0000
3,0.2925,0.1450,0.0125,0.0000
4,0.2047,0.1450,0.0125,0.0000
5,0.2047,0.1450,0.0087,0.0000
6,0.1433,0.1450,0.0087,0.0000
0,0.1433,0.1450,0.0087,0.0000
1,0.1433,0.4015,0.0087,0.0000
2,0.1433,0.2810,0.0087,0.0000
3,0.1433,0.1967,0.0087,0.0000
4,0.1433,0.1377,0.0087,0.0000
5,0.4003,0.1377,0.0087,0.0000
6,0.2802,0.1377,0.0087,0.0000
7,0.1962,0.1377,0.0087,0.0000
8,0.1373,0.1377,0.0087,0.0000
9,0.1373,0.0964,0.0087,0.0000
10,0.0961,0.0964,0.0087,0.0000
0,0.0961,0.0964,0.0087,0.0000
1,0.0961,0.0675,0.0087,0.0000
2,0.3673,0.0675,0.0087,0.0000
3,0.2571,0.0675,0.0087,0.0000
4,0.2571,0.0675,0.0087,0.0000
5,0.1800,0.0675,0.0087,0.0000
6,0.1260,0.0675,0.0087,0.0000
7,0.0882,0.0675,0.0087,0.0000
0,0.0882,0.0675,0.0087,0.0000
1,0.0882,0.3472,0.0087,0.0000
2,0.0882,0.2431,0.0087,0.0000
3,0.0882,0.2431,0.3061,0.0000
4,0.0882,0.2431,0.2143,0.0000
5,0.0882,0.1701,0.2143,0.0000
6,0.0882,0.1701,0.1500,0.0000
7,0.0882,0.1701,0.1500,0.0000
8,0.0882,0.1191,0.1500,0.0000
0,0.0882,0.1191,0.1500,0.0000
1,0.0882,0.1191,0.4050,0.0000
2,0.0882,0.1191,0.2835,0.0000
3,0.0882,0.1191,0.1984,0.0000
4,0.0882,0.3834,0.1984,0.0000
5,0.0882,0.2684,0.1984,0.0000
6,0.0882,0.2684,0.1389,0.0000
7,0.0882,0.1879,0.1389,0.0000
8,0.0882,0.1315,0.1389,0.0000
9,0.0882,0.1315,0.0972,0.0000
0,0.0882,0.1315,0.0972,0.0000
1,0.0882,0.3920,0.0972,0.0000
2,0.0882,0.2744,0.0972,0.0000
3,0.0882,0.1921,0.0972,0.0000
4,0.0882,0.1345,0.0972,0.0000
5,0.3617,0.1345,0.0972,0.0000
6,0.2532,0.1345,0.0972,0.0000
7,0.1772,0.1345,0.0972,0.0000
8,0.1772,0.1345,0.0681,0.0000
9,0.1241,0.1345,0.0681,0.0000
10,0.1241,0.0941,0.0681,0.0000
0,0.1241,0.0941,0.0681,0.0000
1,0.3869,0.0941,0.0681,0.0000
2,0.3869,0.0941,0.0476,0.0000
3,0.2708,0.0941,0.0476,0.0000
4,0.1896,0.0941,0.0476,0.0000
5,0.1327,0.0941,0.0476,0.0000
6,0.1327,0.0941,0.0334,0.0000
0,0.1327,0.0941,0.0334,0.0000
1,0.3929,0.0941,0.0334,0.0000
2,0.2750,0.0941,0.0334,0.0000
3,0.1925,0.0941,0.0334,0.0000
4,0.1348,0.0941,0.0334,0.0000
5,0.0943,0.0941,0.0334,0.0000
6,0.0943,0.0941,0.0233,0.0000
0,0.0943,0.0941,0.0233,0.0000
1,0.3660,0.0941,0.0233,0.0000
2,0.2562,0.0941,0.0233,0.0000
3,0.1794,0.0941,0.0233,0.0000
4,0.1255,0.0941,0.0233,0.0000
5,0.0879,0.0941,0.0233,0.0000
6,0.0879,0.0941,0.0233,0.0000
0,0.0879,0.0941,0.0233,0.0000
1,0.0879,0.3659,0.0233,0.0000
2,0.0879,0.2561,0.0233,0.0000
3,0.0879,0.1793,0.0233,0.0000
4,0.0879,0.1255,0.0233,0.0000
5,0.0879,0.0879,0.0233,0.0000
6,0.3615,0.0879,0.0233,0.0000
7,0.3615,0.0879,0.0233,0.0000
8,0.3615,0.0879,0.0233,0.0000
9,0.2531,0.0879,0.0233,0.0000
10,0.1771,0.0879,0.0233,0.0000
0,0.1771,0.0879,0.0233,0.0000
1,0.4240,0.0879,0.0233,0.0000
2,0.2968,0.0879,0.0233,0.0000
3,0.2078,0.0879,0.0233,0.0000
4,0.1454,0.0879,0.0233,0.0000
5,0.1018,0.0879,0.0233,0.0000
6,0.0713,0.0879,0.0233,0.0000
0,0.0713,0.0879,0.0233,0.0000
1,0.0713,0.3615,0.0233,0.0000
2,0.0713,0.2530,0.0233,0.0000
3,0.0713,0.2530,0.3163,0.0000
4,0.0713,0.2530,0.2214,0.0000
5,0.0713,0.2530,0.2214,0.0000
6,0.0713,0.4771,0.2214,0.0000
7,0.0713,0.3340,0.2214,0.0000
8,0.0713,0.2338,0.2214,0.0000
9,0.0713,0.1637,0.2214,0.0000
10,0.0713,0.1637,0.1550,0.0000
0,0.0713,0.1637,0.1550,0.0000
1,0.0713,0.4146,0.1550,0.0000
2,0.0713,0.2902,0.1550,0.0000
3,0.0713,0.2031,0.1550,0.0000
4,0.0713,0.1422,0.1550,0.0000
5,0.0713,0.1422,0.1085,0.0000
6,0.0713,0.0995,0.1085,0.0000
0,0.0713,0.0995,0.1085,0.0000
1,0.0713,0.0995,0.3760,0.0000
2,0.0713,0.0995,0.2632,0.0000
3,0.0713,0.0995,0.1842,0.0000
4,0.0713,0.0995,0.1290,0.0000
5,0.0713,0.0995,0.0903,0.0000
6,0.0713,0.3697,0.0903,0.0000
7,0.0713,0.3697,0.0632,0.0000
8,0.0713,0.2588,0.0632,0.0000
9,0.3499,0.2588,0.0632,0.0000
10,0.2449,0.2588,0.0632,0.0000
0,0.2449,0.2588,0.0632,0.0000
1,0.2449,0.4811,0.0632,0.0000
2,0.2449,0.3368,0.0632,0.0000
3,0.2449,0.2358,0.0632,0.0000
4,0.4714,0.2358,0.0632,0.0000
5,0.3300,0.2358,0.0632,0.0000
6,0.2310,0.2358,0.0632,0.0000
7,0.2310,0.1650,0.0632,0.0000
8,0.1617,0.1650,0.0632,0.0000
9,0.1617,0.1155,0.0632,0.0000
0,0.1617,0.1155,0.0632,0.0000
1,0.4132,0.1155,0.0632,0.0000
2,0.4132,0.1155,0.0442,0.0000
3,0.2892,0.1155,0.0442,0.0000
4,0.2892,0.1155,0.0442,0.0000
5,0.2025,0.1155,0.0442,0.0000
6,0.1417,0.1155,0.0442,0.0000
0,0.1417,0.1155,0.0442,0.0000
1,0.3992,0.1155,0.0442,0.0000
2,0.2794,0.1155,0.0442,0.0000
3,0.1956,0.1155,0.0442,0.0000
4,0.1369,0.1155,0.0442,0.0000
5,0.0958,0.1155,0.0442,0.0000
6,0.0958,0.0809,0.0442,0.0000
0,0.0958,0.0809,0.0442,0.0000
1,0.3671,0.0809,0.0442,0.0000
2,0.2570,0.0809,0.0442,0.0000
3,0.1799,0.0809,0.0442,0.0000
4,0.1259,0.0809,0.0442,0.0000
5,0.0881,0.0809,0.0442,0.0000
6,0.0617,0.0809,0.0442,0.0000
0,0.0617,0.0809,0.0442,0.0000
1,0.3432,0.0809,0.0442,0.0000
2,0.2402,0.0809,0.0442,0.0000
3,0.1682,0.0809,0.0442,0.0000
4,0.1682,0.0809,0.0310,0.0000
5,0.1177,0.0809,0.0310,0.0000
6,0.0824,0.0809,0.0310,0.0000
0,0.0824,0.0809,0.0310,0.0000
1,0.3577,0.0809,0.0310,0.0000
2,0.3577,0.0809,0.0310,0.0000
3,0.2504,0.0809,0.0310,0.0000
4,0.2504,0.0566,0.0310,0.0000
5,0.1753,0.0566,0.0310,0.0000
6,0.1753,0.0396,0.0310,0.0000
0,0.1753,0.0396,0.0310,0.0000
1,0.4227,0.0396,0.0310,0.0000
2,0.2959,0.0396,0.0310,0.0000
3,0.2071,0.0396,0.0310,0.0000
4,0.1450,0.0396,0.0310,0.0000
5,0.1015,0.0396,0.0310,0.0000
6,0.0710,0.0396,0.0310,0.0000
0,0.0710,0.0396,0.0310,0.0000
1,0.3497,0.0396,0.0310,0.0000
2,0.2448,0.0396,0.0310,0.0000
3,0.1714,0.0396,0.0310,0.0000
4,0.1200,0.0396,0.0310,0.0000
5,0.0840,0.0396,0.0310,0.0000
6,0.0588,0.0396,0.0310,0.0000
0,0.0588,0.0396,0.0310,0.0000
1,0.0588,0.0396,0.3217,0.0000
2,0.0588,0.0396,0.2252,0.0000
3,0.0588,0.0396,0.1576,0.0000
4,0.3411,0.0396,0.1576,0.0000
5,0.2388,0.0396,0.1576,0.0000
6,0.1672,0.0396,0.1576,0.0000
7,0.1170,0.0396,0.1576,0.0000
8,0.1170,0.0277,0.1576,0.0000
9,0.1170,0.0277,0.1103,0.0000
0,0.1170,0.0277,0.1103,0.0000
1,0.3819,0.0277,0.1103,0.0000
2,0.2673,0.0277,0.1103,0.0000
3,0.1871,0.0277,0.1103,0.0000
4,0.1871,0.0277,0.1103,0.0000
5,0.1871,0.0277,0.0772,0.0000
6,0.1310,0.0277,0.0772,0.0000
0,0.1310,0.0277,0.0772,0.0000
1,0.3917,0.0277,0.0772,0.0000
2,0.2742,0.0277,0.0772,0.0000
3,0.1919,0.0277,0.0772,0.0000
4,0.1344,0.0277,0.0772,0.0000
5,0.0940,0.0277,0.0772,0.0000
6,0.0658,0.0277,0.0772,0.0000
0,0.0658,0.0277,0.0772,0.0000
1,0.0658,0.0277,0.0772,0.0000
2,0.0658,0.0277,0.0541,0.0000
3,0.3461,0.0277,0.0541,0.0000
4,0.2423,0.0277,0.0541,0.0000
5,0.1696,0.0277,0.0541,0.0000
6,0.1187,0.0277,0.0541,0.0000
7,0.0831,0.0277,0.0541,0.0000
8,0.0582,0.0277,0.0541,0.0000
0,0.0582,0.0277,0.0541,0.0000
1,0.3407,0.0277,0.0541,0.0000
2,0.2385,0.0277,0.0541,0.0000
3,0.1670,0.0277,0.0541,0.0000
4,0.1169,0.0277,0.0541,0.0000
5,0.1169,0.0277,0.0378,0.0000
6,0.0818,0.0277,0.0378,0.0000
0,0.0818,0.0277,0.0378,0.0000
1,0.3573,0.0277,0.0378,0.0000
2,0.2501,0.0277,0.0378,0.0000
3,0.1751,0.0277,0.0378,0.0000
4,0.1751,0.0277,0.0378,0.0000
5,0.1225,0.0277,0.0378,0.0000
6,0.0858,0.0277,0.0378,0.0000
0,0.0858,0.0277,0.0378,0.0000
1,0.0858,0.0277,0.0265,0.0000
2,0.3600,0.0277,0.0265,0.0000
3,0.2520,0.0277,0.0265,0.0000
4,0.1764,0.0277,0.0265,0.0000
5,0.1235,0.0277,0.0265,0.0000
6,0.0864,0.0277,0.0265,0.0000
7,0.0605,0.0277,0.0265,0.0000
0,0.0605,0.0277,0.0265,0.0000
1,0.0605,0.0277,0.3185,0.0000
2,0.0605,0.0277,0.2230,0.0000
3,0.3424,0.0277,0.2230,0.0000
4,0.2397,0.0277,0.2230,0.0000
5,0.1678,0.0277,0.2230,0.0000
6,0.1678,0.0277,0.1561,0.0000
7,0.1174,0.0277,0.1561,0.0000
8,0.1174,0.0277,0.1093,0.0000
0,0.1174,0.0277,0.1093,0.0000
1,0.3822,0.0277,0.1093,0.0000
2,0.2675,0.0277,0.1093,0.0000
3,0.1873,0.0277,0.1093,0.0000
4,0.1873,0.0277,0.1093,0.0000
5,0.1311,0.0277,0.1093,0.0000
6,0.0918,0.0277,0.1093,0.0000
0,0.0918,0.0277,0.1093,0.0000
1,0.0918,0.0277,0.1093,0.0000
2,0.0918,0.0277,0.3765,0.0000
3,0.0918,0.0277,0.2635,0.0000
4,0.0918,0.0277,0.1845,0.0000
5,0.0918,0.0277,0.1291,0.0000
6,0.3642,0.0277,0.1291,0.0000
7,0.2550,0.0277,0.1291,0.0000
8,0.1785,0.0277,0.1291,0.0000
9,0.1249,0.0277,0.1291,0.0000
10,0.1249,0.0277,0.3904,0.0000
0,0.1249,0.0277,0.3904,0.0000
1,0.1249,0.0277,0.5733,0.0000
2,0.1249,0.0277,0.4013,0.0000
3,0.1249,0.0277,0.2809,0.0000
4,0.1249,0.0277,0.1966,0.0000
5,0.1249,0.0277,0.1376,0.0000
6,0.1249,0.0277,0.0964,0.0000
0,0.1249,0.0277,0.0964,0.0000
1,0.3875,0.0277,0.0964,0.0000
2,0.3875,0.0277,0.0674,0.0000
3,0.2712,0.0277,0.0674,0.0000
4,0.1899,0.0277,0.0674,0.0000
5,0.1329,0.0277,0.0674,0.0000
6,0.0930,0.0277,0.0674,0.0000
0,0.0930,0.0277,0.0674,0.0000
1,0.3651,0.0277,0.0674,0.0000
2,0.2556,0.0277,0.0674,0.0000
3,0.1789,0.0277,0.0674,0.0000
4,0.1252,0.0277,0.0674,0.0000
5,0.0877,0.0277,0.0674,0.0000
6,0.0614,0.0277,0.0674,0.0000
0,0.0614,0.0277,0.0674,0.0000
1,0.0614,0.0277,0.3472,0.0000
2,0.0614,0.0277,0.2430,0.0000
3,0.0614,0.0277,0.2430,0.0000
4,0.0614,0.0277,0.2430,0.0000
5,0.0614,0.0277,0.1701,0.0000
6,0.0614,0.0277,0.1191,0.0000
0,0.0614,0.0277,0.1191,0.0000
1,0.0614,0.0277,0.3834,0.0000
2,0.0614,0.0277,0.2684,0.0000
3,0.0614,0.0277,0.1878,0.0000
4,0.0614,0.0277,0.1315,0.0000
5,0.0614,0.0277,0.0920,0.0000
6,0.0614,0.0277,0.0644,0.0000
0,0.0614,0.0277,0.0644,0.0000
1,0.0614,0.0277,0.0644,0.0000
2,0.0614,0.0277,0.3451,0.0000
3,0.0614,0.0277,0.2416,0.0000
4,0.3430,0.0277,0.2416,0.0000
5,0.2401,0.0277,0.2416,0.0000
6,0.1680,0.0277,0.2416,0.0000
7,0.1680,0.0277,0.1691,0.0000
8,0.1680,0.0277,0.1184,0.0000
9,0.1176,0.0277,0.1184,0.0000
0,0.1176,0.0277,0.1184,0.0000
1,0.1176,0.0277,0.0829,0.0000
2,0.3823,0.0277,0.0829,0.0000
3,0.2676,0.0277,0.0829,0.0000
4,0.1873,0.0277,0.0829,0.0000
5,0.1311,0.0277,0.0829,0.0000
6,0.1311,0.0277,0.0829,0.0000
7,0.0918,0.0277,0.0829,0.0000
0,0.0918,0.0277,0.0829,0.0000
1,0.0918,0.3194,0.0829,0.0000
2,0.0918,0.2236,0.0829,0.0000
3,0.0918,0.1565,0.0829,0.0000
4,0.0918,0.1096,0.0829,0.0000
5,0.0918,0.1096,0.0580,0.0000
6,0.0918,0.0767,0.0580,0.0000
0,0.0918,0.0767,0.0580,0.0000
1,0.3643,0.0767,0.0580,0.0000
2,0.2550,0.0767,0.0580,0.0000
3,0.1785,0.0767,0.0580,0.0000
4,0.1249,0.0767,0.0580,0.0000
5,0.0875,0.0767,0.0580,0.0000
6,0.0612,0.0767,0.0580,0.0000
0,0.0612,0.0767,0.0580,0.0000
1,0.0612,0.0537,0.0580,0.0000
2,0.3429,0.0537,0.0580,0.0000
3,0.3429,0.0537,0.0580,0.0000
4,0.2400,0.0537,0.0580,0.0000
5,0.1680,0.0537,0.0580,0.0000
6,0.1680,0.0537,0.0580,0.0000
7,0.1680,0.0376,0.0580,0.0000
0,0.1680,0.0376,0.0580,0.0000
1,0.1680,0.0376,0.0580,0.0000
2,0.4176,0.0376,0.0580,0.0000
3,0.2923,0.0376,0.0580,0.0000
4,0.2046,0.0376,0.0580,0.0000
5,0.2046,0.0376,0.0406,0.0000
6,0.2046,0.0376,0.0406,0.0000
7,0.1432,0.0376,0.0406,0.0000
0,0.1432,0.0376,0.0406,0.0000
1,0.4003,0.0376,0.0406,0.0000
2,0.2802,0.0376,0.0406,0.0000
3,0.1961,0.0376,0.0406,0.0000
4,0.1961,0.0263,0.0406,0.0000
5,0.1373,0.0263,0.0406,0.0000
6,0.0961,0.0263,0.0406,0.0000
0,0.0961,0.0263,0.0406,0.0000
1,0.3673,0.0263,0.0406,0.0000
2,0.2571,0.0263,0.0406,0.0000
3,0.1800,0.0263,0.0406,0.0000
4,0.1260,0.0263,0.0406,0.0000
5,0.0882,0.0263,0.0406,0.0000
6,0.0617,0.0263,0.0406,0.0000
0,0.0617,0.0263,0.0406,0.0000
1,0.0617,0.0263,0.0406,0.0000
2,0.3432,0.0263,0.0406,0.0000
3,0.2402,0.0263,0.0406,0.0000
4,0.2402,0.0184,0.0406,0.0000
5,0.2402,0.0184,0.0406,0.0000
6,0.1682,0.0184,0.0406,0.0000
7,0.1177,0.0184,0.0406,0.0000
0,0.1177,0.0184,0.0406,0.0000
1,0.3824,0.0184,0.0406,0.0000
2,0.2677,0.0184,0.0406,0.0000
3,0.1874,0.0184,0.0406,0.0000
4,0.1312,0.0184,0.0406,0.0000
5,0.0918,0.0184,0.0406,0.0000
6,0.0918,0.0184,0.0406,0.0000
0,0.0918,0.0184,0.0406,0.0000
1,0.3643,0.0184,0.0406,0.0000
2,0.2550,0.0184,0.0406,0.0000
3,0.1785,0.0184,0.0406,0.0000
4,0.1249,0.0184,0.0406,0.0000
5,0.0875,0.0184,0.0406,0.0000
6,0.0875,0.0184,0.0406,0.0000
0,0.0875,0.0184,0.0406,0.0000
1,0.3612,0.0184,0.0406,0.0000
2,0.2529,0.0184,0.0406,0.0000
3,0.1770,0.0184,0.0406,0.0000
4,0.1239,0.0184,0.0406,0.0000
5,0.1239,0.0184,0.0284,0.0000
6,0.1239,0.0129,0.0284,0.0000
0,0.1239,0.0129,0.0284,0.0000
1,0.1239,0.0129,0.0284,0.0000
2,0.3867,0.0129,0.0284,0.0000
3,0.2707,0.0129,0.0284,0.0000
4,0.2707,0.0129,0.0199,0.0000
5,0.1895,0.0129,0.0199,0.0000
6,0.1326,0.0129,0.0199,0.0000
7,0.0929,0.0129,0.0199,0.0000
0,0.0929,0.0129,0.0199,0.0000
1,0.3650,0.0129,0.0199,0.0000
2,0.2555,0.0129,0.0199,0.0000
3,0.1788,0.0129,0.0199,0.0000
4,0.1252,0.0129,0.0199,0.0000
5,0.0876,0.0129,0.0199,0.0000
6,0.0613,0.0129,0.0199,0.0000
0,0.0613,0.0129,0.0199,0.0000
1,0.0613,0.0129,0.0139,0.0000
2,0.3429,0.0129,0.0139,0.0000
3,0.3429,0.0129,0.0139,0.0000
4,0.3429,0.0129,0.0139,0.0000
5,0.2401,0.0129,0.0139,0.0000
6,0.1680,0.0129,0.0139,0.0000
7,0.1176,0.0129,0.0139,0.0000
0,0.1176,0.0129,0.0139,0.0000
1,0.3823,0.0129,0.0139,0.0000
2,0.2676,0.0129,0.0139,0.0000
3,0.1873,0.0129,0.0139,0.0000
4,0.1311,0.0129,0.0139,0.0000
5,0.0918,0.0129,0.0139,0.0000
6,0.0643,0.0129,0.0139,0.0000
0,0.0643,0.0129,0.0139,0.0000
1,0.3450,0.0129,0.0139,0.0000
2,0.2415,0.0129,0.0139,0.0000
3,0.1690,0.0129,0.0139,0.0000
4,0.1690,0.0129,0.0139,0.0000
5,0.1183,0.0129,0.0139,0.0000
6,0.0828,0.0129,0.0139,0.0000
0,0.0828,0.0129,0.0139,0.0000
1,0.3580,0.0129,0.0139,0.0000
2,0.2506,0.0129,0.0139,0.0000
3,0.2506,0.0090,0.0139,0.0000
4,0.1754,0.0090,0.0139,0.0000
5,0.1754,0.0063,0.0139,0.0000
6,0.1228,0.0063,0.0139,0.0000
0,0.1228,0.0063,0.0139,0.0000
1,0.3860,0.0063,0.0139,0.0000
2,0.2702,0.0063,0.0139,0.0000
3,0.1891,0.0063,0.0139,0.0000
4,0.1324,0.0063,0.0139,0.0000
5,0.1324,0.0063,0.0097,0.0000
6,0.0927,0.0063,0.0097,0.0000
0,0.0927,0.0063,0.0097,0.0000
1,0.3649,0.0063,0.0097,0.0000
2,0.3649,0.0063,0.0068,0.0000
3,0.2554,0.0063,0.0068,0.0000
4,0.1788,0.0063,0.0068,0.0000
5,0.1251,0.0063,0.0068,0.0000
6,0.0876,0.0063,0.0068,0.0000
0,0.0876,0.0063,0.0068,0.0000
1,0.0876,0.0063,0.3048,0.0000
2,0.0876,0.3044,0.3048,0.0000
3,0.0876,0.3044,0.2133,0.0000
4,0.0876,0.2131,0.2133,0.0000
5,0.0876,0.2131,0.1493,0.0000
6,0.0876,0.1492,0.1493,0.0000
7,0.0876,0.1492,0.1045,0.0000
0,0.0876,0.1492,0.1045,0.0000
1,0.0876,0.4044,0.1045,0.0000
2,0.0876,0.4044,0.1045,0.0000
3,0.0876,0.2831,0.1045,0.0000
4,0.0876,0.1982,0.1045,0.0000
5,0.0876,0.1387,0.1045,0.0000
6,0.0876,0.0971,0.1045,0.0000
0,0.0876,0.0971,0.1045,0.0000
1,0.0876,0.0971,0.3732,0.0000
2,0.0876,0.0971,0.2612,0.0000
3,0.0876,0.0971,0.1829,0.0000
4,0.0876,0.0971,0.1280,0.0000
5,0.0876,0.0971,0.0896,0.0000
6,0.0876,0.3680,0.0896,0.0000
7,0.0876,0.2576,0.0896,0.0000
8,0.0876,0.1803,0.0896,0.0000
9,0.0876,0.1262,0.0896,0.0000
10,0.0876,0.0883,0.0896,0.0000
0,0.0876,0.0883,0.0896,0.0000
1,0.0876,0.0883,0.3627,0.0000
2,0.0876,0.0883,0.2539,0.0000
3,0.0876,0.0883,0.1777,0.0000
4,0.0876,0.0883,0.1244,0.0000
5,0.3613,0.0883,0.1244,0.0000
6,0.2529,0.0883,0.1244,0.0000
7,0.2529,0.0883,0.0871,0.0000
8,0.2529,0.3618,0.0871,0.0000
9,0.2529,0.2533,0.0871,0.0000
10,0.2529,0.1773,0.0871,0.0000
0,0.2529,0.1773,0.0871,0.0000
1,0.4770,0.1773,0.0871,0.0000
2,0.3339,0.1773,0.0871,0.0000
3,0.3339,0.4241,0.0871,0.0000
4,0.3339,0.2969,0.0871,0.0000
5,0.5338,0.2969,0.0871,0.0000
6,0.3736,0.2969,0.0871,0.0000
7,0.2615,0.2969,0.0871,0.0000
8,0.2615,0.2078,0.0871,0.0000
9,0.1831,0.2078,0.0871,0.0000
10,0.1831,0.1455,0.0871,0.0000
0,0.1831,0.1455,0.0871,0.0000
1,0.1831,0.1455,0.3610,0.0000
2,0.1831,0.1455,0.2527,0.0000
3,0.1831,0.1455,0.1769,0.0000
4,0.4282,0.1455,0.1769,0.0000
5,0.4282,0.1018,0.1769,0.0000
6,0.2997,0.1018,0.1769,0.0000
7,0.2098,0.1018,0.1769,0.0000
8,0.1469,0.1018,0.1769,0.0000
9,0.1469,0.1018,0.1238,0.0000
0,0.1469,0.1018,0.1238,0.0000
1,0.4028,0.1018,0.1238,0.0000
2,0.2820,0.1018,0.1238,0.0000
3,0.2820,0.0713,0.1238,0.0000
4,0.1974,0.0713,0.1238,0.0000
5,0.1382,0.0713,0.1238,0.0000
6,0.1382,0.0713,0.0867,0.0000
0,0.1382,0.0713,0.0867,0.0000
1,0.1382,0.0713,0.0867,0.0000
2,0.1382,0.3499,0.0867,0.0000
3,0.1382,0.2449,0.0867,0.0000
4,0.1382,0.2449,0.0867,0.0000
5,0.1382,0.1714,0.0867,0.0000
6,0.1382,0.1200,0.0867,0.0000
7,0.3967,0.1200,0.0867,0.0000
8,0.2777,0.1200,0.0867,0.0000
9,0.1944,0.1200,0.0867,0.0000
10,0.1361,0.1200,0.0867,0.0000
0,0.1361,0.1200,0.0867,0.0000
1,0.3953,0.1200,0.0867,0.0000
2,0.2767,0.1200,0.0867,0.0000
3,0.2767,0.0840,0.0867,0.0000
4,0.1937,0.0840,0.0867,0.0000
5,0.1937,0.0840,0.0867,0.0000
6,0.1356,0.0840,0.0867,0.0000
0,0.1356,0.0840,0.0867,0.0000
1,0.3949,0.0840,0.0867,0.0000
2,0.2764,0.0840,0.0867,0.0000
3,0.1935,0.0840,0.0867,0.0000
4,0.1355,0.0840,0.0867,0.0000
5,0.0948,0.0840,0.0867,0.0000
6,0.0664,0.0840,0.0867,0.0000
0,0.0664,0.0840,0.0867,0.0000
1,0.0664,0.0840,0.3607,0.0000
2,0.0664,0.0840,0.2525,0.0000
3,0.0664,0.0840,0.1767,0.0000
4,0.0664,0.0840,0.1237,0.0000
5,0.0664,0.0588,0.1237,0.0000
6,0.0664,0.0588,0.0866,0.0000
0,0.0664,0.0588,0.0866,0.0000
1,0.0664,0.0588,0.3606,0.0000
2,0.0664,0.0588,0.2524,0.0000
3,0.0664,0.3412,0.2524,0.0000
4,0.0664,0.2388,0.2524,0.0000
5,0.0664,0.2388,0.1767,0.0000
6,0.0664,0.1672,0.1767,0.0000
7,0.0664,0.1672,0.1237,0.0000
8,0.0664,0.1170,0.1237,0.0000
0,0.0664,0.1170,0.1237,0.0000
1,0.0664,0.1170,0.3866,0.0000
2,0.0664,0.1170,0.2706,0.0000
3,0.0664,0.1170,0.2706,0.0000
4,0.0664,0.1170,0.1894,0.0000
5,0.0664,0.1170,0.1326,0.0000
6,0.0664,0.1170,0.0928,0.0000
0,0.0664,0.1170,0.0928,0.0000
1,0.0664,0.3819,0.0928,0.0000
2,0.0664,0.2673,0.0928,0.0000
3,0.3465,0.2673,0.0928,0.0000
4,0.2425,0.2673,0.0928,0.0000
5,0.2425,0.4871,0.0928,0.0000
6,0.2425,0.3410,0.0928,0.0000
7,0.2425,0.2387,0.0928,0.0000
8,0.4698,0.2387,0.0928,0.0000
9,0.3288,0.2387,0.0928,0.0000
10,0.3288,0.2387,0.3650,0.0000
0,0.3288,0.2387,0.3650,0.0000
1,0.3288,0.2387,0.5555,0.0000
2,0.3288,0.2387,0.3888,0.0000
3,0.3288,0.2387,0.2722,0.0000
4,0.2302,0.2387,0.2722,0.0000
5,0.2302,0.2387,0.1905,0.0000
6,0.2302,0.1671,0.1905,0.0000
0,0.2302,0.1671,0.1905,0.0000
1,0.4611,0.1671,0.1905,0.0000
2,0.3228,0.1671,0.1905,0.0000
3,0.3228,0.1671,0.1334,0.0000
4,0.2260,0.1671,0.1334,0.0000
5,0.1582,0.1671,0.1334,0.0000
6,0.1582,0.1170,0.1334,0.0000
0,0.1582,0.1170,0.1334,0.0000
1,0.4107,0.1170,0.1334,0.0000
2,0.2875,0.1170,0.1334,0.0000
3,0.2013,0.1170,0.1334,0.0000
4,0.1409,0.1170,0.1334,0.0000
5,0.0986,0.1170,0.1334,0.0000
6,0.0986,0.1170,0.0934,0.0000
0,0.0986,0.1170,0.0934,0.0000
1,0.0986,0.3819,0.0934,0.0000
2,0.0986,0.3819,0.0654,0.0000
3,0.0986,0.2673,0.0654,0.0000
4,0.0986,0.1871,0.0654,0.0000
5,0.0986,0.1310,0.0654,0.0000
6,0.0986,0.0917,0.0654,0.0000
0,0.0986,0.0917,0.0654,0.0000
1,0.0986,0.3642,0.0654,0.0000
2,0.0986,0.2549,0.0654,0.0000
3,0.0986,0.1784,0.0654,0.0000
4,0.0986,0.1249,0.0654,0.0000
5,0.3690,0.1249,0.0654,0.0000
6,0.2583,0.1249,0.0654,0.0000
7,0.1808,0.1249,0.0654,0.0000
8,0.1266,0.1249,0.0654,0.0000
9,0.1266,0.1249,0.0457,0.0000
10,0.0886,0.1249,0.0457,0.0000
0,0.0886,0.1249,0.0457,0.0000
1,0.0886,0.3874,0.0457,0.0000
2,0.0886,0.2712,0.0457,0.0000
3,0.0886,0.1898,0.0457,0.0000
4,0.0886,0.1329,0.0457,0.0000
5,0.0886,0.0930,0.0457,0.0000
6,0.0886,0.0651,0.0457,0.0000
0,0.0886,0.0651,0.0457,0.0000
1,0.3620,0.0651,0.0457,0.0000
2,0.3620,0.0456,0.0457,0.0000
3,0.2534,0.0456,0.0457,0.0000
4,0.1774,0.0456,0.0457,0.0000
5,0.1242,0.0456,0.0457,0.0000
6,0.0869,0.0456,0.0457,0.0000
0,0.0869,0.0456,0.0457,0.0000
1,0.3608,0.0456,0.0457,0.0000
2,0.2526,0.0456,0.0457,0.0000
3,0.1768,0.0456,0.0457,0.0000
4,0.1238,0.0456,0.0457,0.0000
5,0.1238,0.0319,0.0457,0.0000
6,0.1238,0.0319,0.0320,0.0000
0,0.1238,0.0319,0.0320,0.0000
1,0.3866,0.0319,0.0320,0.0000
2,0.2706,0.0319,0.0320,0.0000
3,0.1895,0.0319,0.0320,0.0000
4,0.1326,0.0319,0.0320,0.0000
5,0.0928,0.0319,0.0320,0.0000
6,0.0650,0.0319,0.0320,0.0000
0,0.0650,0.0319,0.0320,0.0000
1,0.3455,0.0319,0.0320,0.0000
2,0.2418,0.0319,0.0320,0.0000
3,0.1693,0.0319,0.0320,0.0000
4,0.1185,0.0319,0.0320,0.0000
5,0.0830,0.0319,0.0320,0.0000
6,0.0581,0.0319,0.0320,0.0000
0,0.0581,0.0319,0.0320,0.0000
1,0.3406,0.0319,0.0320,0.0000
2,0.2385,0.0319,0.0320,0.0000
3,0.1669,0.0319,0.0320,0.0000
4,0.1168,0.0319,0.0320,0.0000
5,0.0818,0.0319,0.0320,0.0000
6,0.0573,0.0319,0.0320,0.0000
0,0.0573,0.0319,0.0320,0.0000
1,0.0573,0.3223,0.0320,0.0000
2,0.0573,0.2256,0.0320,0.0000
3,0.0573,0.1579,0.0320,0.0000
4,0.0573,0.1106,0.0320,0.0000
5,0.0573,0.0774,0.0320,0.0000
6,0.0573,0.0542,0.0320,0.0000
0,0.0573,0.0542,0.0320,0.0000
1,0.3401,0.0542,0.0320,0.0000
2,0.2381,0.0542,0.0320,0.0000
3,0.1666,0.0542,0.0320,0.0000
4,0.1166,0.0542,0.0320,0.0000
5,0.1166,0.0379,0.0320,0.0000
6,0.0817,0.0379,0.0320,0.0000
0,0.0817,0.0379,0.0320,0.0000
1,0.3572,0.0379,0.0320,0.0000
2,0.2500,0.0379,0.0320,0.0000
3,0.1750,0.0379,0.0320,0.0000
4,0.1225,0.0379,0.0320,0.0000
5,0.0858,0.0379,0.0320,0.0000
6,0.0600,0.0379,0.0320,0.0000
0,0.0600,0.0379,0.0320,0.0000
1,0.3420,0.0379,0.0320,0.0000
2,0.2394,0.0379,0.0320,0.0000
3,0.1676,0.0379,0.0320,0.0000
4,0.1173,0.0379,0.0320,0.0000
5,0.0821,0.0379,0.0320,0.0000
6,0.0575,0.0379,0.0320,0.0000
0,0.0575,0.0379,0.0320,0.0000
1,0.0575,0.3265,0.0320,0.0000
2,0.0575,0.2286,0.0320,0.0000
3,0.0575,0.2286,0.0320,0.0000
4,0.0575,0.2286,0.0320,0.0000
5,0.3402,0.2286,0.0320,0.0000
6,0.2382,0.2286,0.0320,0.0000
7,0.2382,0.2286,0.0224,0.0000
8,0.1667,0.2286,0.0224,0.0000
9,0.1667,0.1600,0.0224,0.0000
10,0.1667,0.1600,0.0157,0.0000
0,0.1667,0.1600,0.0157,0.0000
1,0.4167,0.1600,0.0157,0.0000
2,0.2917,0.1600,0.0157,0.0000
3,0.2042,0.1600,0.0157,0.0000
4,0.1429,0.1600,0.0157,0.0000
5,0.1429,0.1120,0.0157,0.0000
6,0.1001,0.1120,0.0157,0.0000
0,0.1001,0.1120,0.0157,0.0000
1,0.1001,0.0784,0.0157,0.0000
2,0.1001,0.0784,0.0110,0.0000
3,0.3700,0.0784,0.0110,0.0000
4,0.2590,0.0784,0.0110,0.0000
5,0.1813,0.0784,0.0110,0.0000
6,0.1269,0.0784,0.0110,0.0000
7,0.0888,0.0784,0.0110,0.0000
8,0.0622,0.0784,0.0110,0.0000
0,0.0622,0.0784,0.0110,0.0000
1,0.0622,0.0549,0.0110,0.0000
2,0.0622,0.0549,0.0110,0.0000
3,0.3435,0.0549,0.0110,0.0000
4,0.2405,0.0549,0.0110,0.0000
5,0.1683,0.0549,0.0110,0.0000
6,0.1178,0.0549,0.0110,0.0000
7,0.0825,0.0549,0.0110,0.0000
8,0.0825,0.0549,0.0077,0.0000
0,0.0825,0.0549,0.0077,0.0000
1,0.0825,0.0549,0.0077,0.0000
2,0.3577,0.0549,0.0077,0.0000
3,0.2504,0.0549,0.0077,0.0000
4,0.1753,0.0549,0.0077,0.0000
5,0.1227,0.0549,0.0077,0.0000
6,0.0859,0.0549,0.0077,0.0000
7,0.0601,0.0549,0.0077,0.0000
0,0.0601,0.0549,0.0077,0.0000
1,0.3421,0.0549,0.0077,0.0000
2,0.2395,0.0549,0.0077,0.0000
3,0.2395,0.0384,0.0077,0.0000
4,0.1676,0.0384,0.0077,0.0000
5,0.1676,0.0384,0.0077,0.0000
6,0.1173,0.0384,0.0077,0.0000
0,0.1173,0.0384,0.0077,0.0000
1,0.3821,0.0384,0.0077,0.0000
2,0.2675,0.0384,0.0077,0.0000
3,0.1872,0.0384,0.0077,0.0000
4,0.1311,0.0384,0.0077,0.0000
5,0.0918,0.0384,0.0077,0.0000
6,0.0642,0.0384,0.0077,0.0000
0,0.0642,0.0384,0.0077,0.0000
1,0.3450,0.0384,0.0077,0.0000
2,0.2415,0.0384,0.0077,0.0000
3,0.1690,0.0384,0.0077,0.0000
4,0.1183,0.0384,0.0077,0.0000
5,0.0828,0.0384,0.0077,0.0000
6,0.0580,0.0384,0.0077,0.0000
0,0.0580,0.0384,0.0077,0.0000
1,0.3406,0.0384,0.0077,0.0000
2,0.3406,0.0384,0.0077,0.0000
3,0.2384,0.0384,0.0077,0.0000
4,0.1669,0.0384,0.0077,0.0000
5,0.1168,0.0384,0.0077,0.0000
6,0.0818,0.0384,0.0077,0.0000
0,0.0818,0.0384,0.0077,0.0000
1,0.3572,0.0384,0.0077,0.0000
2,0.2501,0.0384,0.0077,0.0000
3,0.1750,0.0384,0.0077,0.0000
4,0.1225,0.0384,0.0077,0.0000
5,0.0858,0.0384,0.0077,0.0000
6,0.0600,0.0384,0.0077,0.0000
0,0.0600,0.0384,0.0077,0.0000
1,0.3420,0.0384,0.0077,0.0000
2,0.2394,0.0384,0.0077,0.0000
3,0.1676,0.0384,0.0077,0.0000
4,0.1173,0.0384,0.0077,0.0000
5,0.1173,0.0384,0.0054,0.0000
6,0.0821,0.0384,0.0054,0.0000
0,0.0821,0.0384,0.0054,0.0000
1,0.3575,0.0384,0.0054,0.0000
2,0.2502,0.0384,0.0054,0.0000
3,0.1752,0.0384,0.0054,0.0000
4,0.1226,0.0384,0.0054,0.0000
5,0.1226,0.0384,0.0038,0.0000
6,0.0858,0.0384,0.0038,0.0000
0,0.0858,0.0384,0.0038,0.0000
1,0.3601,0.0384,0.0038,0.0000
2,0.2521,0.0384,0.0038,0.0000
3,0.1764,0.0384,0.0038,0.0000
4,0.1764,0.0384,0.0026,0.0000
5,0.1235,0.0384,0.0026,0.0000
6,0.0865,0.0384,0.0026,0.0000
0,0.0865,0.0384,0.0026,0.0000
1,0.3605,0.0384,0.0026,0.0000
2,0.2524,0.0384,0.0026,0.0000
3,0.1767,0.0384,0.0026,0.0000
4,0.1237,0.0384,0.0026,0.0000
5,0.0866,0.0384,0.0026,0.0000
6,0.0866,0.0384,0.0026,0.0000
0,0.0866,0.0384,0.0026,0.0000
1,0.3606,0.0384,0.0026,0.0000
2,0.3606,0.0384,0.0018,0.0000
3,0.2524,0.0384,0.0018,0.0000
4,0.2524,0.0384,0.0013,0.0000
5,0.1767,0.0384,0.0013,0.0000
6,0.1237,0.0384,0.0013,0.0000
0,0.1237,0.0384,0.0013,0.0000
1,0.3866,0.0384,0.0013,0.0000
2,0.2706,0.0384,0.0013,0.0000
3,0.1894,0.0384,0.0013,0.0000
4,0.1326,0.0384,0.0013,0.0000
5,0.0928,0.0384,0.0013,0.0000
6,0.0650,0.0384,0.0013,0.0000
0,0.0650,0.0384,0.0013,0.0000
1,0.3455,0.0384,0.0013,0.0000
2,0.2418,0.0384,0.0013,0.0000
3,0.1693,0.0384,0.0013,0.0000
4,0.1185,0.0384,0.0013,0.0000
5,0.0829,0.0384,0.0013,0.0000
6,0.0829,0.0384,0.0013,0.0000
0,0.0829,0.0384,0.0013,0.0000
1,0.3581,0.0384,0.0013,0.0000
2,0.2506,0.0384,0.0013,0.0000
3,0.2506,0.0384,0.0013,0.0000
4,0.1755,0.0384,0.0013,0.0000
5,0.1228,0.0384,0.0013,0.0000
6,0.0860,0.0384,0.0013,0.0000
0,0.0860,0.0384,0.0013,0.0000
1,0.3602,0.0384,0.0013,0.0000
2,0.2521,0.0384,0.0013,0.0000
3,0.1765,0.0384,0.0013,0.0000
4,0.1235,0.0384,0.0013,0.0000
5,0.0865,0.0384,0.0013,0.0000
6,0.0865,0.0269,0.0013,0.0000
0,0.0865,0.0269,0.0013,0.0000
1,0.3605,0.0269,0.0013,0.0000
2,0.2524,0.0269,0.0013,0.0000
3,0.2524,0.0269,0.0013,0.0000
4,0.1767,0.0269,0.0013,0.0000
5,0.1237,0.0269,0.0013,0.0000
6,0.0866,0.0269,0.0013,0.0000
0,0.0866,0.0269,0.0013,0.0000
1,0.3606,0.0269,0.0013,0.0000
2,0.2524,0.0269,0.0013,0.0000
3,0.1767,0.0269,0.0013,0.0000
4,0.1237,0.0269,0.0013,0.0000
5,0.0866,0.0269,0.0013,0.0000
6,0.0606,0.0269,0.0013,0.0000
0,0.0606,0.0269,0.0013,0.0000
1,0.3424,0.0269,0.0013,0.0000
2,0.2397,0.0269,0.0013,0.0000
3,0.1678,0.0269,0.0013,0.0000
4,0.1175,0.0269,0.0013,0.0000
5,0.0822,0.0269,0.0013,0.0000
6,0.0576,0.0269,0.0013,0.0000
0,0.0576,0.0269,0.0013,0.0000
1,0.3403,0.0269,0.0013,0.0000
2,0.2382,0.0269,0.0013,0.0000
3,0.1667,0.0269,0.0013,0.0000
4,0.1167,0.0269,0.0013,0.0000
5,0.0817,0.0269,0.0013,0.0000
6,0.0572,0.0269,0.0013,0.0000
0,0.0572,0.0269,0.0013,0.0000
1,0.3400,0.0269,0.0013,0.0000
2,0.2380,0.0269,0.0013,0.0000
3,0.1666,0.0269,0.0013,0.0000
4,0.1166,0.0269,0.0013,0.0000
5,0.1166,0.0269,0.0013,0.0000
6,0.0816,0.0269,0.0013,0.0000
0,0.0816,0.0269,0.0013,0.0000
1,0.3571,0.0269,0.0013,0.0000
2,0.3571,0.0188,0.0013,0.0000
3,0.2500,0.0188,0.0013,0.0000
4,0.1750,0.0188,0.0013,0.0000
5,0.1225,0.0188,0.0013,0.0000
6,0.1225,0.0188,0.0013,0.0000
0,0.1225,0.0188,0.0013,0.0000
1,0.3858,0.0188,0.0013,0.0000
2,0.3858,0.0188,0.0013,0.0000
3,0.2700,0.0188,0.0013,0.0000
4,0.1890,0.0188,0.0013,0.0000
5,0.1323,0.0188,0.0013,0.0000
6,0.0926,0.0188,0.0013,0.0000
0,0.0926,0.0188,0.0013,0.0000
1,0.3648,0.0188,0.0013,0.0000
2,0.2554,0.0188,0.0013,0.0000
3,0.2554,0.0188,0.0013,0.0000
4,0.1788,0.0188,0.0013,0.0000
5,0.1251,0.0188,0.0013,0.0000
6,0.1251,0.0132,0.0013,0.0000
0,0.1251,0.0132,0.0013,0.0000
1,0.3876,0.0132,0.0013,0.0000
2,0.2713,0.0132,0.0013,0.0000
3,0.1899,0.0132,0.0013,0.0000
4,0.1899,0.0132,0.0009,0.0000
5,0.1329,0.0132,0.0009,0.0000
6,0.0931,0.0132,0.0009,0.0000
0,0.0931,0.0132,0.0009,0.0000
1,0.3651,0.0132,0.0009,0.0000
2,0.3651,0.0092,0.0009,0.0000
3,0.2556,0.0092,0.0009,0.0000
4,0.1789,0.0092,0.0009,0.0000
5,0.1252,0.0092,0.0009,0.0000
6,0.0877,0.0092,0.0009,0.0000
0,0.0877,0.0092,0.0009,0.0000
1,0.3614,0.0092,0.0009,0.0000
2,0.3614,0.0065,0.0009,0.0000
3,0.2530,0.0065,0.0009,0.0000
4,0.2530,0.0065,0.0009,0.0000
5,0.1771,0.0065,0.0009,0.0000
6,0.1239,0.0065,0.0009,0.0000
0,0.1239,0.0065,0.0009,0.0000
1,0.3868,0.0065,0.0009,0.0000
2,0.2707,0.0065,0.0009,0.0000
3,0.1895,0.0065,0.0009,0.0000
4,0.1327,0.0065,0.0009,0.0000
5,0.0929,0.0065,0.0009,0.0000
6,0.0650,0.0065,0.0009,0.0000
0,0.0650,0.0065,0.0009,0.0000
1,0.3455,0.0065,0.0009,0.0000
2,0.2419,0.0065,0.0009,0.0000
3,0.1693,0.0065,0.0009,0.0000
4,0.1185,0.0065,0.0009,0.0000
5,0.0830,0.0065,0.0009,0.0000
6,0.0581,0.0065,0.0009,0.0000
0,0.0581,0.0065,0.0009,0.0000
1,0.3406,0.0065,0.0009,0.0000
2,0.2385,0.0065,0.0009,0.0000
3,0.1669,0.0065,0.0009,0.0000
4,0.1669,0.0065,0.0006,0.0000
5,0.1168,0.0065,0.0006,0.0000
6,0.0818,0.0065,0.0006,0.0000
0,0.0818,0.0065,0.0006,0.0000
1,0.3573,0.0065,0.0006,0.0000
2,0.2501,0.0065,0.0006,0.0000
3,0.1751,0.0065,0.0006,0.0000
4,0.1225,0.0065,0.0006,0.0000
5,0.0858,0.0065,0.0006,0.0000
6,0.0600,0.0065,0.0006,0.0000
0,0.0600,0.0065,0.0006,0.0000
1,0.3420,0.0065,0.0006,0.0000
2,0.2394,0.0065,0.0006,0.0000
3,0.1676,0.0065,0.0006,0.0000
4,0.1173,0.0065,0.0006,0.0000
5,0.0821,0.0065,0.0006,0.0000
6,0.0575,0.0065,0.0006,0.0000
0,0.0575,0.0065,0.0006,0.0000
1,0.0575,0.3045,0.0006,0.0000
2,0.0575,0.2132,0.0006,0.0000
3,0.0575,0.1492,0.0006,0.0000
4,0.3402,0.1492,0.0006,0.0000
5,0.2382,0.1492,0.0006,0.0000
6,0.1667,0.1492,0.0006,0.0000
7,0.1667,0.1045,0.0006,0.0000
8,0.1167,0.1045,0.0006,0.0000
9,0.0817,0.1045,0.0006,0.0000
0,0.0817,0.1045,0.0006,0.0000
1,0.0817,0.3731,0.0006,0.0000
2,0.0817,0.2612,0.0006,0.0000
3,0.0817,0.2612,0.0004,0.0000
4,0.0817,0.1828,0.0004,0.0000
5,0.3572,0.1828,0.0004,0.0000
6,0.2500,0.1828,0.0004,0.0000
7,0.1750,0.1828,0.0004,0.0000
8,0.1750,0.1280,0.0004,0.0000
9,0.1225,0.1280,0.0004,0.0000
10,0.1225,0.0896,0.0004,0.0000
0,0.1225,0.0896,0.0004,0.0000
1,0.3858,0.0896,0.0004,0.0000
2,0.2700,0.0896,0.0004,0.0000
3,0.1890,0.0896,0.0004,0.0000
4,0.1323,0.0896,0.0004,0.0000
5,0.0926,0.0896,0.0004,0.0000
6,0.0648,0.0896,0.0004,0.0000
0,0.0648,0.0896,0.0004,0.0000
1,0.0648,0.3627,0.0004,0.0000
2,0.0648,0.3627,0.0004,0.0000
3,0.0648,0.2539,0.0004,0.0000
4,0.0648,0.1777,0.0004,0.0000
5,0.0648,0.1244,0.0004,0.0000
6,0.0648,0.0871,0.0004,0.0000
0,0.0648,0.0871,0.0004,0.0000
1,0.0648,0.3610,0.0004,0.0000
2,0.0648,0.2527,0.0004,0.0000
3,0.0648,0.1769,0.0004,0.0000
4,0.0648,0.1769,0.3003,0.0000
5,0.0648,0.1769,0.2102,0.0000
6,0.0648,0.1769,0.1472,0.0000
7,0.0648,0.1769,0.1030,0.0000
8,0.3454,0.1769,0.1030,0.0000
9,0.2418,0.1769,0.1030,0.0000
10,0.2418,0.1769,0.1030,0.0000
0,0.2418,0.1769,0.1030,0.0000
1,0.4692,0.1769,0.1030,0.0000
2,0.3285,0.1769,0.1030,0.0000
3,0.3285,0.4238,0.1030,0.0000
4,0.3285,0.2967,0.1030,0.0000
5,0.2299,0.2967,0.1030,0.0000
6,0.2299,0.2077,0.1030,0.0000
7,0.1609,0.2077,0.1030,0.0000
8,0.1609,0.1454,0.1030,0.0000
0,0.1609,0.1454,0.1030,0.0000
1,0.4127,0.1454,0.1030,0.0000
2,0.2889,0.1454,0.1030,0.0000
3,0.2022,0.1454,0.1030,0.0000
4,0.2022,0.1018,0.1030,0.0000
5,0.1415,0.1018,0.1030,0.0000
6,0.0991,0.1018,0.1030,0.0000
0,0.0991,0.1018,0.1030,0.0000
1,0.0991,0.1018,0.1030,0.0000
2,0.0991,0.1018,0.3721,0.0000
3,0.0991,0.1018,0.2605,0.0000
4,0.0991,0.1018,0.1823,0.0000
5,0.0991,0.1018,0.1276,0.0000
6,0.0991,0.1018,0.0893,0.0000
7,0.0991,0.1018,0.0893,0.0000
0,0.0991,0.1018,0.0893,0.0000
1,0.0991,0.1018,0.0625,0.0000
2,0.0991,0.0712,0.0625,0.0000
3,0.3694,0.0712,0.0625,0.0000
4,0.2585,0.0712,0.0625,0.0000
5,0.1810,0.0712,0.0625,0.0000
6,0.1267,0.0712,0.0625,0.0000
7,0.1267,0.0499,0.0625,0.0000
8,0.0887,0.0499,0.0625,0.0000
0,0.0887,0.0499,0.0625,0.0000
1,0.3621,0.0499,0.0625,0.0000
2,0.2535,0.0499,0.0625,0.0000
3,0.1774,0.0499,0.0625,0.0000
4,0.1242,0.0499,0.0625,0.0000
5,0.0869,0.0499,0.0625,0.0000
6,0.0869,0.0499,0.0625,0.0000
0,0.0869,0.0499,0.0625,0.0000
1,0.3609,0.0499,0.0625,0.0000
2,0.2526,0.0499,0.0625,0.0000
3,0.1768,0.0499,0.0625,0.0000
4,0.1768,0.0499,0.0438,0.0000
5,0.1238,0.0499,0.0438,0.0000
6,0.0866,0.0499,0.0438,0.0000
0,0.0866,0.0499,0.0438,0.0000
1,0.3606,0.0499,0.0438,0.0000
2,0.2525,0.0499,0.0438,0.0000
3,0.1767,0.0499,0.0438,0.0000
4,0.1237,0.0499,0.0438,0.0000
5,0.0866,0.0499,0.0438,0.0000
6,0.0606,0.0499,0.0438,0.0000
0,0.0606,0.0499,0.0438,0.0000
1,0.3424,0.0499,0.0438,0.0000
2,0.2397,0.0499,0.0438,0.0000
3,0.1678,0.0499,0.0438,0.0000
4,0.1175,0.0499,0.0438,0.0000
5,0.0822,0.0499,0.0438,0.0000
6,0.0576,0.0499,0.0438,0.0000
0,0.0576,0.0499,0.0438,0.0000
1,0.3403,0.0499,0.0438,0.0000
2,0.2382,0.0499,0.0438,0.0000
3,0.1667,0.0499,0.0438,0.0000
4,0.1167,0.0499,0.0438,0.0000
5,0.0817,0.0499,0.0438,0.0000
6,0.0572,0.0499,0.0438,0.0000
0,0.0572,0.0499,0.0438,0.0000
1,0.3400,0.0499,0.0438,0.0000
2,0.2380,0.0499,0.0438,0.0000
3,0.1666,0.0499,0.0438,0.0000
4,0.1666,0.0499,0.0306,0.0000
5,0.1166,0.0499,0.0306,0.0000
6,0.0816,0.0499,0.0306,0.0000
0,0.0816,0.0499,0.0306,0.0000
1,0.3571,0.0499,0.0306,0.0000
2,0.2500,0.0499,0.0306,0.0000
3,0.1750,0.0499,0.0306,0.0000
4,0.1225,0.0499,0.0306,0.0000
5,0.0858,0.0499,0.0306,0.0000
6,0.0600,0.0499,0.0306,0.0000
0,0.0600,0.0499,0.0306,0.0000
1,0.3420,0.0499,0.0306,0.0000
2,0.2394,0.0499,0.0306,0.0000
3,0.1676,0.0499,0.0306,0.0000
4,0.1173,0.0499,0.0306,0.0000
5,0.0821,0.0499,0.0306,0.0000
6,0.0575,0.0499,0.0306,0.0000
0,0.0575,0.0499,0.0306,0.0000
1,0.3402,0.0499,0.0306,0.0000
2,0.2382,0.0499,0.0306,0.0000
3,0.1667,0.0499,0.0306,0.0000
4,0.1167,0.0499,0.0306,0.0000
5,0.0817,0.0499,0.0306,0.0000
6,0.0572,0.0499,0.0306,0.0000
0,0.0572,0.0499,0.0306,0.0000
1,0.3400,0.0499,0.0306,0.0000
2,0.2380,0.0499,0.0306,0.0000
3,0.1666,0.0499,0.0306,0.0000
4,0.1166,0.0499,0.0306,0.0000
5,0.1166,0.0499,0.0215,0.0000
6,0.0816,0.0499,0.0215,0.0000
0,0.0816,0.0499,0.0215,0.0000
1,0.3571,0.0499,0.0215,0.0000
2,0.2500,0.0499,0.0215,0.0000
3,0.1750,0.0499,0.0215,0.0000
4,0.1225,0.0499,0.0215,0.0000
5,0.0858,0.0499,0.0215,0.0000
6,0.0600,0.0499,0.0215,0.0000
0,0.0600,0.0499,0.0215,0.0000
1,0.3420,0.0499,0.0215,0.0000
2,0.2394,0.0499,0.0215,0.0000
3,0.1676,0.0499,0.0215,0.0000
4,0.1676,0.0349,0.0215,0.0000
5,0.1173,0.0349,0.0215,0.0000
6,0.0821,0.0349,0.0215,0.0000
0,0.0821,0.0349,0.0215,0.0000
1,0.0821,0.0349,0.0215,0.0000
2,0.0575,0.0349,0.0215,0.0000
3,0.0402,0.0349,0.0215,0.0000
4,0.0282,0.0349,0.0215,0.0000
5,0.0282,0.3244,0.0215,0.0000
6,0.0282,0.2271,0.0215,0.0000
7,0.0282,0.1590,0.0215,0.0000
8,0.0282,0.1590,0.3150,0.0000
9,0.0282,0.4113,0.3150,0.0000
10,0.0282,0.4113,0.3150,0.0000
0,0.0282,0.4113,0.3150,0.0000
1,0.0282,0.5879,0.3150,0.0000
2,0.0282,0.4115,0.3150,0.0000
3,0.0282,0.2881,0.3150,0.0000
4,0.0282,0.2881,0.2205,0.0000
5,0.0282,0.2016,0.2205,0.0000
6,0.0282,0.2016,0.1544,0.0000
0,0.0282,0.2016,0.1544,0.0000
1,0.0282,0.2016,0.1081,0.0000
2,0.0282,0.4412,0.1081,0.0000
3,0.0282,0.3088,0.1081,0.0000
4,0.3197,0.3088,0.1081,0.0000
5,0.2238,0.3088,0.1081,0.0000
6,0.1567,0.3088,0.1081,0.0000
7,0.1567,0.5162,0.1081,0.0000
8,0.1567,0.3613,0.1081,0.0000
9,0.1567,0.2529,0.1081,0.0000
10,0.1567,0.2529,0.0756,0.0000
0,0.1567,0.2529,0.0756,0.0000
1,0.1567,0.4770,0.0756,0.0000
2,0.1567,0.3339,0.0756,0.0000
3,0.1567,0.2338,0.0756,0.0000
4,0.1567,0.1636,0.0756,0.0000
5,0.1567,0.1145,0.0756,0.0000
6,0.4097,0.1145,0.0756,0.0000
7,0.4097,0.1145,0.3529,0.0000
8,0.4097,0.0802,0.3529,0.0000
9,0.5868,0.0802,0.3529,0.0000
10,0.4107,0.0802,0.3529,0.0000
0,0.4107,0.0802,0.3529,0.0000
1,0.5875,0.0802,0.3529,0.0000
2,0.4113,0.0802,0.3529,0.0000
3,0.2879,0.0802,0.3529,0.0000
4,0.2879,0.0802,0.2471,0.0000
5,0.2015,0.0802,0.2471,0.0000
6,0.2015,0.0802,0.1729,0.0000
0,0.2015,0.0802,0.1729,0.0000
1,0.4411,0.0802,0.1729,0.0000
2,0.3087,0.0802,0.1729,0.0000
3,0.2161,0.0802,0.1729,0.0000
4,0.1513,0.0802,0.1729,0.0000
5,0.1513,0.0802,0.1211,0.0000
6,0.1059,0.0802,0.1211,0.0000
0,0.1059,0.0802,0.1211,0.0000
1,0.1059,0.3561,0.1211,0.0000
2,0.1059,0.2493,0.1211,0.0000
3,0.1059,0.1745,0.1211,0.0000
4,0.1059,0.1222,0.1211,0.0000
5,0.1059,0.0855,0.1211,0.0000
6,0.1059,0.0855,0.0847,0.0000
0,0.1059,0.0855,0.0847,0.0000
1,0.1059,0.3599,0.0847,0.0000
2,0.1059,0.2519,0.0847,0.0000
3,0.1059,0.1763,0.0847,0.0000
4,0.1059,0.1234,0.0847,0.0000
5,0.1059,0.0864,0.0847,0.0000
6,0.3741,0.0864,0.0847,0.0000
7,0.2619,0.0864,0.0847,0.0000
8,0.1833,0.0864,0.0847,0.0000
9,0.1283,0.0864,0.0847,0.0000
10,0.0898,0.0864,0.0847,0.0000
0,0.0898,0.0864,0.0847,0.0000
1,0.3629,0.0864,0.0847,0.0000
2,0.2540,0.0864,0.0847,0.0000
3,0.2540,0.0864,0.0847,0.0000
4,0.2540,0.0864,0.0847,0.0000
5,0.1778,0.0864,0.0847,0.0000
6,0.1778,0.0864,0.0847,0.0000
0,0.1778,0.0864,0.0847,0.0000
1,0.4245,0.0864,0.0847,0.0000
2,0.2971,0.0864,0.0847,0.0000
3,0.2080,0.0864,0.0847,0.0000
4,0.1456,0.0864,0.0847,0.0000
5,0.1019,0.0864,0.0847,0.0000
6,0.0713,0.0864,0.0847,0.0000
0,0.0713,0.0864,0.0847,0.0000
1,0.0713,0.3605,0.0847,0.0000
2,0.0713,0.2523,0.0847,0.0000
3,0.0713,0.1766,0.0847,0.0000
4,0.0713,0.1236,0.0847,0.0000
5,0.0713,0.0866,0.0847,0.0000
6,0.0713,0.0866,0.0847,0.0000
0,0.0713,0.0866,0.0847,0.0000
1,0.0713,0.3606,0.0847,0.0000
2,0.0713,0.2524,0.0847,0.0000
3,0.0713,0.1767,0.0847,0.0000
4,0.0713,0.1237,0.0847,0.0000
5,0.0713,0.1237,0.0593,0.0000
6,0.3499,0.1237,0.0593,0.0000
7,0.2450,0.1237,0.0593,0.0000
8,0.1715,0.1237,0.0593,0.0000
9,0.1200,0.1237,0.0593,0.0000
10,0.1200,0.3866,0.0593,0.0000
0,0.1200,0.3866,0.0593,0.0000
1,0.1200,0.5706,0.0593,0.0000
2,0.1200,0.3994,0.0593,0.0000
3,0.1200,0.2796,0.0593,0.0000
4,0.1200,0.1957,0.0593,0.0000
5,0.1200,0.1370,0.0593,0.0000
6,0.1200,0.0959,0.0593,0.0000
0,0.1200,0.0959,0.0593,0.0000
1,0.3840,0.0959,0.0593,0.0000
2,0.2688,0.0959,0.0593,0.0000
3,0.2688,0.0959,0.0593,0.0000
4,0.1882,0.0959,0.0593,0.0000
5,0.1882,0.0959,0.0415,0.0000
6,0.1317,0.0959,0.0415,0.0000
0,0.1317,0.0959,0.0415,0.0000
1,0.3922,0.0959,0.0415,0.0000
2,0.2745,0.0959,0.0415,0.0000
3,0.1922,0.0959,0.0415,0.0000
4,0.1345,0.0959,0.0415,0.0000
5,0.0942,0.0959,0.0415,0.0000
6,0.0942,0.0671,0.0415,0.0000
0,0.0942,0.0671,0.0415,0.0000
1,0.3659,0.0671,0.0415,0.0000
2,0.2561,0.0671,0.0415,0.0000
3,0.1793,0.0671,0.0415,0.0000
4,0.1793,0.0470,0.0415,0.0000
5,0.1255,0.0470,0.0415,0.0000
6,0.0879,0.0470,0.0415,0.0000
0,0.0879,0.0470,0.0415,0.0000
1,0.3615,0.0470,0.0415,0.0000
2,0.2530,0.0470,0.0415,0.0000
3,0.1771,0.0470,0.0415,0.0000
4,0.1240,0.0470,0.0415,0.0000
5,0.1240,0.0470,0.0415,0.0000
6,0.0868,0.0470,0.0415,0.0000
0,0.0868,0.0470,0.0415,0.0000
1,0.3608,0.0470,0.0415,0.0000
2,0.2525,0.0470,0.0415,0.0000
3,0.1768,0.0470,0.0415,0.0000
4,0.1237,0.0470,0.0415,0.0000
5,0.1237,0.0470,0.0291,0.0000
6,0.0866,0.0470,0.0291,0.0000
0,0.0866,0.0470,0.0291,0.0000
1,0.3606,0.0470,0.0291,0.0000
2,0.2524,0.0470,0.0291,0.0000
3,0.1767,0.0470,0.0291,0.0000
4,0.1767,0.0329,0.0291,0.0000
5,0.1237,0.0329,0.0291,0.0000
6,0.0866,0.0329,0.0291,0.0000
0,0.0866,0.0329,0.0291,0.0000
1,0.3606,0.0329,0.0291,0.0000
2,0.3606,0.0230,0.0291,0.0000
3,0.2524,0.0230,0.0291,0.0000
4,0.1767,0.0230,0.0291,0.0000
5,0.1237,0.0230,0.0291,0.0000
6,0.0866,0.0230,0.0291,0.0000
0,0.0866,0.0230,0.0291,0.0000
1,0.3606,0.0230,0.0291,0.0000
2,0.2524,0.0230,0.0291,0.0000
3,0.1767,0.0230,0.0291,0.0000
4,0.1767,0.0161,0.0291,0.0000
5,0.1237,0.0161,0.0291,0.0000
6,0.0866,0.0161,0.0291,0.0000
0,0.0866,0.0161,0.0291,0.0000
1,0.3606,0.0161,0.0291,0.0000
2,0.2524,0.0161,0.0291,0.0000
3,0.1767,0.0161,0.0291,0.0000
4,0.1237,0.0161,0.0291,0.0000
5,0.1237,0.0113,0.0291,0.0000
6,0.0866,0.0113,0.0291,0.0000
0,0.0866,0.0113,0.0291,0.0000
1,0.3606,0.0113,0.0291,0.0000
2,0.2524,0.0113,0.0291,0.0000
3,0.1767,0.0113,0.0291,0.0000
4,0.1767,0.0079,0.0291,0.0000
5,0.1767,0.0055,0.0291,0.0000
6,0.1767,0.0039,0.0291,0.0000
0,0.1767,0.0039,0.0291,0.0000
1,0.4237,0.0039,0.0291,0.0000
2,0.2966,0.0039,0.0291,0.0000
3,0.2076,0.0039,0.0291,0.0000
4,0.1453,0.0039,0.0291,0.0000
5,0.1017,0.0039,0.0291,0.0000
6,0.1017,0.0039,0.0203,0.0000
0,0.1017,0.0039,0.0203,0.0000
1,0.3712,0.0039,0.0203,0.0000
2,0.2598,0.0039,0.0203,0.0000
3,0.2598,0.0039,0.0203,0.0000
4,0.1819,0.0039,0.0203,0.0000
5,0.1273,0.0039,0.0203,0.0000
6,0.0891,0.0039,0.0203,0.0000
0,0.0891,0.0039,0.0203,0.0000
1,0.0891,0.0039,0.3142,0.0000
2,0.3624,0.0039,0.3142,0.0000
3,0.2537,0.0039,0.3142,0.0000
4,0.1776,0.0039,0.3142,0.0000
5,0.1776,0.0039,0.2200,0.0000
6,0.1243,0.0039,0.2200,0.0000
7,0.1243,0.0039,0.1540,0.0000
0,0.1243,0.0039,0.1540,0.0000
1,0.1243,0.0039,0.4078,0.0000
2,0.1243,0.0039,0.2854,0.0000
3,0.1243,0.0039,0.1998,0.0000
4,0.1243,0.0039,0.1399,0.0000
5,0.1243,0.0039,0.0979,0.0000
6,0.1243,0.0039,0.0979,0.0000
0,0.1243,0.0039,0.0979,0.0000
1,0.3870,0.0039,0.0979,0.0000
2,0.2709,0.0039,0.0979,0.0000
3,0.1896,0.0039,0.0979,0.0000
4,0.1327,0.0039,0.0979,0.0000
5,0.0929,0.0039,0.0979,0.0000
6,0.0929,0.0039,0.0685,0.0000
0,0.0929,0.0039,0.0685,0.0000
1,0.3650,0.0039,0.0685,0.0000
2,0.2555,0.0039,0.0685,0.0000
3,0.1789,0.0039,0.0685,0.0000
4,0.1252,0.0039,0.0685,0.0000
5,0.0876,0.0039,0.0685,0.0000
6,0.0614,0.0039,0.0685,0.0000
0,0.0614,0.0039,0.0685,0.0000
1,0.0614,0.0039,0.3480,0.0000
2,0.0614,0.0039,0.2436,0.0000
3,0.0614,0.0039,0.1705,0.0000
4,0.0614,0.0039,0.1194,0.0000
5,0.0614,0.0039,0.0835,0.0000
6,0.0614,0.3027,0.0835,0.0000
7,0.0614,0.2119,0.0835,0.0000
8,0.0614,0.2119,0.0585,0.0000
9,0.0614,0.2119,0.0409,0.0000
10,0.0614,0.1483,0.0409,0.0000
0,0.0614,0.1483,0.0409,0.0000
1,0.0614,0.4038,0.0409,0.0000
2,0.0614,0.2827,0.0409,0.0000
3,0.0614,0.1979,0.0409,0.0000
4,0.0614,0.1385,0.0409,0.0000
5,0.0614,0.0970,0.0409,0.0000
6,0.0614,0.0679,0.0409,0.0000
0,0.0614,0.0679,0.0409,0.0000
1,0.0614,0.3475,0.0409,0.0000
2,0.0614,0.2433,0.0409,0.0000
3,0.0614,0.1703,0.0409,0.0000
4,0.0614,0.1192,0.0409,0.0000
5,0.0614,0.1192,0.0409,0.0000
6,0.0614,0.0834,0.0409,0.0000
0,0.0614,0.0834,0.0409,0.0000
1,0.0614,0.3584,0.0409,0.0000
2,0.0614,0.3584,0.0409,0.0000
3,0.0614,0.2509,0.0409,0.0000
4,0.0614,0.1756,0.0409,0.0000
5,0.0614,0.1229,0.0409,0.0000
6,0.0614,0.0861,0.0409,0.0000
0,0.0614,0.0861,0.0409,0.0000
1,0.0614,0.0861,0.3287,0.0000
2,0.0614,0.0861,0.2301,0.0000
3,0.0614,0.0861,0.1610,0.0000
4,0.0614,0.0861,0.1127,0.0000
5,0.0614,0.0861,0.0789,0.0000
6,0.0614,0.3602,0.0789,0.0000
7,0.0614,0.2522,0.0789,0.0000
8,0.0614,0.1765,0.0789,0.0000
9,0.0614,0.1236,0.0789,0.0000
10,0.0614,0.0865,0.0789,0.0000
0,0.0614,0.0865,0.0789,0.0000
1,0.0614,0.3605,0.0789,0.0000
2,0.0614,0.2524,0.0789,0.0000
3,0.0614,0.1767,0.0789,0.0000
4,0.0614,0.1767,0.0789,0.0000
5,0.0614,0.1237,0.0789,0.0000
6,0.0614,0.0866,0.0789,0.0000
0,0.0614,0.0866,0.0789,0.0000
1,0.0614,0.0866,0.3552,0.0000
2,0.0429,0.0866,0.3552,0.0000
3,0.0429,0.0866,0.2487,0.0000
4,0.0429,0.0866,0.1741,0.0000
5,0.0429,0.0866,0.1218,0.0000
6,0.0429,0.0866,0.0853,0.0000
0,0.0429,0.0866,0.0853,0.0000
1,0.3301,0.0866,0.0853,0.0000
2,0.2310,0.0866,0.0853,0.0000
3,0.1617,0.0866,0.0853,0.0000
4,0.1132,0.0866,0.0853,0.0000
5,0.0792,0.0866,0.0853,0.0000
6,0.0792,0.0606,0.0853,0.0000
0,0.0792,0.0606,0.0853,0.0000
1,0.0792,0.0606,0.3597,0.0000
2,0.0792,0.0606,0.2518,0.0000
3,0.0792,0.0606,0.1763,0.0000
4,0.0792,0.0606,0.1234,0.0000
5,0.3555,0.0606,0.1234,0.0000
6,0.2488,0.0606,0.1234,0.0000
7,0.1742,0.0606,0.1234,0.0000
8,0.1219,0.0606,0.1234,0.0000
9,0.1219,0.0606,0.0864,0.0000
10,0.0853,0.0606,0.0864,0.0000
0,0.0853,0.0606,0.0864,0.0000
1,0.0853,0.0606,0.3605,0.0000
2,0.0853,0.0606,0.2523,0.0000
3,0.0853,0.0606,0.1766,0.0000
4,0.0853,0.0606,0.1766,0.0000
5,0.0853,0.0606,0.1236,0.0000
6,0.0853,0.0606,0.0865,0.0000
0,0.0853,0.0606,0.0865,0.0000
1,0.0853,0.0606,0.0606,0.0000
2,0.3597,0.0606,0.0606,0.0000
3,0.2518,0.0606,0.0606,0.0000
4,0.1763,0.0606,0.0606,0.0000
5,0.1234,0.0606,0.0606,0.0000
6,0.0864,0.0606,0.0606,0.0000
7,0.0605,0.0606,0.0606,0.0000
0,0.0605,0.0606,0.0606,0.0000
1,0.0605,0.3424,0.0606,0.0000
2,0.0605,0.2397,0.0606,0.0000
3,0.0605,0.1678,0.0606,0.0000
4,0.0605,0.1174,0.0606,0.0000
5,0.0605,0.0822,0.0606,0.0000
6,0.0605,0.0576,0.0606,0.0000
0,0.0605,0.0576,0.0606,0.0000
1,0.0605,0.0576,0.3424,0.0000
2,0.0605,0.0576,0.2397,0.0000
3,0.0605,0.0576,0.1678,0.0000
4,0.0423,0.0576,0.1678,0.0000
5,0.0423,0.0576,0.1174,0.0000
6,0.0423,0.0576,0.0822,0.0000
0,0.0423,0.0576,0.0822,0.0000
1,0.0423,0.0576,0.3575,0.0000
2,0.0423,0.0576,0.2503,0.0000
3,0.0423,0.3403,0.2503,0.0000
4,0.0423,0.2382,0.2503,0.0000
5,0.0423,0.2382,0.1752,0.0000
6,0.0423,0.1667,0.1752,0.0000
7,0.0423,0.1667,0.1226,0.0000
8,0.0423,0.1167,0.1226,0.0000
0,0.0423,0.1167,0.1226,0.0000
1,0.0423,0.1167,0.3858,0.0000
2,0.0423,0.1167,0.2701,0.0000
3,0.0423,0.1167,0.1891,0.0000
4,0.0423,0.1167,0.1323,0.0000
5,0.0423,0.1167,0.0926,0.0000
6,0.0423,0.3817,0.0926,0.0000
7,0.0423,0.2672,0.0926,0.0000
8,0.0423,0.1870,0.0926,0.0000
9,0.0423,0.1309,0.0926,0.0000
10,0.0423,0.0916,0.0926,0.0000
0,0.0423,0.0916,0.0926,0.0000
1,0.0423,0.0916,0.3648,0.0000
2,0.0423,0.0916,0.2554,0.0000
3,0.0423,0.0916,0.1788,0.0000
4,0.0423,0.0916,0.1251,0.0000
5,0.0423,0.0916,0.0876,0.0000
6,0.0423,0.3642,0.0876,0.0000
7,0.0423,0.2549,0.0876,0.0000
8,0.0423,0.1784,0.0876,0.0000
9,0.0423,0.1249,0.0876,0.0000
10,0.0423,0.0874,0.0876,0.0000
0,0.0423,0.0874,0.0876,0.0000
1,0.0423,0.0874,0.0613,0.0000
2,0.0423,0.0612,0.0613,0.0000
3,0.0423,0.0428,0.0613,0.0000
4,0.0423,0.0428,0.0429,0.0000
5,0.0423,0.0428,0.0300,0.0000
0,0.0423,0.0428,0.0300,0.0000
1,0.0423,0.3300,0.0300,0.0000
2,0.0423,0.2310,0.0300,0.0000
3,0.0423,0.2310,0.0300,0.0000
4,0.0423,0.1617,0.0300,0.0000
5,0.0423,0.1132,0.0300,0.0000
6,0.0423,0.0792,0.0300,0.0000
0,0.0423,0.0792,0.0300,0.0000
1,0.0423,0.3555,0.0300,0.0000
2,0.0423,0.2488,0.0300,0.0000
3,0.0423,0.1742,0.0300,0.0000
4,0.0423,0.1219,0.0300,0.0000
5,0.0423,0.0853,0.0300,0.0000
6,0.0423,0.0597,0.0300,0.0000
0,0.0423,0.0597,0.0300,0.0000
1,0.0423,0.3418,0.0300,0.0000
2,0.0423,0.2393,0.0300,0.0000
3,0.0423,0.1675,0.0300,0.0000
4,0.0423,0.1172,0.0300,0.0000
5,0.0423,0.0821,0.0300,0.0000
6,0.0423,0.0821,0.3210,0.0000
7,0.0423,0.0821,0.2247,0.0000
8,0.0423,0.0821,0.1573,0.0000
9,0.0423,0.0821,0.1101,0.0000
10,0.0423,0.0821,0.0771,0.0000
0,0.0423,0.0821,0.0771,0.0000
1,0.0423,0.3574,0.0771,0.0000
2,0.0423,0.2502,0.0771,0.0000
3,0.0423,0.1752,0.0771,0.0000
4,0.0423,0.1226,0.0771,0.0000
5,0.0423,0.0858,0.0771,0.0000
6,0.0423,0.0601,0.0771,0.0000
0,0.0423,0.0601,0.0771,0.0000
1,0.0423,0.0601,0.3540,0.0000
2,0.0423,0.0601,0.2478,0.0000
3,0.0423,0.0601,0.1734,0.0000
4,0.0423,0.0601,0.1214,0.0000
5,0.0423,0.0601,0.0850,0.0000
6,0.0423,0.0601,0.0595,0.0000
0,0.0423,0.0601,0.0595,0.0000
1,0.0423,0.3421,0.0595,0.0000
2,0.0423,0.2394,0.0595,0.0000
3,0.0423,0.1676,0.0595,0.0000
4,0.0423,0.1676,0.0416,0.0000
5,0.0423,0.1173,0.0416,0.0000
6,0.3296,0.1173,0.0416,0.0000
7,0.2307,0.1173,0.0416,0.0000
8,0.1615,0.1173,0.0416,0.0000
9,0.1131,0.1173,0.0416,0.0000
10,0.1131,0.1173,0.0416,0.0000
0,0.1131,0.1173,0.0416,0.0000
1,0.1131,0.3821,0.0416,0.0000
2,0.1131,0.2675,0.0416,0.0000
3,0.1131,0.2675,0.0291,0.0000
4,0.1131,0.1872,0.0291,0.0000
5,0.1131,0.1311,0.0291,0.0000
6,0.1131,0.0917,0.0291,0.0000
0,0.1131,0.0917,0.0291,0.0000
1,0.3791,0.0917,0.0291,0.0000
2,0.2654,0.0917,0.0291,0.0000
3,0.1858,0.0917,0.0291,0.0000
4,0.1300,0.0917,0.0291,0.0000
5,0.0910,0.0917,0.0291,0.0000
6,0.0910,0.0642,0.0291,0.0000
0,0.0910,0.0642,0.0291,0.0000
1,0.3637,0.0642,0.0291,0.0000
2,0.2546,0.0642,0.0291,0.0000
3,0.1782,0.0642,0.0291,0.0000
4,0.1782,0.0642,0.0291,0.0000
5,0.1248,0.0642,0.0291,0.0000
6,0.0873,0.0642,0.0291,0.0000
0,0.0873,0.0642,0.0291,0.0000
1,0.3611,0.0642,0.0291,0.0000
2,0.2528,0.0642,0.0291,0.0000
3,0.1770,0.0642,0.0291,0.0000
4,0.1239,0.0642,0.0291,0.0000
5,0.0867,0.0642,0.0291,0.0000
6,0.0607,0.0642,0.0291,0.0000
0,0.0607,0.0642,0.0291,0.0000
1,0.3425,0.0642,0.0291,0.0000
2,0.2397,0.0642,0.0291,0.0000
3,0.1678,0.0642,0.0291,0.0000
4,0.1678,0.0642,0.0291,0.0000
5,0.1175,0.0642,0.0291,0.0000
6,0.0822,0.0642,0.0291,0.0000
0,0.0822,0.0642,0.0291,0.0000
1,0.3576,0.0642,0.0291,0.0000
2,0.2503,0.0642,0.0291,0.0000
3,0.1752,0.0642,0.0291,0.0000
4,0.1226,0.0642,0.0291,0.0000
5,0.1226,0.0642,0.0204,0.0000
6,0.0859,0.0642,0.0204,0.0000
0,0.0859,0.0642,0.0204,0.0000
1,0.3601,0.0642,0.0204,0.0000
2,0.2521,0.0642,0.0204,0.0000
3,0.1764,0.0642,0.0204,0.0000
4,0.1235,0.0642,0.0204,0.0000
5,0.0865,0.0642,0.0204,0.0000
6,0.0865,0.0450,0.0204,0.0000
0,0.0865,0.0450,0.0204,0.0000
1,0.3605,0.0450,0.0204,0.0000
2,0.2524,0.0450,0.0204,0.0000
3,0.1767,0.0450,0.0204,0.0000
4,0.1237,0.0450,0.0204,0.0000
5,0.1237,0.0450,0.0204,0.0000
6,0.0866,0.0450,0.0204,0.0000
0,0.0866,0.0450,0.0204,0.0000
1,0.3606,0.0450,0.0204,0.0000
2,0.2524,0.0450,0.0204,0.0000
3,0.1767,0.0450,0.0204,0.0000
4,0.1237,0.0450,0.0204,0.0000
5,0.0866,0.0450,0.0204,0.0000
6,0.0606,0.0450,0.0204,0.0000
0,0.0606,0.0450,0.0204,0.0000
1,0.0606,0.3315,0.0204,0.0000
2,0.0606,0.2320,0.0204,0.0000
3,0.0606,0.1624,0.0204,0.0000
4,0.0606,0.1624,0.0204,0.0000
5,0.0606,0.1137,0.0204,0.0000
6,0.0606,0.0796,0.0204,0.0000
0,0.0606,0.0796,0.0204,0.0000
1,0.0606,0.3557,0.0204,0.0000
2,0.0606,0.2490,0.0204,0.0000
3,0.3424,0.2490,0.0204,0.0000
4,0.2397,0.2490,0.0204,0.0000
5,0.2397,0.1743,0.0204,0.0000
6,0.1678,0.1743,0.0204,0.0000
7,0.1678,0.1220,0.0204,0.0000
8,0.1175,0.1220,0.0204,0.0000
0,0.1175,0.1220,0.0204,0.0000
1,0.1175,0.3854,0.0204,0.0000
2,0.1175,0.2698,0.0204,0.0000
3,0.1175,0.1888,0.0204,0.0000
4,0.3822,0.1888,0.0204,0.0000
5,0.2676,0.1888,0.0204,0.0000
6,0.2676,0.1888,0.0143,0.0000
7,0.1873,0.1888,0.0143,0.0000
8,0.1873,0.1322,0.0143,0.0000
9,0.1311,0.1322,0.0143,0.0000
0,0.1311,0.1322,0.0143,0.0000
1,0.1311,0.3925,0.0143,0.0000
2,0.1311,0.2748,0.0143,0.0000
3,0.1311,0.1923,0.0143,0.0000
4,0.1311,0.1346,0.0143,0.0000
5,0.1311,0.0942,0.0143,0.0000
6,0.3918,0.0942,0.0143,0.0000
7,0.2742,0.0942,0.0143,0.0000
8,0.1920,0.0942,0.0143,0.0000
9,0.1344,0.0942,0.0143,0.0000
10,0.0941,0.0942,0.0143,0.0000
0,0.0941,0.0942,0.0143,0.0000
1,0.0941,0.3660,0.0143,0.0000
2,0.0941,0.2562,0.0143,0.0000
3,0.0941,0.2562,0.0143,0.0000
4,0.0941,0.2562,0.0143,0.0000
5,0.0941,0.1793,0.0143,0.0000
6,0.0941,0.1255,0.0143,0.0000
0,0.0941,0.1255,0.0143,0.0000
1,0.0941,0.1255,0.3100,0.0000
2,0.0941,0.1255,0.2170,0.0000
3,0.3658,0.1255,0.2170,0.0000
4,0.3658,0.1255,0.4519,0.0000
5,0.3658,0.1255,0.3163,0.0000
6,0.5561,0.1255,0.3163,0.0000
7,0.3893,0.1255,0.3163,0.0000
8,0.3893,0.1255,0.2214,0.0000
9,0.2725,0.1255,0.2214,0.0000
10,0.1907,0.1255,0.2214,0.0000
0,0.1907,0.1255,0.2214,0.0000
1,0.1907,0.1255,0.4550,0.0000
2,0.1907,0.1255,0.3185,0.0000
3,0.1907,0.1255,0.2230,0.0000
4,0.1907,0.0879,0.2230,0.0000
5,0.1907,0.0615,0.2230,0.0000
6,0.1907,0.0615,0.1561,0.0000
0,0.1907,0.0615,0.1561,0.0000
1,0.4335,0.0615,0.1561,0.0000
2,0.4335,0.0615,0.1561,0.0000
3,0.3035,0.0615,0.1561,0.0000
4,0.2124,0.0615,0.1561,0.0000
5,0.1487,0.0615,0.1561,0.0000
6,0.1487,0.0615,0.1561,0.0000
0,0.1487,0.0615,0.1561,0.0000
1,0.1487,0.0615,0.4092,0.0000
2,0.1487,0.0615,0.2865,0.0000
3,0.1487,0.0615,0.2865,0.0000
4,0.1487,0.0615,0.2005,0.0000
5,0.1487,0.0615,0.1404,0.0000
6,0.4041,0.0615,0.1404,0.0000
7,0.2829,0.0615,0.1404,0.0000
8,0.1980,0.0615,0.1404,0.0000
9,0.1386,0.0615,0.1404,0.0000
10,0.1386,0.0615,0.1404,0.0000
0,0.1386,0.0615,0.1404,0.0000
1,0.1386,0.0615,0.3983,0.0000
2,0.1386,0.0615,0.2788,0.0000
3,0.1386,0.0615,0.1951,0.0000
4,0.1386,0.0615,0.1366,0.0000
5,0.3970,0.0615,0.1366,0.0000
6,0.2779,0.0615,0.1366,0.0000
7,0.1945,0.0615,0.1366,0.0000
8,0.1362,0.0615,0.1366,0.0000
9,0.1362,0.0615,0.0956,0.0000
10,0.0953,0.0615,0.0956,0.0000
0,0.0953,0.0615,0.0956,0.0000
1,0.0953,0.0615,0.3669,0.0000
2,0.0953,0.0615,0.2569,0.0000
3,0.0953,0.3431,0.2569,0.0000
4,0.0953,0.2401,0.2569,0.0000
5,0.0953,0.2401,0.1798,0.0000
6,0.0953,0.1681,0.1798,0.0000
7,0.0953,0.1681,0.1259,0.0000
8,0.0953,0.1177,0.1259,0.0000
0,0.0953,0.1177,0.1259,0.0000
1,0.0953,0.1177,0.0881,0.0000
2,0.0953,0.3824,0.0881,0.0000
3,0.0953,0.2677,0.0881,0.0000
4,0.0953,0.1874,0.0881,0.0000
5,0.3667,0.1874,0.0881,0.0000
6,0.3667,0.1312,0.0881,0.0000
7,0.2567,0.1312,0.0881,0.0000
8,0.1797,0.1312,0.0881,0.0000
9,0.1258,0.1312,0.0881,0.0000
10,0.1258,0.0918,0.0881,0.0000
0,0.1258,0.0918,0.0881,0.0000
1,0.3881,0.0918,0.0881,0.0000
2,0.2716,0.0918,0.0881,0.0000
3,0.1901,0.0918,0.0881,0.0000
4,0.1331,0.0918,0.0881,0.0000
5,0.0932,0.0918,0.0881,0.0000
6,0.0652,0.0918,0.0881,0.0000
0,0.0652,0.0918,0.0881,0.0000
1,0.0652,0.3643,0.0881,0.0000
2,0.0652,0.2550,0.0881,0.0000
3,0.0652,0.1785,0.0881,0.0000
4,0.0652,0.1249,0.0881,0.0000
5,0.0652,0.0875,0.0881,0.0000
6,0.0652,0.0875,0.0617,0.0000
0,0.0652,0.0875,0.0617,0.0000
1,0.0652,0.3612,0.0617,0.0000
2,0.3457,0.3612,0.0617,0.0000
3,0.3457,0.3612,0.0617,0.0000
4,0.3457,0.2529,0.0617,0.0000
5,0.2420,0.2529,0.0617,0.0000
6,0.2420,0.1770,0.0617,0.0000
7,0.1694,0.1770,0.0617,0.0000
0,0.1694,0.1770,0.0617,0.0000
1,0.1694,0.1239,0.0617,0.0000
2,0.1694,0.1239,0.0617,0.0000
3,0.4186,0.1239,0.0617,0.0000
4,0.2930,0.1239,0.0617,0.0000
5,0.2051,0.1239,0.0617,0.0000
6,0.2051,0.1239,0.0432,0.0000
7,0.1436,0.1239,0.0432,0.0000
8,0.1005,0.1239,0.0432,0.0000
0,0.1005,0.1239,0.0432,0.0000
1,0.1005,0.0867,0.0432,0.0000
2,0.3703,0.0867,0.0432,0.0000
3,0.3703,0.0867,0.0302,0.0000
4,0.2592,0.0867,0.0302,0.0000
5,0.1815,0.0867,0.0302,0.0000
6,0.1270,0.0867,0.0302,0.0000
7,0.0889,0.0867,0.0302,0.0000
0,0.0889,0.0867,0.0302,0.0000
1,0.0889,0.0607,0.0302,0.0000
2,0.0889,0.0425,0.0302,0.0000
3,0.0889,0.0297,0.0302,0.0000
4,0.3622,0.0297,0.0302,0.0000
5,0.2536,0.0297,0.0302,0.0000
6,0.1775,0.0297,0.0302,0.0000
7,0.1242,0.0297,0.0302,0.0000
8,0.1242,0.0297,0.0212,0.0000
9,0.1242,0.0297,0.0148,0.0000
0,0.1242,0.0297,0.0148,0.0000
1,0.3870,0.0297,0.0148,0.0000
2,0.2709,0.0297,0.0148,0.0000
3,0.1896,0.0297,0.0148,0.0000
4,0.1327,0.0297,0.0148,0.0000
5,0.1327,0.0208,0.0148,0.0000
6,0.0929,0.0208,0.0148,0.0000
0,0.0929,0.0208,0.0148,0.0000
1,0.3650,0.0208,0.0148,0.0000
2,0.3650,0.3146,0.0148,0.0000
3,0.3650,0.3146,0.0148,0.0000
4,0.2555,0.3146,0.0148,0.0000
5,0.1789,0.3146,0.0148,0.0000
6,0.1789,0.2202,0.0148,0.0000
7,0.1789,0.1541,0.0148,0.0000
0,0.1789,0.1541,0.0148,0.0000
1,0.4252,0.1541,0.0148,0.0000
2,0.2976,0.1541,0.0148,0.0000
3,0.2084,0.1541,0.0148,0.0000
4,0.1458,0.1541,0.0148,0.0000
5,0.1021,0.1541,0.0148,0.0000
6,0.1021,0.1079,0.0148,0.0000
0,0.1021,0.1079,0.0148,0.0000
1,0.3715,0.1079,0.0148,0.0000
2,0.2600,0.1079,0.0148,0.0000
3,0.1820,0.1079,0.0148,0.0000
4,0.1274,0.1079,0.0148,0.0000
5,0.0892,0.1079,0.0148,0.0000
6,0.0892,0.0755,0.0148,0.0000
0,0.0892,0.0755,0.0148,0.0000
1,0.3624,0.0755,0.0148,0.0000
2,0.2537,0.0755,0.0148,0.0000
3,0.1776,0.0755,0.0148,0.0000
4,0.1243,0.0755,0.0148,0.0000
5,0.0870,0.0755,0.0148,0.0000
6,0.0609,0.0755,0.0148,0.0000
0,0.0609,0.0755,0.0148,0.0000
1,0.0609,0.3529,0.0148,0.0000
2,0.0609,0.2470,0.0148,0.0000
3,0.0609,0.1729,0.0148,0.0000
4,0.0609,0.1210,0.0148,0.0000
5,0.0609,0.0847,0.0148,0.0000
6,0.0609,0.0847,0.3104,0.0000
7,0.0609,0.0847,0.2173,0.0000
8,0.0609,0.0847,0.1521,0.0000
9,0.0609,0.0847,0.1065,0.0000
10,0.0609,0.0847,0.0745,0.0000
0,0.0609,0.0847,0.0745,0.0000
1,0.0609,0.3593,0.0745,0.0000
2,0.0609,0.2515,0.0745,0.0000
3,0.0609,0.1761,0.0745,0.0000
4,0.0609,0.1232,0.0745,0.0000
5,0.0609,0.0863,0.0745,0.0000
6,0.0609,0.0604,0.0745,0.0000
0,0.0609,0.0604,0.0745,0.0000
1,0.3426,0.0604,0.0745,0.0000
2,0.2398,0.0604,0.0745,0.0000
3,0.1679,0.0604,0.0745,0.0000
4,0.1175,0.0604,0.0745,0.0000
5,0.0823,0.0604,0.0745,0.0000
6,0.0823,0.0423,0.0745,0.0000
0,0.0823,0.0423,0.0745,0.0000
1,0.0823,0.0296,0.0745,0.0000
2,0.0823,0.0296,0.0522,0.0000
3,0.3576,0.0296,0.0522,0.0000
4,0.3576,0.0207,0.0522,0.0000
5,0.2503,0.0207,0.0522,0.0000
6,0.1752,0.0207,0.0522,0.0000
7,0.1227,0.0207,0.0522,0.0000
8,0.0859,0.0207,0.0522,0.0000
0,0.0859,0.0207,0.0522,0.0000
1,0.3601,0.0207,0.0522,0.0000
2,0.2521,0.0207,0.0522,0.0000
3,0.1764,0.0207,0.0522,0.0000
4,0.1764,0.0145,0.0522,0.0000
5,0.1235,0.0145,0.0522,0.0000
6,0.0865,0.0145,0.0522,0.0000
0,0.0865,0.0145,0.0522,0.0000
1,0.0865,0.0145,0.0522,0.0000
2,0.0865,0.3101,0.0522,0.0000
3,0.0865,0.2171,0.0522,0.0000
4,0.0865,0.1520,0.0522,0.0000
5,0.0865,0.1064,0.0522,0.0000
6,0.0865,0.0745,0.0522,0.0000
7,0.3605,0.0745,0.0522,0.0000
8,0.3605,0.0521,0.0522,0.0000
9,0.3605,0.0521,0.0365,0.0000
10,0.3605,0.0521,0.0256,0.0000
0,0.3605,0.0521,0.0256,0.0000
1,0.5524,0.0521,0.0256,0.0000
2,0.3867,0.0521,0.0256,0.0000
3,0.2707,0.0521,0.0256,0.0000
4,0.1895,0.0521,0.0256,0.0000
5,0.1326,0.0521,0.0256,0.0000
6,0.1326,0.0521,0.0256,0.0000
0,0.1326,0.0521,0.0256,0.0000
1,0.3928,0.0521,0.0256,0.0000
2,0.2750,0.0521,0.0256,0.0000
3,0.2750,0.0365,0.0256,0.0000
4,0.1925,0.0365,0.0256,0.0000
5,0.1347,0.0365,0.0256,0.0000
6,0.0943,0.0365,0.0256,0.0000
0,0.0943,0.0365,0.0256,0.0000
1,0.3660,0.0365,0.0256,0.0000
2,0.2562,0.0365,0.0256,0.0000
3,0.2562,0.0255,0.0256,0.0000
4,0.1794,0.0255,0.0256,0.0000
5,0.1255,0.0255,0.0256,0.0000
6,0.0879,0.0255,0.0256,0.0000
0,0.0879,0.0255,0.0256,0.0000
1,0.3615,0.0255,0.0256,0.0000
2,0.2531,0.0255,0.0256,0.0000
3,0.1771,0.0255,0.0256,0.0000
4,0.1240,0.0255,0.0256,0.0000
5,0.1240,0.0255,0.0179,0.0000
6,0.0868,0.0255,0.0179,0.0000
0,0.0868,0.0255,0.0179,0.0000
1,0.3608,0.0255,0.0179,0.0000
2,0.2525,0.0255,0.0179,0.0000
3,0.2525,0.0255,0.0125,0.0000
4,0.1768,0.0255,0.0125,0.0000
5,0.1237,0.0255,0.0125,0.0000
6,0.0866,0.0255,0.0125,0.0000
0,0.0866,0.0255,0.0125,0.0000
1,0.0866,0.0255,0.0125,0.0000
2,0.3606,0.0255,0.0125,0.0000
3,0.3606,0.0255,0.0088,0.0000
4,0.2524,0.0255,0.0088,0.0000
5,0.1767,0.0255,0.0088,0.0000
6,0.1237,0.0255,0.0088,0.0000
7,0.0866,0.0255,0.0088,0.0000
0,0.0866,0.0255,0.0088,0.0000
1,0.3606,0.0255,0.0088,0.0000
2,0.2524,0.0255,0.0088,0.0000
3,0.1767,0.0255,0.0088,0.0000
4,0.1237,0.0255,0.0088,0.0000
5,0.0866,0.0255,0.0088,0.0000
6,0.0606,0.0255,0.0088,0.0000
0,0.0606,0.0255,0.0088,0.0000
1,0.3424,0.0255,0.0088,0.0000
2,0.2397,0.0255,0.0088,0.0000
3,0.1678,0.0255,0.0088,0.0000
4,0.1678,0.0255,0.0088,0.0000
5,0.1678,0.0255,0.0088,0.0000
6,0.1175,0.0255,0.0088,0.0000
0,0.1175,0.0255,0.0088,0.0000
1,0.3822,0.0255,0.0088,0.0000
2,0.3822,0.0255,0.0088,0.0000
3,0.2676,0.0255,0.0088,0.0000
4,0.1873,0.0255,0.0088,0.0000
5,0.1311,0.0255,0.0088,0.0000
6,0.0918,0.0255,0.0088,0.0000
0,0.0918,0.0255,0.0088,0.0000
1,0.3642,0.0255,0.0088,0.0000
2,0.3642,0.0179,0.0088,0.0000
3,0.2550,0.0179,0.0088,0.0000
4,0.1785,0.0179,0.0088,0.0000
5,0.1249,0.0179,0.0088,0.0000
6,0.0875,0.0179,0.0088,0.0000
0,0.0875,0.0179,0.0088,0.0000
1,0.3612,0.0179,0.0088,0.0000
2,0.2529,0.0179,0.0088,0.0000
3,0.1770,0.0179,0.0088,0.0000
4,0.1239,0.0179,0.0088,0.0000
5,0.0867,0.0179,0.0088,0.0000
6,0.0607,0.0179,0.0088,0.0000
0,0.0607,0.0179,0.0088,0.0000
1,0.3425,0.0179,0.0088,0.0000
2,0.3425,0.0125,0.0088,0.0000
3,0.2397,0.0125,0.0088,0.0000
4,0.1678,0.0125,0.0088,0.0000
5,0.1678,0.0125,0.0061,0.0000
6,0.1175,0.0125,0.0061,0.0000
0,0.1175,0.0125,0.0061,0.0000
1,0.3822,0.0125,0.0061,0.0000
2,0.2676,0.0125,0.0061,0.0000
3,0.1873,0.0125,0.0061,0.0000
4,0.1873,0.0125,0.0043,0.0000
5,0.1311,0.0125,0.0043,0.0000
6,0.0918,0.0125,0.0043,0.0000
0,0.0918,0.0125,0.0043,0.0000
1,0.0918,0.0088,0.0043,0.0000
2,0.0918,0.0088,0.0043,0.0000
3,0.3642,0.0088,0.0043,0.0000
4,0.2550,0.0088,0.0043,0.0000
5,0.1785,0.0088,0.0043,0.0000
6,0.1249,0.0088,0.0043,0.0000
7,0.0875,0.0088,0.0043,0.0000
8,0.0612,0.0088,0.0043,0.0000
0,0.0612,0.0088,0.0043,0.0000
1,0.3429,0.0088,0.0043,0.0000
2,0.2400,0.0088,0.0043,0.0000
3,0.1680,0.0088,0.0043,0.0000
4,0.1176,0.0088,0.0043,0.0000
5,0.1176,0.0088,0.0030,0.0000
6,0.1176,0.0088,0.0021,0.0000
0,0.1176,0.0088,0.0021,0.0000
1,0.3823,0.0088,0.0021,0.0000
2,0.2676,0.0088,0.0021,0.0000
3,0.1873,0.0088,0.0021,0.0000
4,0.1873,0.0088,0.0015,0.0000
5,0.1311,0.0088,0.0015,0.0000
6,0.0918,0.0088,0.0015,0.0000
0,0.0918,0.0088,0.0015,0.0000
1,0.3643,0.0088,0.0015,0.0000
2,0.2550,0.0088,0.0015,0.0000
3,0.2550,0.0088,0.0010,0.0000
4,0.1785,0.0088,0.0010,0.0000
5,0.1249,0.0088,0.0010,0.0000
6,0.0875,0.0088,0.0010,0.0000
0,0.0875,0.0088,0.0010,0.0000
1,0.3612,0.0088,0.0010,0.0000
2,0.2529,0.0088,0.0010,0.0000
3,0.1770,0.0088,0.0010,0.0000
4,0.1770,0.0088,0.0007,0.0000
5,0.1239,0.0088,0.0007,0.0000
6,0.0867,0.0088,0.0007,0.0000
0,0.0867,0.0088,0.0007,0.0000
1,0.3607,0.0088,0.0007,0.0000
2,0.2525,0.0088,0.0007,0.0000
3,0.2525,0.0061,0.0007,0.0000
4,0.1767,0.0061,0.0007,0.0000
5,0.1237,0.0061,0.0007,0.0000
6,0.1237,0.0043,0.0007,0.0000
0,0.1237,0.0043,0.0007,0.0000
1,0.3866,0.0043,0.0007,0.0000
2,0.3866,0.0043,0.0007,0.0000
3,0.2706,0.0043,0.0007,0.0000
4,0.1894,0.0043,0.0007,0.0000
5,0.1326,0.0043,0.0007,0.0000
6,0.0928,0.0043,0.0007,0.0000
0,0.0928,0.0043,0.0007,0.0000
1,0.3650,0.0043,0.0007,0.0000
2,0.2555,0.0043,0.0007,0.0000
3,0.2555,0.0043,0.0005,0.0000
4,0.1788,0.0043,0.0005,0.0000
5,0.1252,0.0043,0.0005,0.0000
6,0.0876,0.0043,0.0005,0.0000
0,0.0876,0.0043,0.0005,0.0000
1,0.3613,0.0043,0.0005,0.0000
2,0.2529,0.0043,0.0005,0.0000
3,0.1771,0.0043,0.0005,0.0000
4,0.1239,0.0043,0.0005,0.0000
5,0.0868,0.0043,0.0005,0.0000
6,0.0868,0.0043,0.0004,0.0000
0,0.0868,0.0043,0.0004,0.0000
1,0.0868,0.0043,0.3002,0.0000
2,0.3607,0.0043,0.3002,0.0000
3,0.2525,0.0043,0.3002,0.0000
4,0.2525,0.0043,0.5102,0.0000
5,0.2525,0.0043,0.3571,0.0000
6,0.2525,0.0043,0.3571,0.0000
7,0.2525,0.0043,0.2500,0.0000
8,0.4768,0.0043,0.2500,0.0000
9,0.3337,0.0043,0.2500,0.0000
10,0.2336,0.0043,0.2500,0.0000
0,0.2336,0.0043,0.2500,0.0000
1,0.2336,0.0043,0.4750,0.0000
2,0.2336,0.0043,0.3325,0.0000
3,0.2336,0.0043,0.2327,0.0000
4,0.2336,0.0043,0.1629,0.0000
5,0.1635,0.0043,0.1629,0.0000
6,0.1145,0.0043,0.1629,0.0000
0,0.1145,0.0043,0.1629,0.0000
1,0.1145,0.0043,0.4140,0.0000
2,0.1145,0.0043,0.2898,0.0000
3,0.1145,0.0043,0.2029,0.0000
4,0.1145,0.0043,0.1420,0.0000
5,0.0801,0.0043,0.1420,0.0000
6,0.0801,0.0043,0.0994,0.0000
0,0.0801,0.0043,0.0994,0.0000
1,0.0801,0.0043,0.3696,0.0000
2,0.0801,0.0043,0.2587,0.0000
3,0.0801,0.0043,0.2587,0.0000
4,0.0801,0.0043,0.1811,0.0000
5,0.0801,0.0043,0.1268,0.0000
6,0.0801,0.0043,0.0887,0.0000
0,0.0801,0.0043,0.0887,0.0000
1,0.0801,0.0043,0.3621,0.0000
2,0.0801,0.0043,0.2535,0.0000
3,0.0801,0.0043,0.1774,0.0000
4,0.0801,0.0043,0.1242,0.0000
5,0.0801,0.0043,0.0869,0.0000
6,0.0801,0.0043,0.0609,0.0000
0,0.0801,0.0043,0.0609,0.0000
1,0.3561,0.0043,0.0609,0.0000
2,0.3561,0.3030,0.0609,0.0000
3,0.3561,0.3030,0.3426,0.0000
4,0.5493,0.3030,0.3426,0.0000
5,0.3845,0.3030,0.3426,0.0000
6,0.2691,0.3030,0.3426,0.0000
7,0.2691,0.3030,0.5398,0.0000
8,0.2691,0.3030,0.3779,0.0000
9,0.2691,0.3030,0.2645,0.0000
10,0.2691,0.5121,0.2645,0.0000
0,0.2691,0.5121,0.2645,0.0000
1,0.2691,0.3585,0.2645,0.0000
2,0.2691,0.2509,0.2645,0.0000
3,0.4884,0.2509,0.2645,0.0000
4,0.3419,0.2509,0.2645,0.0000
5,0.2393,0.2509,0.2645,0.0000
6,0.2393,0.2509,0.1852,0.0000
7,0.2393,0.1757,0.1852,0.0000
8,0.1675,0.1757,0.1852,0.0000
0,0.1675,0.1757,0.1852,0.0000
1,0.1675,0.1757,0.4296,0.0000
2,0.1675,0.1757,0.3007,0.0000
3,0.1675,0.1757,0.2105,0.0000
4,0.1675,0.1757,0.1474,0.0000
5,0.1675,0.1230,0.1474,0.0000
6,0.4173,0.1230,0.1474,0.0000
7,0.4173,0.0861,0.1474,0.0000
8,0.2921,0.0861,0.1474,0.0000
9,0.2045,0.0861,0.1474,0.0000
10,0.1431,0.0861,0.1474,0.0000
0,0.1431,0.0861,0.1474,0.0000
1,0.1431,0.0861,0.4031,0.0000
2,0.1431,0.0861,0.2822,0.0000
3,0.1431,0.0861,0.1975,0.0000
4,0.1431,0.0861,0.1383,0.0000
5,0.4002,0.0861,0.1383,0.0000
6,0.2801,0.0861,0.1383,0.0000
7,0.1961,0.0861,0.1383,0.0000
8,0.1373,0.0861,0.1383,0.0000
9,0.1373,0.0861,0.0968,0.0000
10,0.0961,0.0861,0.0968,0.0000
0,0.0961,0.0861,0.0968,0.0000
1,0.0961,0.0861,0.3678,0.0000
2,0.0961,0.0861,0.2574,0.0000
3,0.0961,0.0861,0.1802,0.0000
4,0.0961,0.0861,0.1261,0.0000
5,0.0961,0.0861,0.0883,0.0000
6,0.3673,0.0861,0.0883,0.0000
7,0.2571,0.0861,0.0883,0.0000
8,0.1800,0.0861,0.0883,0.0000
9,0.1260,0.0861,0.0883,0.0000
10,0.1260,0.0861,0.0883,0.0000
0,0.1260,0.0861,0.0883,0.0000
1,0.3882,0.0861,0.0883,0.0000
2,0.2717,0.0861,0.0883,0.0000
3,0.1902,0.0861,0.0883,0.0000
4,0.1331,0.0861,0.0883,0.0000
5,0.0932,0.0861,0.0883,0.0000
6,0.0652,0.0861,0.0883,0.0000
0,0.0652,0.0861,0.0883,0.0000
1,0.0652,0.0861,0.3618,0.0000
2,0.0652,0.0861,0.2533,0.0000
3,0.0652,0.0861,0.1773,0.0000
4,0.0652,0.0861,0.1241,0.0000
5,0.0652,0.0861,0.0869,0.0000
6,0.0652,0.0861,0.0608,0.0000
0,0.0652,0.0861,0.0608,0.0000
1,0.0652,0.3602,0.0608,0.0000
2,0.0652,0.2522,0.0608,0.0000
3,0.3457,0.2522,0.0608,0.0000
4,0.2420,0.2522,0.0608,0.0000
5,0.2420,0.4765,0.0608,0.0000
6,0.2420,0.3336,0.0608,0.0000
7,0.2420,0.2335,0.0608,0.0000
8,0.1694,0.2335,0.0608,0.0000
9,0.1186,0.2335,0.0608,0.0000
10,0.1186,0.1634,0.0608,0.0000
0,0.1186,0.1634,0.0608,0.0000
1,0.1186,0.4144,0.0608,0.0000
2,0.1186,0.2901,0.0608,0.0000
3,0.1186,0.2031,0.0608,0.0000
4,0.1186,0.1421,0.0608,0.0000
5,0.1186,0.0995,0.0608,0.0000
6,0.1186,0.0995,0.0608,0.0000
0,0.1186,0.0995,0.0608,0.0000
1,0.1186,0.0995,0.0608,0.0000
2,0.3830,0.0995,0.0608,0.0000
3,0.2681,0.0995,0.0608,0.0000
4,0.1877,0.0995,0.0608,0.0000
5,0.1314,0.0995,0.0608,0.0000
6,0.0920,0.0995,0.0608,0.0000
7,0.0920,0.3697,0.0608,0.0000
8,0.0920,0.2588,0.0608,0.0000
9,0.0920,0.1811,0.0608,0.0000
10,0.0920,0.1268,0.0608,0.0000
0,0.0920,0.1268,0.0608,0.0000
1,0.0920,0.3888,0.0608,0.0000
2,0.0920,0.2721,0.0608,0.0000
3,0.0920,0.1905,0.0608,0.0000
4,0.0920,0.1333,0.0608,0.0000
5,0.0920,0.0933,0.0608,0.0000
6,0.0920,0.0653,0.0608,0.0000
0,0.0920,0.0653,0.0608,0.0000
1,0.3644,0.0653,0.0608,0.0000
2,0.2551,0.0653,0.0608,0.0000
3,0.2551,0.3457,0.0608,0.0000
4,0.2551,0.2420,0.0608,0.0000
5,0.4785,0.2420,0.0608,0.0000
6,0.3350,0.2420,0.0608,0.0000
7,0.2345,0.2420,0.0608,0.0000
8,0.2345,0.1694,0.0608,0.0000
9,0.1641,0.1694,0.0608,0.0000
10,0.1641,0.1186,0.0608,0.0000
0,0.1641,0.1186,0.0608,0.0000
1,0.4149,0.1186,0.0608,0.0000
2,0.2904,0.1186,0.0608,0.0000
3,0.2033,0.1186,0.0608,0.0000
4,0.2033,0.0830,0.0608,0.0000
5,0.1423,0.0830,0.0608,0.0000
6,0.0996,0.0830,0.0608,0.0000
0,0.0996,0.0830,0.0608,0.0000
1,0.3697,0.0830,0.0608,0.0000
2,0.2588,0.0830,0.0608,0.0000
3,0.1812,0.0830,0.0608,0.0000
4,0.1268,0.0830,0.0608,0.0000
5,0.0888,0.0830,0.0608,0.0000
6,0.0888,0.0581,0.0608,0.0000
0,0.0888,0.0581,0.0608,0.0000
1,0.3621,0.0581,0.0608,0.0000
2,0.2535,0.0581,0.0608,0.0000
3,0.2535,0.0581,0.0608,0.0000
4,0.1774,0.0581,0.0608,0.0000
5,0.1242,0.0581,0.0608,0.0000
6,0.1242,0.0581,0.0426,0.0000
0,0.1242,0.0581,0.0426,0.0000
1,0.3870,0.0581,0.0426,0.0000
2,0.3870,0.0581,0.0426,0.0000
3,0.2709,0.0581,0.0426,0.0000
4,0.2709,0.0407,0.0426,0.0000
5,0.2709,0.0407,0.0298,0.0000
6,0.1896,0.0407,0.0298,0.0000
0,0.1896,0.0407,0.0298,0.0000
1,0.4327,0.0407,0.0298,0.0000
2,0.3029,0.0407,0.0298,0.0000
3,0.2120,0.0407,0.0298,0.0000
4,0.1484,0.0407,0.0298,0.0000
5,0.1039,0.0407,0.0298,0.0000
6,0.0727,0.0407,0.0298,0.0000
0,0.0727,0.0407,0.0298,0.0000
1,0.3509,0.0407,0.0298,0.0000
2,0.2456,0.0407,0.0298,0.0000
3,0.1719,0.0407,0.0298,0.0000
4,0.1204,0.0407,0.0298,0.0000
5,0.0843,0.0407,0.0298,0.0000
6,0.0590,0.0407,0.0298,0.0000
0,0.0590,0.0407,0.0298,0.0000
1,0.0590,0.0407,0.0298,0.0000
2,0.3413,0.0407,0.0298,0.0000
3,0.3413,0.0285,0.0298,0.0000
4,0.3413,0.0285,0.0209,0.0000
5,0.2389,0.0285,0.0209,0.0000
6,0.1672,0.0285,0.0209,0.0000
7,0.1171,0.0285,0.0209,0.0000
0,0.1171,0.0285,0.0209,0.0000
1,0.1171,0.0285,0.0209,0.0000
2,0.1171,0.3199,0.0209,0.0000
3,0.1171,0.3199,0.3146,0.0000
4,0.1171,0.5240,0.3146,0.0000
5,0.3819,0.5240,0.3146,0.0000
6,0.3819,0.6668,0.3146,0.0000
7,0.3819,0.6668,0.5202,0.0000
8,0.3819,0.4667,0.5202,0.0000
9,0.3819,0.4667,0.3642,0.0000
10,0.3819,0.3267,0.3642,0.0000
0,0.3819,0.3267,0.3642,0.0000
1,0.5674,0.3267,0.3642,0.0000
2,0.5674,0.3267,0.2549,0.0000
3,0.3972,0.3267,0.2549,0.0000
4,0.2780,0.3267,0.2549,0.0000
5,0.2780,0.2287,0.2549,0.0000
6,0.2780,0.2287,0.2549,0.0000
0,0.2780,0.2287,0.2549,0.0000
1,0.4946,0.2287,0.2549,0.0000
2,0.3462,0.2287,0.2549,0.0000
3,0.2424,0.2287,0.2549,0.0000
4,0.2424,0.2287,0.1784,0.0000
5,0.1696,0.2287,0.1784,0.0000
6,0.1696,0.1601,0.1784,0.0000
0,0.1696,0.1601,0.1784,0.0000
1,0.1696,0.4121,0.1784,0.0000
2,0.1696,0.2884,0.1784,0.0000
3,0.1696,0.2019,0.1784,0.0000
4,0.1696,0.1413,0.1784,0.0000
5,0.1696,0.1413,0.4249,0.0000
6,0.1696,0.1413,0.2974,0.0000
7,0.1696,0.1413,0.2082,0.0000
8,0.1696,0.1413,0.1457,0.0000
9,0.4188,0.1413,0.1457,0.0000
10,0.2931,0.1413,0.1457,0.0000
0,0.2931,0.1413,0.1457,0.0000
1,0.5052,0.1413,0.1457,0.0000
2,0.3536,0.1413,0.1457,0.0000
3,0.2475,0.1413,0.1457,0.0000
4,0.1733,0.1413,0.1457,0.0000
5,0.1213,0.1413,0.1457,0.0000
6,0.1213,0.1413,0.1020,0.0000
0,0.1213,0.1413,0.1020,0.0000
1,0.1213,0.3989,0.1020,0.0000
2,0.1213,0.2793,0.1020,0.0000
3,0.1213,0.1955,0.1020,0.0000
4,0.1213,0.1368,0.1020,0.0000
5,0.1213,0.0958,0.1020,0.0000
6,0.3849,0.0958,0.1020,0.0000
7,0.2694,0.0958,0.1020,0.0000
8,0.1886,0.0958,0.1020,0.0000
9,0.1320,0.0958,0.1020,0.0000
10,0.0924,0.0958,0.1020,0.0000
0,0.0924,0.0958,0.1020,0.0000
1,0.0924,0.0958,0.0714,0.0000
2,0.3647,0.0958,0.0714,0.0000
3,0.2553,0.0958,0.0714,0.0000
4,0.1787,0.0958,0.0714,0.0000
5,0.1251,0.0958,0.0714,0.0000
6,0.0876,0.0958,0.0714,0.0000
7,0.0876,0.0670,0.0714,0.0000
0,0.0876,0.0670,0.0714,0.0000
1,0.3613,0.0670,0.0714,0.0000
2,0.2529,0.0670,0.0714,0.0000
3,0.1770,0.0670,0.0714,0.0000
4,0.1239,0.0670,0.0714,0.0000
5,0.0867,0.0670,0.0714,0.0000
6,0.0867,0.0469,0.0714,0.0000
0,0.0867,0.0469,0.0714,0.0000
1,0.3607,0.0469,0.0714,0.0000
2,0.2525,0.0469,0.0714,0.0000
3,0.1768,0.0469,0.0714,0.0000
4,0.1237,0.0469,0.0714,0.0000
5,0.1237,0.0329,0.0714,0.0000
6,0.0866,0.0329,0.0714,0.0000
0,0.0866,0.0329,0.0714,0.0000
1,0.3606,0.0329,0.0714,0.0000
2,0.3606,0.0329,0.0714,0.0000
3,0.2524,0.0329,0.0714,0.0000
4,0.1767,0.0329,0.0714,0.0000
5,0.1767,0.0329,0.0714,0.0000
6,0.1237,0.0329,0.0714,0.0000
0,0.1237,0.0329,0.0714,0.0000
1,0.1237,0.3230,0.0714,0.0000
2,0.1237,0.2261,0.0714,0.0000
3,0.1237,0.1583,0.0714,0.0000
4,0.1237,0.1108,0.0714,0.0000
5,0.3866,0.1108,0.0714,0.0000
6,0.2706,0.1108,0.0714,0.0000
7,0.1894,0.1108,0.0714,0.0000
8,0.1894,0.1108,0.0500,0.0000
9,0.1326,0.1108,0.0500,0.0000
10,0.0928,0.1108,0.0500,0.0000
0,0.0928,0.1108,0.0500,0.0000
1,0.0928,0.3776,0.0500,0.0000
2,0.0928,0.2643,0.0500,0.0000
3,0.0928,0.1850,0.0500,0.0000
4,0.0928,0.1295,0.0500,0.0000
5,0.0928,0.0907,0.0500,0.0000
6,0.3650,0.0907,0.0500,0.0000
7,0.2555,0.0907,0.0500,0.0000
8,0.1788,0.0907,0.0500,0.0000
9,0.1252,0.0907,0.0500,0.0000
10,0.0876,0.0907,0.0500,0.0000
0,0.0876,0.0907,0.0500,0.0000
1,0.0876,0.3635,0.0500,0.0000
2,0.0876,0.2544,0.0500,0.0000
3,0.0876,0.1781,0.0500,0.0000
4,0.0876,0.1247,0.0500,0.0000
5,0.0876,0.0873,0.0500,0.0000
6,0.3613,0.0873,0.0500,0.0000
7,0.2529,0.0873,0.0500,0.0000
8,0.2529,0.0611,0.0500,0.0000
9,0.1771,0.0611,0.0500,0.0000
10,0.1239,0.0611,0.0500,0.0000
0,0.1239,0.0611,0.0500,0.0000
1,0.1239,0.0611,0.0500,0.0000
2,0.1239,0.0611,0.3350,0.0000
3,0.1239,0.0611,0.2345,0.0000
4,0.1239,0.0611,0.1641,0.0000
5,0.1239,0.0611,0.1149,0.0000
6,0.3868,0.0611,0.1149,0.0000
7,0.2707,0.0611,0.1149,0.0000
8,0.1895,0.0611,0.1149,0.0000
9,0.1327,0.0611,0.1149,0.0000
10,0.0929,0.0611,0.1149,0.0000
0,0.0929,0.0611,0.1149,0.0000
1,0.0929,0.0611,0.0804,0.0000
2,0.3650,0.0611,0.0804,0.0000
3,0.2555,0.0611,0.0804,0.0000
4,0.1789,0.0611,0.0804,0.0000
5,0.1789,0.0428,0.0804,0.0000
6,0.1252,0.0428,0.0804,0.0000
7,0.0876,0.0428,0.0804,0.0000
0,0.0876,0.0428,0.0804,0.0000
1,0.3613,0.0428,0.0804,0.0000
2,0.2529,0.0428,0.0804,0.0000
3,0.1771,0.0428,0.0804,0.0000
4,0.1239,0.0428,0.0804,0.0000
5,0.1239,0.0299,0.0804,0.0000
6,0.0868,0.0299,0.0804,0.0000
0,0.0868,0.0299,0.0804,0.0000
1,0.3607,0.0299,0.0804,0.0000
2,0.2525,0.0299,0.0804,0.0000
3,0.1768,0.0299,0.0804,0.0000
4,0.1237,0.0299,0.0804,0.0000
5,0.0866,0.0299,0.0804,0.0000
6,0.0606,0.0299,0.0804,0.0000
0,0.0606,0.0299,0.0804,0.0000
1,0.0606,0.0299,0.0563,0.0000
2,0.3424,0.0299,0.0563,0.0000
3,0.2397,0.0299,0.0563,0.0000
4,0.1678,0.0299,0.0563,0.0000
5,0.1678,0.0299,0.0563,0.0000
6,0.1175,0.0299,0.0563,0.0000
7,0.0822,0.0299,0.0563,0.0000
0,0.0822,0.0299,0.0563,0.0000
1,0.3576,0.0299,0.0563,0.0000
2,0.2503,0.0299,0.0563,0.0000
3,0.1752,0.0299,0.0563,0.0000
4,0.1226,0.0299,0.0563,0.0000
5,0.0858,0.0299,0.0563,0.0000
6,0.0601,0.0299,0.0563,0.0000
0,0.0601,0.0299,0.0563,0.0000
1,0.3421,0.0299,0.0563,0.0000
2,0.3421,0.0210,0.0563,0.0000
3,0.2394,0.0210,0.0563,0.0000
4,0.1676,0.0210,0.0563,0.0000
5,0.1173,0.0210,0.0563,0.0000
6,0.0821,0.0210,0.0563,0.0000
0,0.0821,0.0210,0.0563,0.0000
1,0.3575,0.0210,0.0563,0.0000
2,0.2502,0.0210,0.0563,0.0000
3,0.1752,0.0210,0.0563,0.0000
4,0.1226,0.0210,0.0563,0.0000
5,0.0858,0.0210,0.0563,0.0000
6,0.0601,0.0210,0.0563,0.0000
0,0.0601,0.0210,0.0563,0.0000
1,0.3421,0.0210,0.0563,0.0000
2,0.2394,0.0210,0.0563,0.0000
3,0.1676,0.0210,0.0563,0.0000
4,0.1173,0.0210,0.0563,0.0000
5,0.0821,0.0210,0.0563,0.0000
6,0.0575,0.0210,0.0563,0.0000
0,0.0575,0.0210,0.0563,0.0000
1,0.3402,0.0210,0.0563,0.0000
2,0.2382,0.0210,0.0563,0.0000
3,0.2382,0.0210,0.0563,0.0000
4,0.1667,0.0210,0.0563,0.0000
5,0.1167,0.0210,0.0563,0.0000
6,0.0817,0.0210,0.0563,0.0000
0,0.0817,0.0210,0.0563,0.0000
1,0.3572,0.0210,0.0563,0.0000
2,0.2500,0.0210,0.0563,0.0000
3,0.1750,0.0210,0.0563,0.0000
4,0.1225,0.0210,0.0563,0.0000
5,0.0858,0.0210,0.0563,0.0000
6,0.0600,0.0210,0.0563,0.0000
0,0.0600,0.0210,0.0563,0.0000
1,0.3420,0.0210,0.0563,0.0000
2,0.2394,0.0210,0.0563,0.0000
3,0.1676,0.0210,0.0563,0.0000
4,0.1173,0.0210,0.0563,0.0000
5,0.0821,0.0210,0.0563,0.0000
6,0.0575,0.0210,0.0563,0.0000
0,0.0575,0.0210,0.0563,0.0000
1,0.3402,0.0210,0.0563,0.0000
2,0.2382,0.0210,0.0563,0.0000
3,0.1667,0.0210,0.0563,0.0000
4,0.1167,0.0210,0.0563,0.0000
5,0.0817,0.0210,0.0563,0.0000
6,0.0572,0.0210,0.0563,0.0000
0,0.0572,0.0210,0.0563,0.0000
1,0.3400,0.0210,0.0563,0.0000
2,0.2380,0.0210,0.0563,0.0000
3,0.1666,0.0210,0.0563,0.0000
4,0.1166,0.0210,0.0563,0.0000
5,0.0816,0.0210,0.0563,0.0000
6,0.0816,0.0210,0.0563,0.0000
0,0.0816,0.0210,0.0563,0.0000
1,0.3571,0.0210,0.0563,0.0000
2,0.2500,0.0210,0.0563,0.0000
3,0.1750,0.0210,0.0563,0.0000
4,0.1225,0.0210,0.0563,0.0000
5,0.0858,0.0210,0.0563,0.0000
6,0.0858,0.0147,0.0563,0.0000
0,0.0858,0.0147,0.0563,0.0000
1,0.0858,0.3103,0.0563,0.0000
2,0.0858,0.2172,0.0563,0.0000
3,0.0858,0.1520,0.0563,0.0000
4,0.0858,0.1064,0.0563,0.0000
5,0.0858,0.0745,0.0563,0.0000
6,0.3600,0.0745,0.0563,0.0000
7,0.3600,0.0521,0.0563,0.0000
8,0.2520,0.0521,0.0563,0.0000
9,0.1764,0.0521,0.0563,0.0000
10,0.1235,0.0521,0.0563,0.0000
0,0.1235,0.0521,0.0563,0.0000
1,0.3864,0.0521,0.0563,0.0000
2,0.2705,0.0521,0.0563,0.0000
3,0.1894,0.0521,0.0563,0.0000
4,0.1325,0.0521,0.0563,0.0000
5,0.0928,0.0521,0.0563,0.0000
6,0.0928,0.0365,0.0563,0.0000
0,0.0928,0.0365,0.0563,0.0000
1,0.0928,0.0365,0.3394,0.0000
2,0.0928,0.0365,0.2376,0.0000
3,0.0928,0.0365,0.1663,0.0000
4,0.0928,0.0365,0.1164,0.0000
5,0.0928,0.0256,0.1164,0.0000
6,0.0928,0.0256,0.0815,0.0000
0,0.0928,0.0256,0.0815,0.0000
1,0.3649,0.0256,0.0815,0.0000
2,0.2555,0.0256,0.0815,0.0000
3,0.1788,0.0256,0.0815,0.0000
4,0.1252,0.0256,0.0815,0.0000
5,0.0876,0.0256,0.0815,0.0000
6,0.0613,0.0256,0.0815,0.0000
0,0.0613,0.0256,0.0815,0.0000
1,0.0613,0.0256,0.0570,0.0000
2,0.3429,0.0256,0.0570,0.0000
3,0.2401,0.0256,0.0570,0.0000
4,0.1680,0.0256,0.0570,0.0000
5,0.1176,0.0256,0.0570,0.0000
6,0.0823,0.0256,0.0570,0.0000
7,0.0576,0.0256,0.0570,0.0000
0,0.0576,0.0256,0.0570,0.0000
1,0.3403,0.0256,0.0570,0.0000
2,0.2382,0.0256,0.0570,0.0000
3,0.1668,0.0256,0.0570,0.0000
4,0.1668,0.0256,0.0570,0.0000
5,0.1167,0.0256,0.0570,0.0000
6,0.0817,0.0256,0.0570,0.0000
0,0.0817,0.0256,0.0570,0.0000
1,0.0817,0.0256,0.0399,0.0000
2,0.0817,0.0256,0.0280,0.0000
3,0.3572,0.0256,0.0280,0.0000
4,0.2500,0.0256,0.0280,0.0000
5,0.2500,0.0256,0.0196,0.0000
6,0.1750,0.0256,0.0196,0.0000
7,0.1225,0.0256,0.0196,0.0000
8,0.0858,0.0256,0.0196,0.0000
0,0.0858,0.0256,0.0196,0.0000
1,0.0858,0.0256,0.3137,0.0000
2,0.0858,0.0256,0.2196,0.0000
3,0.0858,0.0256,0.1537,0.0000
4,0.0858,0.0256,0.1076,0.0000
5,0.0858,0.0256,0.0753,0.0000
6,0.3600,0.0256,0.0753,0.0000
7,0.2520,0.0256,0.0753,0.0000
8,0.1764,0.0256,0.0753,0.0000
9,0.1235,0.0256,0.0753,0.0000
10,0.0864,0.0256,0.0753,0.0000
0,0.0864,0.0256,0.0753,0.0000
1,0.0864,0.0256,0.0753,0.0000
2,0.3605,0.0256,0.0753,0.0000
3,0.2524,0.0256,0.0753,0.0000
4,0.1767,0.0256,0.0753,0.0000
5,0.1237,0.0256,0.0753,0.0000
6,0.0866,0.0256,0.0753,0.0000
7,0.0606,0.0256,0.0753,0.0000
0,0.0606,0.0256,0.0753,0.0000
1,0.3424,0.0256,0.0753,0.0000
2,0.2397,0.0256,0.0753,0.0000
3,0.1678,0.0256,0.0753,0.0000
4,0.1174,0.0256,0.0753,0.0000
5,0.0822,0.0256,0.0753,0.0000
6,0.0575,0.0256,0.0753,0.0000
0,0.0575,0.0256,0.0753,0.0000
1,0.0575,0.0256,0.3527,0.0000
2,0.0575,0.0256,0.2469,0.0000
3,0.0575,0.0256,0.1728,0.0000
4,0.0575,0.0256,0.1210,0.0000
5,0.0575,0.0256,0.0847,0.0000
6,0.0575,0.0179,0.0847,0.0000
0,0.0575,0.0179,0.0847,0.0000
1,0.0575,0.0179,0.0593,0.0000
2,0.0575,0.0179,0.0415,0.0000
3,0.0575,0.0179,0.0415,0.0000
4,0.3403,0.0179,0.0415,0.0000
5,0.2382,0.0179,0.0415,0.0000
6,0.1667,0.0179,0.0415,0.0000
7,0.1167,0.0179,0.0415,0.0000
8,0.0817,0.0179,0.0415,0.0000
9,0.0572,0.0179,0.0415,0.0000
0,0.0572,0.0179,0.0415,0.0000
1,0.0572,0.3125,0.0415,0.0000
2,0.0572,0.2188,0.0415,0.0000
3,0.3400,0.2188,0.0415,0.0000
4,0.2380,0.2188,0.0415,0.0000
5,0.1666,0.2188,0.0415,0.0000
6,0.1666,0.1531,0.0415,0.0000
7,0.1166,0.1531,0.0415,0.0000
8,0.1166,0.1072,0.0415,0.0000
0,0.1166,0.1072,0.0415,0.0000
1,0.3816,0.1072,0.0415,0.0000
2,0.2671,0.1072,0.0415,0.0000
3,0.1870,0.1072,0.0415,0.0000
4,0.1309,0.1072,0.0415,0.0000
5,0.0916,0.1072,0.0415,0.0000
6,0.0916,0.1072,0.0415,0.0000
0,0.0916,0.1072,0.0415,0.0000
1,0.0916,0.1072,0.0290,0.0000
2,0.0916,0.3750,0.0290,0.0000
3,0.0916,0.2625,0.0290,0.0000
4,0.0916,0.2625,0.0290,0.0000
5,0.0916,0.1838,0.0290,0.0000
6,0.0916,0.1286,0.0290,0.0000
7,0.0916,0.0900,0.0290,0.0000
0,0.0916,0.0900,0.0290,0.0000
1,0.3641,0.0900,0.0290,0.0000
2,0.2549,0.0900,0.0290,0.0000
3,0.1784,0.0900,0.0290,0.0000
4,0.1249,0.0900,0.0290,0.0000
5,0.0874,0.0900,0.0290,0.0000
6,0.0874,0.0900,0.0203,0.0000
0,0.0874,0.0900,0.0203,0.0000
1,0.0874,0.3630,0.0203,0.0000
2,0.0874,0.2541,0.0203,0.0000
3,0.0874,0.1779,0.0203,0.0000
4,0.0874,0.1245,0.0203,0.0000
5,0.0874,0.0872,0.0203,0.0000
6,0.3612,0.0872,0.0203,0.0000
7,0.2528,0.0872,0.0203,0.0000
8,0.1770,0.0872,0.0203,0.0000
9,0.1239,0.0872,0.0203,0.0000
10,0.1239,0.3610,0.0203,0.0000
0,0.1239,0.3610,0.0203,0.0000
1,0.1239,0.5527,0.0203,0.0000
2,0.1239,0.3869,0.0203,0.0000
3,0.1239,0.2708,0.0203,0.0000
4,0.1239,0.1896,0.0203,0.0000
5,0.1239,0.1327,0.0203,0.0000
6,0.1239,0.0929,0.0203,0.0000
0,0.1239,0.0929,0.0203,0.0000
1,0.3867,0.0929,0.0203,0.0000
2,0.2707,0.0929,0.0203,0.0000
3,0.1895,0.0929,0.0203,0.0000
4,0.1326,0.0929,0.0203,0.0000
5,0.1326,0.0929,0.0142,0.0000
6,0.1326,0.0650,0.0142,0.0000
0,0.1326,0.0650,0.0142,0.0000
1,0.3929,0.0650,0.0142,0.0000
2,0.2750,0.0650,0.0142,0.0000
3,0.2750,0.0650,0.0100,0.0000
4,0.1925,0.0650,0.0100,0.0000
5,0.1347,0.0650,0.0100,0.0000
6,0.0943,0.0650,0.0100,0.0000
0,0.0943,0.0650,0.0100,0.0000
1,0.3660,0.0650,0.0100,0.0000
2,0.2562,0.0650,0.0100,0.0000
3,0.1794,0.0650,0.0100,0.0000
4,0.1255,0.0650,0.0100,0.0000
5,0.0879,0.0650,0.0100,0.0000
6,0.0615,0.0650,0.0100,0.0000
0,0.0615,0.0650,0.0100,0.0000
1,0.0615,0.3455,0.0100,0.0000
2,0.0615,0.2419,0.0100,0.0000
3,0.0615,0.1693,0.0100,0.0000
4,0.0615,0.1185,0.0100,0.0000
5,0.0615,0.0830,0.0100,0.0000
6,0.0615,0.0581,0.0100,0.0000
0,0.0615,0.0581,0.0100,0.0000
1,0.3431,0.0581,0.0100,0.0000
2,0.2401,0.0581,0.0100,0.0000
3,0.1681,0.0581,0.0100,0.0000
4,0.1681,0.0406,0.0100,0.0000
5,0.1177,0.0406,0.0100,0.0000
6,0.0824,0.0406,0.0100,0.0000
0,0.0824,0.0406,0.0100,0.0000
1,0.3577,0.0406,0.0100,0.0000
2,0.2504,0.0406,0.0100,0.0000
3,0.1753,0.0406,0.0100,0.0000
4,0.1753,0.0285,0.0100,0.0000
5,0.1227,0.0285,0.0100,0.0000
6,0.0859,0.0285,0.0100,0.0000
0,0.0859,0.0285,0.0100,0.0000
1,0.0859,0.0285,0.0070,0.0000
2,0.3601,0.0285,0.0070,0.0000
3,0.2521,0.0285,0.0070,0.0000
4,0.1765,0.0285,0.0070,0.0000
5,0.1235,0.0285,0.0070,0.0000
6,0.0865,0.0285,0.0070,0.0000
7,0.0605,0.0285,0.0070,0.0000
0,0.0605,0.0285,0.0070,0.0000
1,0.3424,0.0285,0.0070,0.0000
2,0.2397,0.0285,0.0070,0.0000
3,0.1678,0.0285,0.0070,0.0000
4,0.1174,0.0285,0.0070,0.0000
5,0.0822,0.0285,0.0070,0.0000
6,0.0575,0.0285,0.0070,0.0000
0,0.0575,0.0285,0.0070,0.0000
1,0.3403,0.0285,0.0070,0.0000
2,0.3403,0.0285,0.0070,0.0000
3,0.2382,0.0285,0.0070,0.0000
4,0.1667,0.0285,0.0070,0.0000
5,0.1667,0.0285,0.0070,0.0000
6,0.1167,0.0285,0.0070,0.0000
0,0.1167,0.0285,0.0070,0.0000
1,0.3817,0.0285,0.0070,0.0000
2,0.2672,0.0285,0.0070,0.0000
3,0.1870,0.0285,0.0070,0.0000
4,0.1309,0.0285,0.0070,0.0000
5,0.1309,0.0285,0.0049,0.0000
6,0.0916,0.0285,0.0049,0.0000
0,0.0916,0.0285,0.0049,0.0000
1,0.0916,0.0285,0.0049,0.0000
2,0.0916,0.0285,0.3034,0.0000
3,0.0916,0.0285,0.2124,0.0000
4,0.0916,0.0285,0.2124,0.0000
5,0.0916,0.0285,0.1487,0.0000
6,0.0916,0.0285,0.1041,0.0000
7,0.0916,0.0285,0.0729,0.0000
0,0.0916,0.0285,0.0729,0.0000
1,0.3642,0.0285,0.0729,0.0000
2,0.2549,0.0285,0.0729,0.0000
3,0.1784,0.0285,0.0729,0.0000
4,0.1249,0.0285,0.0729,0.0000
5,0.0874,0.0285,0.0729,0.0000
6,0.0874,0.0285,0.0510,0.0000
0,0.0874,0.0285,0.0510,0.0000
1,0.3612,0.0285,0.0510,0.0000
2,0.2528,0.0285,0.0510,0.0000
3,0.1770,0.0285,0.0510,0.0000
4,0.1239,0.0285,0.0510,0.0000
5,0.0867,0.0285,0.0510,0.0000
6,0.0607,0.0285,0.0510,0.0000
0,0.0607,0.0285,0.0510,0.0000
1,0.0607,0.0285,0.0510,0.0000
2,0.3425,0.0285,0.0510,0.0000
3,0.2397,0.0285,0.0510,0.0000
4,0.1678,0.0285,0.0510,0.0000
5,0.1175,0.0285,0.0510,0.0000
6,0.0822,0.0285,0.0510,0.0000
7,0.0576,0.0285,0.0510,0.0000
0,0.0576,0.0285,0.0510,0.0000
1,0.0576,0.0285,0.0357,0.0000
2,0.3403,0.0285,0.0357,0.0000
3,0.2382,0.0285,0.0357,0.0000
4,0.1667,0.0285,0.0357,0.0000
5,0.1167,0.0285,0.0357,0.0000
6,0.0817,0.0285,0.0357,0.0000
7,0.0572,0.0285,0.0357,0.0000
0,0.0572,0.0285,0.0357,0.0000
1,0.3400,0.0285,0.0357,0.0000
2,0.2380,0.0285,0.0357,0.0000
3,0.1666,0.0285,0.0357,0.0000
4,0.1166,0.0285,0.0357,0.0000
5,0.0816,0.0285,0.0357,0.0000
6,0.0571,0.0285,0.0357,0.0000
0,0.0571,0.0285,0.0357,0.0000
1,0.3400,0.0285,0.0357,0.0000
2,0.2380,0.0285,0.0357,0.0000
3,0.1666,0.0285,0.0357,0.0000
4,0.1166,0.0285,0.0357,0.0000
5,0.0816,0.0285,0.0357,0.0000
6,0.0571,0.0285,0.0357,0.0000
0,0.0571,0.0285,0.0357,0.0000
1,0.0571,0.3199,0.0357,0.0000
2,0.0571,0.2239,0.0357,0.0000
3,0.0571,0.1568,0.0357,0.0000
4,0.0571,0.1097,0.0357,0.0000
5,0.0571,0.0768,0.0357,0.0000
6,0.0571,0.0768,0.0357,0.0000
0,0.0571,0.0768,0.0357,0.0000
1,0.0571,0.3538,0.0357,0.0000
2,0.0571,0.2476,0.0357,0.0000
3,0.0571,0.1733,0.0357,0.0000
4,0.3400,0.1733,0.0357,0.0000
5,0.2380,0.1733,0.0357,0.0000
6,0.1666,0.1733,0.0357,0.0000
7,0.1666,0.1213,0.0357,0.0000
8,0.1166,0.1213,0.0357,0.0000
9,0.1166,0.0849,0.0357,0.0000
0,0.1166,0.0849,0.0357,0.0000
1,0.3816,0.0849,0.0357,0.0000
2,0.2671,0.0849,0.0357,0.0000
3,0.1870,0.0849,0.0357,0.0000
4,0.1309,0.0849,0.0357,0.0000
5,0.0916,0.0849,0.0357,0.0000
6,0.0641,0.0849,0.0357,0.0000
0,0.0641,0.0849,0.0357,0.0000
1,0.0641,0.3595,0.0357,0.0000
2,0.0641,0.3595,0.0250,0.0000
3,0.0641,0.2516,0.0250,0.0000
4,0.0641,0.1761,0.0250,0.0000
5,0.0641,0.1233,0.0250,0.0000
6,0.0641,0.0863,0.0250,0.0000
0,0.0641,0.0863,0.0250,0.0000
1,0.0641,0.3604,0.0250,0.0000
2,0.0641,0.2523,0.0250,0.0000
3,0.0641,0.1766,0.0250,0.0000
4,0.0641,0.1236,0.0250,0.0000
5,0.0641,0.0865,0.0250,0.0000
6,0.0641,0.0606,0.0250,0.0000
0,0.0641,0.0606,0.0250,0.0000
1,0.0641,0.0606,0.0175,0.0000
2,0.0641,0.0606,0.0175,0.0000
3,0.3449,0.0606,0.0175,0.0000
4,0.3449,0.0606,0.0175,0.0000
5,0.2414,0.0606,0.0175,0.0000
6,0.1690,0.0606,0.0175,0.0000
7,0.1183,0.0606,0.0175,0.0000
8,0.1183,0.0606,0.0175,0.0000
0,0.1183,0.0606,0.0175,0.0000
1,0.3828,0.0606,0.0175,0.0000
2,0.2680,0.0606,0.0175,0.0000
3,0.1876,0.0606,0.0175,0.0000
4,0.1313,0.0606,0.0175,0.0000
5,0.0919,0.0606,0.0175,0.0000
6,0.0643,0.0606,0.0175,0.0000
0,0.0643,0.0606,0.0175,0.0000
1,0.3450,0.0606,0.0175,0.0000
2,0.2415,0.0606,0.0175,0.0000
3,0.1691,0.0606,0.0175,0.0000
4,0.1183,0.0606,0.0175,0.0000
5,0.0828,0.0606,0.0175,0.0000
6,0.0580,0.0606,0.0175,0.0000
0,0.0580,0.0606,0.0175,0.0000
1,0.0580,0.3424,0.0175,0.0000
2,0.0580,0.2397,0.0175,0.0000
3,0.0580,0.1678,0.0175,0.0000
4,0.0580,0.1174,0.0175,0.0000
5,0.0580,0.0822,0.0175,0.0000
6,0.0580,0.0575,0.0175,0.0000
0,0.0580,0.0575,0.0175,0.0000
1,0.3406,0.0575,0.0175,0.0000
2,0.2384,0.0575,0.0175,0.0000
3,0.1669,0.0575,0.0175,0.0000
4,0.1168,0.0575,0.0175,0.0000
5,0.1168,0.0575,0.0122,0.0000
6,0.0818,0.0575,0.0122,0.0000
0,0.0818,0.0575,0.0122,0.0000
1,0.0818,0.0575,0.0122,0.0000
2,0.3572,0.0575,0.0122,0.0000
3,0.2501,0.0575,0.0122,0.0000
4,0.1750,0.0575,0.0122,0.0000
5,0.1750,0.0575,0.0086,0.0000
6,0.1225,0.0575,0.0086,0.0000
7,0.0858,0.0575,0.0086,0.0000
0,0.0858,0.0575,0.0086,0.0000
1,0.3600,0.0575,0.0086,0.0000
2,0.2520,0.0575,0.0086,0.0000
3,0.1764,0.0575,0.0086,0.0000
4,0.1235,0.0575,0.0086,0.0000
5,0.1235,0.0575,0.0086,0.0000
6,0.0864,0.0575,0.0086,0.0000
0,0.0864,0.0575,0.0086,0.0000
1,0.3605,0.0575,0.0086,0.0000
2,0.3605,0.0575,0.0086,0.0000
3,0.3605,0.0403,0.0086,0.0000
4,0.2524,0.0403,0.0086,0.0000
5,0.1767,0.0403,0.0086,0.0000
6,0.1237,0.0403,0.0086,0.0000
0,0.1237,0.0403,0.0086,0.0000
1,0.3866,0.0403,0.0086,0.0000
2,0.2706,0.0403,0.0086,0.0000
3,0.1894,0.0403,0.0086,0.0000
4,0.1326,0.0403,0.0086,0.0000
5,0.1326,0.0282,0.0086,0.0000
6,0.0928,0.0282,0.0086,0.0000
0,0.0928,0.0282,0.0086,0.0000
1,0.3650,0.0282,0.0086,0.0000
2,0.3650,0.0197,0.0086,0.0000
3,0.2555,0.0197,0.0086,0.0000
4,0.1788,0.0197,0.0086,0.0000
5,0.1252,0.0197,0.0086,0.0000
6,0.0876,0.0197,0.0086,0.0000
0,0.0876,0.0197,0.0086,0.0000
1,0.3613,0.0197,0.0086,0.0000
2,0.2529,0.0197,0.0086,0.0000
3,0.1771,0.0197,0.0086,0.0000
4,0.1771,0.0138,0.0086,0.0000
5,0.1771,0.0138,0.0060,0.0000
6,0.1771,0.0097,0.0060,0.0000
0,0.1771,0.0097,0.0060,0.0000
1,0.4239,0.0097,0.0060,0.0000
2,0.2968,0.0097,0.0060,0.0000
3,0.2077,0.0097,0.0060,0.0000
4,0.1454,0.0097,0.0060,0.0000
5,0.1018,0.0097,0.0060,0.0000
6,0.0713,0.0097,0.0060,0.0000
0,0.0713,0.0097,0.0060,0.0000
1,0.0713,0.0068,0.0060,0.0000
2,0.3499,0.0068,0.0060,0.0000
3,0.3499,0.0047,0.0060,0.0000
4,0.3499,0.0033,0.0060,0.0000
5,0.2449,0.0033,0.0060,0.0000
6,0.1714,0.0033,0.0060,0.0000
7,0.1200,0.0033,0.0060,0.0000
0,0.1200,0.0033,0.0060,0.0000
1,0.3840,0.0033,0.0060,0.0000
2,0.2688,0.0033,0.0060,0.0000
3,0.1882,0.0033,0.0060,0.0000
4,0.1317,0.0033,0.0060,0.0000
5,0.0922,0.0033,0.0060,0.0000
6,0.0645,0.0033,0.0060,0.0000
0,0.0645,0.0033,0.0060,0.0000
1,0.3452,0.0033,0.0060,0.0000
2,0.3452,0.0033,0.0060,0.0000
3,0.2416,0.0033,0.0060,0.0000
4,0.2416,0.0023,0.0060,0.0000
5,0.1691,0.0023,0.0060,0.0000
6,0.1184,0.0023,0.0060,0.0000
0,0.1184,0.0023,0.0060,0.0000
1,0.3829,0.0023,0.0060,0.0000
2,0.2680,0.0023,0.0060,0.0000
3,0.1876,0.0023,0.0060,0.0000
4,0.1313,0.0023,0.0060,0.0000
5,0.0919,0.0023,0.0060,0.0000
6,0.0644,0.0023,0.0060,0.0000
0,0.0644,0.0023,0.0060,0.0000
1,0.3450,0.0023,0.0060,0.0000
2,0.2415,0.0023,0.0060,0.0000
3,0.1691,0.0023,0.0060,0.0000
4,0.1184,0.0023,0.0060,0.0000
5,0.0828,0.0023,0.0060,0.0000
6,0.0580,0.0023,0.0060,0.0000
0,0.0580,0.0023,0.0060,0.0000
1,0.0580,0.0023,0.0042,0.0000
2,0.3406,0.0023,0.0042,0.0000
3,0.2384,0.0023,0.0042,0.0000
4,0.2384,0.0023,0.0042,0.0000
5,0.1669,0.0023,0.0042,0.0000
6,0.1168,0.0023,0.0042,0.0000
7,0.0818,0.0023,0.0042,0.0000
0,0.0818,0.0023,0.0042,0.0000
1,0.3572,0.0023,0.0042,0.0000
2,0.2501,0.0023,0.0042,0.0000
3,0.2501,0.0016,0.0042,0.0000
4,0.1750,0.0016,0.0042,0.0000
5,0.1225,0.0016,0.0042,0.0000
6,0.0858,0.0016,0.0042,0.0000
0,0.0858,0.0016,0.0042,0.0000
1,0.3600,0.0016,0.0042,0.0000
2,0.2520,0.0016,0.0042,0.0000
3,0.1764,0.0016,0.0042,0.0000
4,0.1235,0.0016,0.0042,0.0000
5,0.0864,0.0016,0.0042,0.0000
6,0.0864,0.0016,0.0042,0.0000
0,0.0864,0.0016,0.0042,0.0000
1,0.3605,0.0016,0.0042,0.0000
2,0.2524,0.0016,0.0042,0.0000
3,0.2524,0.0016,0.0042,0.0000
4,0.1767,0.0016,0.0042,0.0000
5,0.1767,0.0016,0.0029,0.0000
6,0.1767,0.0011,0.0029,0.0000
0,0.1767,0.0011,0.0029,0.0000
1,0.4237,0.0011,0.0029,0.0000
2,0.4237,0.0011,0.0029,0.0000
3,0.4237,0.0011,0.0029,0.0000
4,0.2966,0.0011,0.0029,0.0000
5,0.2076,0.0011,0.0029,0.0000
6,0.2076,0.0011,0.0021,0.0000
0,0.2076,0.0011,0.0021,0.0000
1,0.4453,0.0011,0.0021,0.0000
2,0.3117,0.0011,0.0021,0.0000
3,0.2182,0.0011,0.0021,0.0000
4,0.1527,0.0011,0.0021,0.0000
5,0.1069,0.0011,0.0021,0.0000
6,0.0748,0.0011,0.0021,0.0000
0,0.0748,0.0011,0.0021,0.0000
1,0.3524,0.0011,0.0021,0.0000
2,0.3524,0.0008,0.0021,0.0000
3,0.3524,0.0008,0.0021,0.0000
4,0.2467,0.0008,0.0021,0.0000
5,0.1727,0.0008,0.0021,0.0000
6,0.1209,0.0008,0.0021,0.0000
0,0.1209,0.0008,0.0021,0.0000
1,0.1209,0.0008,0.0021,0.0000
2,0.3846,0.0008,0.0021,0.0000
3,0.2692,0.0008,0.0021,0.0000
4,0.1885,0.0008,0.0021,0.0000
5,0.1319,0.0008,0.0021,0.0000
6,0.0923,0.0008,0.0021,0.0000
7,0.0646,0.0008,0.0021,0.0000
0,0.0646,0.0008,0.0021,0.0000
1,0.3452,0.0008,0.0021,0.0000
2,0.2417,0.0008,0.0021,0.0000
3,0.1692,0.0008,0.0021,0.0000
4,0.1184,0.0008,0.0021,0.0000
5,0.0829,0.0008,0.0021,0.0000
6,0.0580,0.0008,0.0021,0.0000
0,0.0580,0.0008,0.0021,0.0000
1,0.0406,0.0008,0.0021,0.0000
2,0.0284,0.0008,0.0021,0.0000
3,0.0199,0.0008,0.0021,0.0000
4,0.0139,0.0008,0.0021,0.0000
5,0.0098,0.0008,0.0021,0.0000
0,0.0098,0.0008,0.0021,0.0000
1,0.0098,0.0008,0.3014,0.0000
2,0.0098,0.0008,0.2110,0.0000
3,0.0098,0.0008,0.1477,0.0000
4,0.0098,0.0008,0.1034,0.0000
5,0.0098,0.0008,0.0724,0.0000
6,0.0098,0.0008,0.0507,0.0000
0,0.0098,0.0008,0.0507,0.0000
1,0.0098,0.0008,0.0355,0.0000
2,0.3068,0.0008,0.0355,0.0000
3,0.2148,0.0008,0.0355,0.0000
4,0.1503,0.0008,0.0355,0.0000
5,0.1503,0.0008,0.0355,0.0000
6,0.1052,0.0008,0.0355,0.0000
7,0.0737,0.0008,0.0355,0.0000
0,0.0737,0.0008,0.0355,0.0000
1,0.3516,0.0008,0.0355,0.0000
2,0.3516,0.0008,0.0355,0.0000
3,0.3516,0.3006,0.0355,0.0000
4,0.5461,0.3006,0.0355,0.0000
5,0.3823,0.3006,0.0355,0.0000
6,0.2676,0.3006,0.0355,0.0000
7,0.2676,0.3006,0.0355,0.0000
8,0.2676,0.5104,0.0355,0.0000
9,0.2676,0.3573,0.0355,0.0000
10,0.2676,0.2501,0.0355,0.0000
0,0.2676,0.2501,0.0355,0.0000
1,0.4873,0.2501,0.0355,0.0000
2,0.3411,0.2501,0.0355,0.0000
3,0.2388,0.2501,0.0355,0.0000
4,0.2388,0.1751,0.0355,0.0000
5,0.1671,0.1751,0.0355,0.0000
6,0.1671,0.1225,0.0355,0.0000
0,0.1671,0.1225,0.0355,0.0000
1,0.4170,0.1225,0.0355,0.0000
2,0.2919,0.1225,0.0355,0.0000
3,0.2043,0.1225,0.0355,0.0000
4,0.1430,0.1225,0.0355,0.0000
5,0.1430,0.1225,0.3248,0.0000
6,0.4001,0.1225,0.3248,0.0000
7,0.4001,0.1225,0.3248,0.0000
8,0.4001,0.0858,0.3248,0.0000
9,0.4001,0.0858,0.2274,0.0000
10,0.2801,0.0858,0.2274,0.0000
0,0.2801,0.0858,0.2274,0.0000
1,0.2801,0.0858,0.1592,0.0000
2,0.2801,0.0858,0.1592,0.0000
3,0.4961,0.0858,0.1592,0.0000
4,0.3472,0.0858,0.1592,0.0000
5,0.2431,0.0858,0.1592,0.0000
6,0.1701,0.0858,0.1592,0.0000
7,0.1191,0.0858,0.1592,0.0000
8,0.1191,0.0858,0.1114,0.0000
0,0.1191,0.0858,0.1114,0.0000
1,0.3834,0.0858,0.1114,0.0000
2,0.2684,0.0858,0.1114,0.0000
3,0.1879,0.0858,0.1114,0.0000
4,0.1315,0.0858,0.1114,0.0000
5,0.0920,0.0858,0.1114,0.0000
6,0.0920,0.0858,0.0780,0.0000
0,0.0920,0.0858,0.0780,0.0000
1,0.3644,0.0858,0.0780,0.0000
2,0.3644,0.0600,0.0780,0.0000
3,0.2551,0.0600,0.0780,0.0000
4,0.2551,0.0420,0.0780,0.0000
5,0.1786,0.0420,0.0780,0.0000
6,0.1250,0.0420,0.0780,0.0000
0,0.1250,0.0420,0.0780,0.0000
1,0.3875,0.0420,0.0780,0.0000
2,0.2713,0.0420,0.0780,0.0000
3,0.1899,0.0420,0.0780,0.0000
4,0.1329,0.0420,0.0780,0.0000
5,0.0930,0.0420,0.0780,0.0000
6,0.0651,0.0420,0.0780,0.0000
0,0.0651,0.0420,0.0780,0.0000
1,0.0651,0.0420,0.3546,0.0000
2,0.0651,0.0420,0.2482,0.0000
3,0.0651,0.0420,0.1738,0.0000
4,0.0651,0.0420,0.1216,0.0000
5,0.0651,0.0420,0.0851,0.0000
6,0.0651,0.0420,0.0596,0.0000
0,0.0651,0.0420,0.0596,0.0000
1,0.3456,0.0420,0.0596,0.0000
2,0.2419,0.0420,0.0596,0.0000
3,0.1693,0.0420,0.0596,0.0000
4,0.1185,0.0420,0.0596,0.0000
5,0.0830,0.0420,0.0596,0.0000
6,0.0581,0.0420,0.0596,0.0000
0,0.0581,0.0420,0.0596,0.0000
1,0.0581,0.0420,0.3417,0.0000
2,0.0581,0.0420,0.2392,0.0000
3,0.0581,0.0420,0.1674,0.0000
4,0.0581,0.0420,0.1172,0.0000
5,0.0581,0.0420,0.0820,0.0000
6,0.0581,0.0420,0.0574,0.0000
0,0.0581,0.0420,0.0574,0.0000
1,0.3407,0.0420,0.0574,0.0000
2,0.2385,0.0420,0.0574,0.0000
3,0.1669,0.0420,0.0574,0.0000
4,0.1168,0.0420,0.0574,0.0000
5,0.0818,0.0420,0.0574,0.0000
6,0.0573,0.0420,0.0574,0.0000
0,0.0573,0.0420,0.0574,0.0000
1,0.0573,0.0420,0.3402,0.0000
2,0.0573,0.0420,0.2381,0.0000
3,0.0573,0.0420,0.1667,0.0000
4,0.0573,0.0420,0.1167,0.0000
5,0.0573,0.0420,0.0817,0.0000
6,0.0573,0.0420,0.0572,0.0000
0,0.0573,0.0420,0.0572,0.0000
1,0.3401,0.0420,0.0572,0.0000
2,0.2381,0.0420,0.0572,0.0000
3,0.1666,0.0420,0.0572,0.0000
4,0.1166,0.0420,0.0572,0.0000
5,0.0817,0.0420,0.0572,0.0000
6,0.0572,0.0420,0.0572,0.0000
0,0.0572,0.0420,0.0572,0.0000
1,0.0572,0.0420,0.3400,0.0000
2,0.0572,0.0420,0.2380,0.0000
3,0.0400,0.0420,0.2380,0.0000
4,0.0400,0.0420,0.1666,0.0000
5,0.0400,0.0294,0.1666,0.0000
6,0.0400,0.0294,0.1166,0.0000
0,0.0400,0.0294,0.1166,0.0000
1,0.0400,0.0294,0.3816,0.0000
2,0.3280,0.0294,0.3816,0.0000
3,0.3280,0.0294,0.2671,0.0000
4,0.2296,0.0294,0.2671,0.0000
5,0.2296,0.0294,0.2671,0.0000
6,0.2296,0.0206,0.2671,0.0000
7,0.2296,0.0206,0.1870,0.0000
0,0.2296,0.0206,0.1870,0.0000
1,0.2296,0.3144,0.1870,0.0000
2,0.2296,0.2201,0.1870,0.0000
3,0.4607,0.2201,0.1870,0.0000
4,0.3225,0.2201,0.1870,0.0000
5,0.2258,0.2201,0.1870,0.0000
6,0.1580,0.2201,0.1870,0.0000
7,0.1580,0.4541,0.1870,0.0000
8,0.1580,0.3178,0.1870,0.0000
9,0.1580,0.2225,0.1870,0.0000
10,0.1580,0.2225,0.1870,0.0000
0,0.1580,0.2225,0.1870,0.0000
1,0.1580,0.4557,0.1870,0.0000
2,0.1580,0.4557,0.1870,0.0000
3,0.1580,0.3190,0.1870,0.0000
4,0.1580,0.2233,0.1870,0.0000
5,0.1580,0.1563,0.1870,0.0000
6,0.1580,0.1563,0.4309,0.0000
7,0.1580,0.1563,0.3016,0.0000
8,0.1580,0.1563,0.2111,0.0000
9,0.1580,0.1563,0.1478,0.0000
10,0.4106,0.1563,0.1478,0.0000
0,0.4106,0.1563,0.1478,0.0000
1,0.5874,0.1563,0.1478,0.0000
2,0.4112,0.1563,0.1478,0.0000
3,0.2878,0.1563,0.1478,0.0000
4,0.2015,0.1563,0.1478,0.0000
5,0.2015,0.4094,0.1478,0.0000
6,0.4410,0.4094,0.1478,0.0000
7,0.3087,0.4094,0.1478,0.0000
8,0.3087,0.2866,0.1478,0.0000
9,0.2161,0.2866,0.1478,0.0000
10,0.2161,0.2006,0.1478,0.0000
0,0.2161,0.2006,0.1478,0.0000
1,0.4513,0.2006,0.1478,0.0000
2,0.3159,0.2006,0.1478,0.0000
3,0.2211,0.2006,0.1478,0.0000
4,0.1548,0.2006,0.1478,0.0000
5,0.1548,0.2006,0.1478,0.0000
6,0.1548,0.1404,0.1478,0.0000
0,0.1548,0.1404,0.1478,0.0000
1,0.4084,0.1404,0.1478,0.0000
2,0.2858,0.1404,0.1478,0.0000
3,0.2001,0.1404,0.1478,0.0000
4,0.1401,0.1404,0.1478,0.0000
5,0.1401,0.1404,0.4035,0.0000
6,0.3980,0.1404,0.4035,0.0000
7,0.3980,0.1404,0.2824,0.0000
8,0.2786,0.1404,0.2824,0.0000
9,0.2786,0.1404,0.1977,0.0000
10,0.1950,0.1404,0.1977,0.0000
0,0.1950,0.1404,0.1977,0.0000
1,0.1950,0.1404,0.4384,0.0000
2,0.1950,0.1404,0.3069,0.0000
3,0.1950,0.1404,0.3069,0.0000
4,0.1950,0.1404,0.2148,0.0000
5,0.1950,0.1404,0.1504,0.0000
6,0.1365,0.1404,0.1504,0.0000
0,0.1365,0.1404,0.1504,0.0000
1,0.1365,0.1404,0.4053,0.0000
2,0.1365,0.1404,0.2837,0.0000
3,0.1365,0.1404,0.2837,0.0000
4,0.1365,0.1404,0.1986,0.0000
5,0.1365,0.1404,0.1390,0.0000
6,0.1365,0.0983,0.1390,0.0000
0,0.1365,0.0983,0.1390,0.0000
1,0.1365,0.0983,0.3973,0.0000
2,0.1365,0.0983,0.2781,0.0000
3,0.1365,0.3688,0.2781,0.0000
4,0.1365,0.2582,0.2781,0.0000
5,0.1365,0.2582,0.1947,0.0000
6,0.1365,0.1807,0.1947,0.0000
7,0.1365,0.1807,0.1947,0.0000
8,0.1365,0.1807,0.1363,0.0000
0,0.1365,0.1807,0.1363,0.0000
1,0.1365,0.4265,0.1363,0.0000
2,0.1365,0.2986,0.1363,0.0000
3,0.1365,0.2090,0.1363,0.0000
4,0.1365,0.1463,0.1363,0.0000
5,0.1365,0.1463,0.1363,0.0000
6,0.1365,0.1024,0.1363,0.0000
0,0.1365,0.1024,0.1363,0.0000
1,0.3956,0.1024,0.1363,0.0000
2,0.2769,0.1024,0.1363,0.0000
3,0.1938,0.1024,0.1363,0.0000
4,0.1938,0.0717,0.1363,0.0000
5,0.1357,0.0717,0.1363,0.0000
6,0.1357,0.0502,0.1363,0.0000
0,0.1357,0.0502,0.1363,0.0000
1,0.1357,0.3351,0.1363,0.0000
2,0.1357,0.2346,0.1363,0.0000
3,0.1357,0.1642,0.1363,0.0000
4,0.1357,0.1642,0.1363,0.0000
5,0.1357,0.1149,0.1363,0.0000
6,0.1357,0.1149,0.0954,0.0000
0,0.1357,0.1149,0.0954,0.0000
1,0.3950,0.1149,0.0954,0.0000
2,0.2765,0.1149,0.0954,0.0000
3,0.1935,0.1149,0.0954,0.0000
4,0.1355,0.1149,0.0954,0.0000
5,0.0948,0.1149,0.0954,0.0000
6,0.0948,0.0805,0.0954,0.0000
0,0.0948,0.0805,0.0954,0.0000
1,0.0948,0.0805,0.3668,0.0000
2,0.3664,0.0805,0.3668,0.0000
3,0.3664,0.0805,0.2567,0.0000
4,0.2565,0.0805,0.2567,0.0000
5,0.2565,0.0805,0.1797,0.0000
6,0.1795,0.0805,0.1797,0.0000
7,0.1257,0.0805,0.1797,0.0000
0,0.1257,0.0805,0.1797,0.0000
1,0.1257,0.0805,0.4258,0.0000
2,0.1257,0.0805,0.2981,0.0000
3,0.3880,0.0805,0.2981,0.0000
4,0.2716,0.0805,0.2981,0.0000
5,0.2716,0.0805,0.2086,0.0000
6,0.1901,0.0805,0.2086,0.0000
7,0.1901,0.0563,0.2086,0.0000
8,0.1901,0.0563,0.1461,0.0000
0,0.1901,0.0563,0.1461,0.0000
1,0.4331,0.0563,0.1461,0.0000
2,0.3032,0.0563,0.1461,0.0000
3,0.2122,0.0563,0.1461,0.0000
4,0.1485,0.0563,0.1461,0.0000
5,0.1040,0.0563,0.1461,0.0000
6,0.1040,0.0563,0.1022,0.0000
0,0.1040,0.0563,0.1022,0.0000
1,0.3728,0.0563,0.1022,0.0000
2,0.2610,0.0563,0.1022,0.0000
3,0.1827,0.0563,0.1022,0.0000
4,0.1279,0.0563,0.1022,0.0000
5,0.0895,0.0563,0.1022,0.0000
6,0.0895,0.0563,0.0716,0.0000
0,0.0895,0.0563,0.0716,0.0000
1,0.3627,0.0563,0.0716,0.0000
2,0.2539,0.0563,0.0716,0.0000
3,0.1777,0.0563,0.0716,0.0000
4,0.1777,0.0563,0.0716,0.0000
5,0.1244,0.0563,0.0716,0.0000
6,0.0871,0.0563,0.0716,0.0000
0,0.0871,0.0563,0.0716,0.0000
1,0.3610,0.0563,0.0716,0.0000
2,0.2527,0.0563,0.0716,0.0000
3,0.1769,0.0563,0.0716,0.0000
4,0.1238,0.0563,0.0716,0.0000
5,0.0867,0.0563,0.0716,0.0000
6,0.0607,0.0563,0.0716,0.0000
0,0.0607,0.0563,0.0716,0.0000
1,0.0607,0.0563,0.3501,0.0000
2,0.0607,0.0563,0.2451,0.0000
3,0.0607,0.0563,0.1715,0.0000
4,0.0607,0.0563,0.1201,0.0000
5,0.0607,0.0563,0.1201,0.0000
6,0.0607,0.0563,0.0841,0.0000
0,0.0607,0.0563,0.0841,0.0000
1,0.0607,0.0563,0.3588,0.0000
2,0.0607,0.0563,0.2512,0.0000
3,0.0607,0.0563,0.1758,0.0000
4,0.0607,0.0563,0.1231,0.0000
5,0.0607,0.0563,0.0862,0.0000
6,0.0607,0.0563,0.0603,0.0000
0,0.0607,0.0563,0.0603,0.0000
1,0.3425,0.0563,0.0603,0.0000
2,0.2397,0.0563,0.0603,0.0000
3,0.1678,0.0563,0.0603,0.0000
4,0.1678,0.0563,0.0603,0.0000
5,0.1175,0.0563,0.0603,0.0000
6,0.0822,0.0563,0.0603,0.0000
0,0.0822,0.0563,0.0603,0.0000
1,0.3576,0.0563,0.0603,0.0000
2,0.3576,0.0563,0.0603,0.0000
3,0.2503,0.0563,0.0603,0.0000
4,0.1752,0.0563,0.0603,0.0000
5,0.1226,0.0563,0.0603,0.0000
6,0.0858,0.0563,0.0603,0.0000
0,0.0858,0.0563,0.0603,0.0000
1,0.3601,0.0563,0.0603,0.0000
2,0.2521,0.0563,0.0603,0.0000
3,0.1764,0.0563,0.0603,0.0000
4,0.1235,0.0563,0.0603,0.0000
5,0.0865,0.0563,0.0603,0.0000
6,0.0605,0.0563,0.0603,0.0000
0,0.0605,0.0563,0.0603,0.0000
1,0.3424,0.0563,0.0603,0.0000
2,0.2397,0.0563,0.0603,0.0000
3,0.1678,0.0563,0.0603,0.0000
4,0.1174,0.0563,0.0603,0.0000
5,0.0822,0.0563,0.0603,0.0000
6,0.0822,0.0563,0.0422,0.0000
0,0.0822,0.0563,0.0422,0.0000
1,0.0822,0.3394,0.0422,0.0000
2,0.0822,0.2376,0.0422,0.0000
3,0.0822,0.1663,0.0422,0.0000
4,0.0822,0.1164,0.0422,0.0000
5,0.0822,0.0815,0.0422,0.0000
6,0.3575,0.0815,0.0422,0.0000
7,0.2503,0.0815,0.0422,0.0000
8,0.1752,0.0815,0.0422,0.0000
9,0.1226,0.0815,0.0422,0.0000
10,0.0858,0.0815,0.0422,0.0000
0,0.0858,0.0815,0.0422,0.0000
1,0.3601,0.0815,0.0422,0.0000
2,0.2521,0.0815,0.0422,0.0000
3,0.1764,0.0815,0.0422,0.0000
4,0.1235,0.0815,0.0422,0.0000
5,0.0865,0.0815,0.0422,0.0000
6,0.0605,0.0815,0.0422,0.0000
0,0.0605,0.0815,0.0422,0.0000
1,0.0605,0.3570,0.0422,0.0000
2,0.0605