iter,LS1,LS2,LS3,LS4
0,0.5000,0.5000,0.5000,0.5000
1,0.5000,0.5000,0.5000,0.3500
2,0.3500,0.5000,0.5000,0.3500
3,0.3500,0.5000,0.5000,0.2450
4,0.3500,357.9500,0.5000,0.2450
5,0.3500,250.5650,0.5000,0.2450
6,0.3500,250.5650,0.5000,0.1715
7,0.3500,250.5650,0.5000,0.1200
8,247.4450,250.5650,0.5000,0.1200
9,247.4450,193.6955,0.5000,0.1200
10,179.5115,193.6955,0.5000,0.1200
0,179.5115,193.6955,0.5000,0.1200
1,257.6581,193.6955,0.5000,0.1200
2,180.3606,193.6955,0.5000,0.1200
3,180.3606,135.5869,0.5000,0.1200
4,126.2524,135.5869,0.5000,0.1200
5,126.2524,94.9108,0.5000,0.1200
6,88.3767,94.9108,0.5000,0.1200
0,88.3767,94.9108,0.5000,0.1200
1,386.7637,94.9108,0.5000,0.1200
2,270.7346,94.9108,0.5000,0.1200
3,189.5142,94.9108,0.5000,0.1200
4,132.6599,94.9108,0.5000,0.1200
5,132.6599,94.9108,717.3500,0.1200
6,132.6599,94.9108,502.1450,0.1200
7,132.6599,94.9108,351.5015,0.1200
8,132.6599,94.9108,351.5015,0.0840
9,132.6599,94.9108,246.0510,0.0840
10,132.6599,94.9108,172.2357,0.0840
0,132.6599,94.9108,172.2357,0.0840
1,132.6599,94.9108,324.2650,0.0840
2,132.6599,94.9108,226.9855,0.0840
3,132.6599,94.9108,158.8899,0.0840
4,132.6599,94.9108,111.2229,0.0840
5,319.6620,94.9108,111.2229,0.0840
6,223.7634,94.9108,111.2229,0.0840
7,156.6344,94.9108,111.2229,0.0840
8,109.6441,94.9108,111.2229,0.0840
9,109.6441,94.9108,145.6560,0.0840
10,109.6441,94.9108,101.9592,0.0840
0,109.6441,94.9108,101.9592,0.0840
1,152.9508,94.9108,101.9592,0.0840
2,107.0656,94.9108,101.9592,0.0840
3,74.9459,94.9108,101.9592,0.0840
4,74.9459,94.9108,71.3715,0.0840
5,74.9459,120.1376,71.3715,0.0840
6,74.9459,84.0963,71.3715,0.0840
7,74.9459,58.8674,71.3715,0.0840
8,66.8621,58.8674,71.3715,0.0840
9,66.8621,58.8674,49.9600,0.0840
10,46.8035,58.8674,49.9600,0.0840
0,46.8035,58.8674,49.9600,0.0840
1,46.8035,269.5072,49.9600,0.0840
2,46.8035,188.6550,49.9600,0.0840
3,102.0624,188.6550,49.9600,0.0840
4,102.0624,154.5585,49.9600,0.0840
5,102.0624,108.1910,49.9600,0.0840
6,102.0624,75.7337,49.9600,0.0840
7,102.0624,53.0136,49.9600,0.0840
8,71.4437,53.0136,49.9600,0.0840
9,50.0106,53.0136,49.9600,0.0840
0,50.0106,53.0136,49.9600,0.0840
1,50.0106,63.8095,49.9600,0.0840
2,50.0106,44.6667,49.9600,0.0840
3,64.4074,44.6667,49.9600,0.0840
4,64.4074,44.6667,49.9600,0.0588
5,45.0852,44.6667,49.9600,0.0588
6,45.0852,44.6667,36.4720,0.0588
7,41.1596,44.6667,36.4720,0.0588
8,41.1596,31.2667,36.4720,0.0588
9,28.8117,31.2667,36.4720,0.0588
10,28.8117,31.2667,25.5304,0.0588
0,28.8117,31.2667,25.5304,0.0588
1,28.8117,141.8867,25.5304,0.0588
2,28.8117,99.3207,25.5304,0.0588
3,28.8117,69.5245,25.5304,0.0588
4,28.8117,48.6671,25.5304,0.0588
5,28.8117,34.0670,25.5304,0.0588
6,28.8117,23.8469,25.5304,0.0588
0,28.8117,23.8469,25.5304,0.0588
1,302.7682,23.8469,25.5304,0.0588
2,302.7682,16.6928,25.5304,0.0588
3,211.9378,16.6928,25.5304,0.0588
4,148.3564,16.6928,25.5304,0.0588
5,103.8495,16.6928,25.5304,0.0588
6,72.6946,16.6928,25.5304,0.0588
0,72.6946,16.6928,25.5304,0.0588
1,88.6863,16.6928,25.5304,0.0588
2,62.0804,16.6928,25.5304,0.0588
3,43.4563,16.6928,25.5304,0.0588
4,30.4194,16.6928,25.5304,0.0588
5,30.4194,11.6850,25.5304,0.0588
6,21.2936,11.6850,25.5304,0.0588
0,21.2936,11.6850,25.5304,0.0588
1,21.2936,11.6850,25.5304,0.0412
2,21.2936,11.6850,90.4713,0.0412
3,21.2936,11.6850,63.3299,0.0412
4,21.2936,11.6850,44.3309,0.0412
5,21.2936,11.6850,31.0317,0.0412
6,21.2936,11.6850,21.7222,0.0412
7,21.2936,11.6850,15.2055,0.0412
0,21.2936,11.6850,15.2055,0.0412
1,21.2936,224.4795,15.2055,0.0412
2,21.2936,157.1356,15.2055,0.0412
3,21.2936,109.9949,15.2055,0.0412
4,21.2936,76.9965,15.2055,0.0412
5,21.2936,53.8975,15.2055,0.0412
6,21.2936,37.7283,15.2055,0.0412
0,21.2936,37.7283,15.2055,0.0412
1,21.2936,37.7283,15.2055,0.0288
2,21.2936,473.1098,15.2055,0.0288
3,191.9055,473.1098,15.2055,0.0288
4,191.9055,331.1769,15.2055,0.0288
5,134.3338,331.1769,15.2055,0.0288
6,134.3338,231.8238,15.2055,0.0288
7,134.3338,162.2767,15.2055,0.0288
8,134.3338,113.5937,15.2055,0.0288
0,134.3338,113.5937,15.2055,0.0288
1,152.5337,113.5937,15.2055,0.0288
2,106.7736,113.5937,15.2055,0.0288
3,106.7736,113.5937,32.8439,0.0288
4,106.7736,106.5156,32.8439,0.0288
5,74.7415,106.5156,32.8439,0.0288
6,74.7415,74.5609,32.8439,0.0288
7,52.3191,74.5609,32.8439,0.0288
8,52.3191,52.1926,32.8439,0.0288
9,36.6233,52.1926,32.8439,0.0288
0,36.6233,52.1926,32.8439,0.0288
1,36.6233,117.8348,32.8439,0.0288
2,36.6233,82.4844,32.8439,0.0288
3,36.6233,57.7391,32.8439,0.0288
4,36.6233,40.4173,32.8439,0.0288
5,36.6233,28.2921,32.8439,0.0288
6,36.6233,28.2921,22.9907,0.0288
0,36.6233,28.2921,22.9907,0.0288
1,36.6233,28.2921,523.3935,0.0288
2,36.6233,28.2921,366.3754,0.0288
3,36.6233,28.2921,256.4628,0.0288
4,36.6233,28.2921,179.5240,0.0288
5,36.6233,28.2921,125.6668,0.0288
6,36.6233,119.7045,125.6668,0.0288
7,36.6233,119.7045,91.8667,0.0288
8,36.6233,119.7045,91.8667,0.0202
9,36.6233,83.7932,91.8667,0.0202
10,36.6233,83.7932,64.3067,0.0202
0,36.6233,83.7932,64.3067,0.0202
1,36.6233,270.4552,64.3067,0.0202
2,36.6233,189.3186,64.3067,0.0202
3,36.6233,132.5231,64.3067,0.0202
4,36.6233,92.7661,64.3067,0.0202
5,36.6233,64.9363,64.3067,0.0202
6,36.6233,45.4554,64.3067,0.0202
0,36.6233,45.4554,64.3067,0.0202
1,36.6233,45.4554,45.0147,0.0202
2,36.6233,83.1188,45.0147,0.0202
3,223.3363,83.1188,45.0147,0.0202
4,156.3354,83.1188,45.0147,0.0202
5,109.4348,83.1188,45.0147,0.0202
6,109.4348,83.1188,45.0147,0.0141
7,76.6044,83.1188,45.0147,0.0141
8,76.6044,58.1831,45.0147,0.0141
0,76.6044,58.1831,45.0147,0.0141
1,152.3231,58.1831,45.0147,0.0141
2,152.3231,58.1831,45.0147,0.0099
3,106.6261,58.1831,45.0147,0.0099
4,74.6383,58.1831,45.0147,0.0099
5,52.2468,58.1831,45.0147,0.0099
6,52.2468,40.7282,45.0147,0.0099
0,52.2468,40.7282,45.0147,0.0099
1,105.8728,40.7282,45.0147,0.0099
2,74.1109,40.7282,45.0147,0.0099
3,51.8777,40.7282,45.0147,0.0099
4,36.3144,40.7282,45.0147,0.0099
5,36.3144,40.7282,31.5103,0.0099
6,36.3144,28.5097,31.5103,0.0099
0,36.3144,28.5097,31.5103,0.0099
1,298.4201,28.5097,31.5103,0.0099
2,208.8940,28.5097,31.5103,0.0099
3,208.8940,28.5097,22.0572,0.0099
4,146.2258,28.5097,22.0572,0.0099
5,102.3581,28.5097,22.0572,0.0099
6,102.3581,19.9568,22.0572,0.0099
0,102.3581,19.9568,22.0572,0.0099
1,869.0507,19.9568,22.0572,0.0099
2,608.3355,19.9568,22.0572,0.0099
3,425.8348,19.9568,22.0572,0.0099
4,298.0844,19.9568,22.0572,0.0099
5,208.6591,19.9568,22.0572,0.0099
6,146.0613,19.9568,22.0572,0.0099
0,146.0613,19.9568,22.0572,0.0099
1,218.3429,19.9568,22.0572,0.0099
2,152.8401,19.9568,22.0572,0.0099
3,106.9880,19.9568,22.0572,0.0099
4,74.8916,19.9568,22.0572,0.0099
5,52.4241,19.9568,22.0572,0.0099
6,36.6969,19.9568,22.0572,0.0099
0,36.6969,19.9568,22.0572,0.0099
1,574.9878,19.9568,22.0572,0.0099
2,402.4915,19.9568,22.0572,0.0099
3,402.4915,13.9698,22.0572,0.0099
4,281.7440,13.9698,22.0572,0.0099
5,197.2208,13.9698,22.0572,0.0099
6,138.0546,13.9698,22.0572,0.0099
0,138.0546,13.9698,22.0572,0.0099
1,138.0546,13.9698,433.6400,0.0099
2,138.0546,13.9698,303.5480,0.0099
3,138.0546,13.9698,212.4836,0.0099
4,138.0546,13.9698,148.7385,0.0099
5,138.0546,13.9698,104.1170,0.0099
6,342.3382,13.9698,104.1170,0.0099
7,342.3382,13.9698,104.1170,0.0069
8,239.6367,13.9698,104.1170,0.0069
9,239.6367,13.9698,72.8819,0.0069
10,167.7457,13.9698,72.8819,0.0069
0,167.7457,13.9698,72.8819,0.0069
1,236.2220,13.9698,72.8819,0.0069
2,165.3554,13.9698,72.8819,0.0069
3,115.7488,13.9698,72.8819,0.0069
4,81.0241,13.9698,72.8819,0.0069
5,56.7169,13.9698,72.8819,0.0069
6,56.7169,13.9698,51.0173,0.0069
0,56.7169,13.9698,51.0173,0.0069
1,286.9018,13.9698,51.0173,0.0069
2,200.8313,13.9698,51.0173,0.0069
3,140.5819,13.9698,51.0173,0.0069
4,98.4073,13.9698,51.0173,0.0069
5,68.8851,13.9698,51.0173,0.0069
6,48.2196,13.9698,51.0173,0.0069
0,48.2196,13.9698,51.0173,0.0069
1,48.2196,13.9698,35.7121,0.0069
2,129.7537,13.9698,35.7121,0.0069
3,90.8276,13.9698,35.7121,0.0069
4,63.5793,13.9698,35.7121,0.0069
5,63.5793,13.9698,24.9985,0.0069
6,44.5055,13.9698,24.9985,0.0069
7,31.1539,13.9698,24.9985,0.0069
0,31.1539,13.9698,24.9985,0.0069
1,31.1539,13.9698,24.9985,0.0048
2,31.1539,108.1788,24.9985,0.0048
3,31.1539,75.7252,24.9985,0.0048
4,31.1539,53.0076,24.9985,0.0048
5,31.1539,37.1053,24.9985,0.0048
6,31.1539,25.9737,24.9985,0.0048
7,200.0077,25.9737,24.9985,0.0048
8,140.0054,25.9737,24.9985,0.0048
9,98.0038,25.9737,24.9985,0.0048
10,68.6026,25.9737,24.9985,0.0048
0,68.6026,25.9737,24.9985,0.0048
1,123.0219,25.9737,24.9985,0.0048
2,86.1153,25.9737,24.9985,0.0048
3,60.2807,25.9737,24.9985,0.0048
4,42.1965,25.9737,24.9985,0.0048
5,29.5375,25.9737,24.9985,0.0048
6,20.6763,25.9737,24.9985,0.0048
0,20.6763,25.9737,24.9985,0.0048
1,20.6763,18.1816,24.9985,0.0048
2,20.6763,12.7271,24.9985,0.0048
3,20.6763,12.7271,17.4989,0.0048
4,86.1734,12.7271,17.4989,0.0048
5,60.3214,12.7271,17.4989,0.0048
6,42.2250,12.7271,17.4989,0.0048
7,42.2250,12.7271,17.4989,0.0034
8,29.5575,12.7271,17.4989,0.0034
9,20.6902,12.7271,17.4989,0.0034
0,20.6902,12.7271,17.4989,0.0034
1,175.5832,12.7271,17.4989,0.0034
2,122.9082,12.7271,17.4989,0.0034
3,86.0357,12.7271,17.4989,0.0034
4,60.2250,12.7271,17.4989,0.0034
5,42.1575,12.7271,17.4989,0.0034
6,29.5103,12.7271,17.4989,0.0034
0,29.5103,12.7271,17.4989,0.0034
1,444.8572,12.7271,17.4989,0.0034
2,311.4000,12.7271,17.4989,0.0034
3,217.9800,12.7271,17.4989,0.0034
4,217.9800,12.7271,17.4989,0.0024
5,152.5860,12.7271,17.4989,0.0024
6,106.8102,12.7271,17.4989,0.0024
0,106.8102,12.7271,17.4989,0.0024
1,272.7671,12.7271,17.4989,0.0024
2,272.7671,8.9090,17.4989,0.0024
3,190.9370,8.9090,17.4989,0.0024
4,133.6559,8.9090,17.4989,0.0024
5,93.5591,8.9090,17.4989,0.0024
6,93.5591,6.2363,17.4989,0.0024
0,93.5591,6.2363,17.4989,0.0024
1,93.5591,7.3654,17.4989,0.0024
2,81.9914,7.3654,17.4989,0.0024
3,57.3940,7.3654,17.4989,0.0024
4,40.1758,7.3654,17.4989,0.0024
5,28.1230,7.3654,17.4989,0.0024
6,19.6861,7.3654,17.4989,0.0024
7,13.7803,7.3654,17.4989,0.0024
0,13.7803,7.3654,17.4989,0.0024
1,13.7803,7.3654,300.2493,0.0024
2,9.6462,7.3654,300.2493,0.0024
3,9.6462,7.3654,210.1745,0.0024
4,9.6462,7.3654,147.1221,0.0024
5,9.6462,7.3654,102.9855,0.0024
6,9.6462,7.3654,72.0898,0.0024
0,9.6462,7.3654,72.0898,0.0024
1,9.6462,7.3654,61.8629,0.0024
2,9.6462,7.3654,43.3040,0.0024
3,9.6462,7.3654,30.3128,0.0024
4,9.6462,19.5558,30.3128,0.0024
5,181.6523,19.5558,30.3128,0.0024
6,127.1566,19.5558,30.3128,0.0024
7,89.0096,19.5558,30.3128,0.0024
8,62.3068,19.5558,30.3128,0.0024
9,43.6147,19.5558,30.3128,0.0024
10,30.5303,19.5558,30.3128,0.0024
0,30.5303,19.5558,30.3128,0.0024
1,152.7712,19.5558,30.3128,0.0024
2,106.9399,19.5558,30.3128,0.0024
3,74.8579,19.5558,30.3128,0.0024
4,52.4005,19.5558,30.3128,0.0024
5,36.6804,19.5558,30.3128,0.0024
6,25.6763,19.5558,30.3128,0.0024
0,25.6763,19.5558,30.3128,0.0024
1,25.6763,19.5558,127.4190,0.0024
2,25.6763,19.5558,89.1933,0.0024
3,25.6763,19.5558,62.4353,0.0024
4,25.6763,19.5558,43.7047,0.0024
5,25.6763,19.5558,30.5933,0.0024
6,25.6763,19.5558,21.4153,0.0024
0,25.6763,19.5558,21.4153,0.0024
1,128.0734,19.5558,21.4153,0.0024
2,89.6514,19.5558,21.4153,0.0024
3,62.7560,19.5558,21.4153,0.0024
4,43.9292,19.5558,21.4153,0.0024
5,30.7504,19.5558,21.4153,0.0024
6,21.5253,19.5558,21.4153,0.0024
0,21.5253,19.5558,21.4153,0.0024
1,21.5253,19.5558,21.4153,0.0017
2,21.5253,88.3890,21.4153,0.0017
3,21.5253,61.8723,21.4153,0.0017
4,21.5253,43.3106,21.4153,0.0017
5,21.5253,30.3174,21.4153,0.0017
6,21.5253,21.2222,21.4153,0.0017
7,21.5253,21.2222,21.4153,0.0012
0,21.5253,21.2222,21.4153,0.0012
1,462.9677,21.2222,21.4153,0.0012
2,324.0774,21.2222,21.4153,0.0012
3,226.8542,21.2222,21.4153,0.0012
4,158.7979,21.2222,21.4153,0.0012
5,111.1585,21.2222,21.4153,0.0012
6,77.8110,21.2222,21.4153,0.0012
0,77.8110,21.2222,21.4153,0.0012
1,77.8110,21.2222,21.4153,0.0008
2,77.8110,21.2222,21.4153,0.0006
3,75.1677,21.2222,21.4153,0.0006
4,52.6174,21.2222,21.4153,0.0006
5,36.8322,21.2222,21.4153,0.0006
6,36.8322,21.2222,21.4153,0.0004
7,36.8322,55.3555,21.4153,0.0004
8,36.8322,38.7489,21.4153,0.0004
9,36.8322,27.1242,21.4153,0.0004
10,25.7825,27.1242,21.4153,0.0004
0,25.7825,27.1242,21.4153,0.0004
1,25.7825,92.4870,21.4153,0.0004
2,25.7825,64.7409,21.4153,0.0004
3,25.7825,45.3186,21.4153,0.0004
4,25.7825,31.7230,21.4153,0.0004
5,25.7825,22.2061,21.4153,0.0004
6,89.1478,22.2061,21.4153,0.0004
7,62.4034,22.2061,21.4153,0.0004
8,43.6824,22.2061,21.4153,0.0004
9,30.5777,22.2061,21.4153,0.0004
10,21.4044,22.2061,21.4153,0.0004
0,21.4044,22.2061,21.4153,0.0004
1,21.4044,15.5443,21.4153,0.0004
2,21.4044,15.5443,14.9907,0.0004
3,62.3831,15.5443,14.9907,0.0004
4,62.3831,15.5443,14.9907,0.0003
5,62.3831,10.8810,14.9907,0.0003
6,62.3831,10.8810,10.4935,0.0003
7,43.6681,10.8810,10.4935,0.0003
8,43.6681,10.8810,7.3455,0.0003
0,43.6681,10.8810,7.3455,0.0003
1,43.6681,10.8810,7.3455,0.0002
2,185.0677,10.8810,7.3455,0.0002
3,129.5474,10.8810,7.3455,0.0002
4,90.6832,10.8810,7.3455,0.0002
5,63.4782,10.8810,7.3455,0.0002
6,44.4348,10.8810,7.3455,0.0002
7,31.1043,10.8810,7.3455,0.0002
0,31.1043,10.8810,7.3455,0.0002
1,284.8730,10.8810,7.3455,0.0002
2,199.4111,10.8810,7.3455,0.0002
3,139.5878,10.8810,7.3455,0.0002
4,97.7114,10.8810,7.3455,0.0002
5,68.3980,10.8810,7.3455,0.0002
6,47.8786,10.8810,7.3455,0.0002
0,47.8786,10.8810,7.3455,0.0002
1,197.9150,10.8810,7.3455,0.0002
2,138.5405,10.8810,7.3455,0.0002
3,96.9784,10.8810,7.3455,0.0002
4,67.8849,10.8810,7.3455,0.0002
5,47.5194,10.8810,7.3455,0.0002
6,33.2636,10.8810,7.3455,0.0002
0,33.2636,10.8810,7.3455,0.0002
1,33.2636,41.2167,7.3455,0.0002
2,33.2636,28.8517,7.3455,0.0002
3,367.3845,28.8517,7.3455,0.0002
4,257.1692,28.8517,7.3455,0.0002
5,180.0184,28.8517,7.3455,0.0002
6,126.0129,28.8517,7.3455,0.0002
7,88.2090,28.8517,7.3455,0.0002
8,61.7463,28.8517,7.3455,0.0002
0,61.7463,28.8517,7.3455,0.0002
1,160.2224,28.8517,7.3455,0.0002
2,112.1557,28.8517,7.3455,0.0002
3,112.1557,28.8517,5.1418,0.0002
4,78.5090,28.8517,5.1418,0.0002
5,78.5090,20.1962,5.1418,0.0002
6,54.9563,20.1962,5.1418,0.0002
0,54.9563,20.1962,5.1418,0.0002
1,192.3694,20.1962,5.1418,0.0002
2,192.3694,14.1373,5.1418,0.0002
3,134.6586,14.1373,5.1418,0.0002
4,94.2610,14.1373,5.1418,0.0002
5,94.2610,14.1373,5.1418,0.0001
6,65.9827,14.1373,5.1418,0.0001
0,65.9827,14.1373,5.1418,0.0001
1,197.3879,14.1373,5.1418,0.0001
2,138.1715,14.1373,5.1418,0.0001
3,138.1715,14.1373,3.5993,0.0001
4,96.7201,14.1373,3.5993,0.0001
5,67.7040,14.1373,3.5993,0.0001
6,47.3928,14.1373,3.5993,0.0001
0,47.3928,14.1373,3.5993,0.0001
1,47.3928,116.3961,3.5993,0.0001
2,47.3928,81.4773,3.5993,0.0001
3,238.3750,81.4773,3.5993,0.0001
4,166.8625,81.4773,3.5993,0.0001
5,116.8037,81.4773,3.5993,0.0001
6,81.7626,81.4773,3.5993,0.0001
7,57.2338,81.4773,3.5993,0.0001
8,57.2338,57.0341,3.5993,0.0001
0,57.2338,57.0341,3.5993,0.0001
1,330.4637,57.0341,3.5993,0.0001
2,231.3246,57.0341,3.5993,0.0001
3,161.9272,57.0341,3.5993,0.0001
4,161.9272,57.0341,3.5993,0.0001
5,113.3490,57.0341,3.5993,0.0001
6,79.3443,57.0341,3.5993,0.0001
0,79.3443,57.0341,3.5993,0.0001
1,70.8410,57.0341,3.5993,0.0001
2,49.5887,57.0341,3.5993,0.0001
3,49.5887,57.0341,2.5195,0.0001
4,49.5887,39.9239,2.5195,0.0001
5,49.5887,39.9239,2.5195,0.0001
6,34.7121,39.9239,2.5195,0.0001
0,34.7121,39.9239,2.5195,0.0001
1,34.7121,92.7467,2.5195,0.0001
2,96.2985,92.7467,2.5195,0.0001
3,67.4089,92.7467,2.5195,0.0001
4,67.4089,64.9227,2.5195,0.0001
5,67.4089,64.9227,1.7636,0.0001
6,47.1863,64.9227,1.7636,0.0001
7,47.1863,45.4459,1.7636,0.0001
0,47.1863,45.4459,1.7636,0.0001
1,160.8304,45.4459,1.7636,0.0001
2,112.5813,45.4459,1.7636,0.0001
3,78.8069,45.4459,1.7636,0.0001
4,55.1648,45.4459,1.7636,0.0001
5,55.1648,31.8121,1.7636,0.0001
6,38.6154,31.8121,1.7636,0.0001
0,38.6154,31.8121,1.7636,0.0001
1,194.4308,31.8121,1.7636,0.0001
2,136.1015,31.8121,1.7636,0.0001
3,95.2711,31.8121,1.7636,0.0001
4,66.6898,31.8121,1.7636,0.0001
5,46.6828,31.8121,1.7636,0.0001
6,32.6780,31.8121,1.7636,0.0001
0,32.6780,31.8121,1.7636,0.0001
1,32.6780,31.8121,1.7636,0.0000
2,200.7746,31.8121,1.7636,0.0000
3,200.7746,92.4685,1.7636,0.0000
4,140.5422,92.4685,1.7636,0.0000
5,140.5422,92.4685,1.7636,0.0000
6,98.3795,92.4685,1.7636,0.0000
7,68.8657,92.4685,1.7636,0.0000
8,68.8657,64.7279,1.7636,0.0000
0,68.8657,64.7279,1.7636,0.0000
1,237.5060,64.7279,1.7636,0.0000
2,166.2542,64.7279,1.7636,0.0000
3,116.3779,64.7279,1.7636,0.0000
4,81.4646,64.7279,1.7636,0.0000
5,57.0252,64.7279,1.7636,0.0000
6,57.0252,45.3096,1.7636,0.0000
0,57.0252,45.3096,1.7636,0.0000
1,263.7176,45.3096,1.7636,0.0000
2,184.6023,45.3096,1.7636,0.0000
3,184.6023,45.3096,1.7636,0.0000
4,129.2216,45.3096,1.7636,0.0000
5,90.4551,45.3096,1.7636,0.0000
6,63.3186,45.3096,1.7636,0.0000
0,63.3186,45.3096,1.7636,0.0000
1,148.7230,45.3096,1.7636,0.0000
2,104.1061,45.3096,1.7636,0.0000
3,72.8743,45.3096,1.7636,0.0000
4,51.0120,45.3096,1.7636,0.0000
5,35.7084,45.3096,1.7636,0.0000
6,35.7084,31.7167,1.7636,0.0000
0,35.7084,31.7167,1.7636,0.0000
1,208.2959,31.7167,1.7636,0.0000
2,208.2959,31.7167,1.7636,0.0000
3,145.8071,31.7167,1.7636,0.0000
4,102.0650,31.7167,1.7636,0.0000
5,71.4455,31.7167,1.7636,0.0000
6,50.0118,31.7167,1.7636,0.0000
0,50.0118,31.7167,1.7636,0.0000
1,340.1083,31.7167,1.7636,0.0000
2,238.0758,31.7167,1.7636,0.0000
3,166.6531,31.7167,1.7636,0.0000
4,116.6571,31.7167,1.7636,0.0000
5,81.6600,31.7167,1.7636,0.0000
6,57.1620,31.7167,1.7636,0.0000
0,57.1620,31.7167,1.7636,0.0000
1,57.1620,31.7167,1.7636,0.0000
2,516.4134,31.7167,1.7636,0.0000
3,516.4134,31.7167,1.2345,0.0000
4,361.4894,31.7167,1.2345,0.0000
5,253.0426,31.7167,1.2345,0.0000
6,177.1298,31.7167,1.2345,0.0000
7,123.9909,31.7167,1.2345,0.0000
0,123.9909,31.7167,1.2345,0.0000
1,469.5936,31.7167,1.2345,0.0000
2,328.7155,31.7167,1.2345,0.0000
3,230.1009,31.7167,1.2345,0.0000
4,161.0706,31.7167,1.2345,0.0000
5,112.7494,31.7167,1.2345,0.0000
6,78.9246,31.7167,1.2345,0.0000
0,78.9246,31.7167,1.2345,0.0000
1,145.2472,31.7167,1.2345,0.0000
2,145.2472,31.7167,1.2345,0.0000
3,101.6731,31.7167,1.2345,0.0000
4,71.1711,31.7167,1.2345,0.0000
5,71.1711,31.7167,1.2345,0.0000
6,49.8198,31.7167,1.2345,0.0000
0,49.8198,31.7167,1.2345,0.0000
1,333.0739,31.7167,1.2345,0.0000
2,233.1517,31.7167,1.2345,0.0000
3,233.1517,31.7167,0.8642,0.0000
4,163.2062,31.7167,0.8642,0.0000
5,114.2443,31.7167,0.8642,0.0000
6,79.9710,31.7167,0.8642,0.0000
0,79.9710,31.7167,0.8642,0.0000
1,471.7797,31.7167,0.8642,0.0000
2,330.2458,31.7167,0.8642,0.0000
3,231.1721,31.7167,0.8642,0.0000
4,231.1721,31.7167,0.8642,0.0000
5,161.8204,31.7167,0.8642,0.0000
6,113.2743,31.7167,0.8642,0.0000
0,113.2743,31.7167,0.8642,0.0000
1,113.2743,31.7167,0.8642,0.0000
2,113.2743,27.0017,0.8642,0.0000
3,113.2743,18.9012,0.8642,0.0000
4,385.5920,18.9012,0.8642,0.0000
5,269.9144,18.9012,0.8642,0.0000
6,188.9401,18.9012,0.8642,0.0000
7,132.2581,18.9012,0.8642,0.0000
8,92.5806,18.9012,0.8642,0.0000
9,64.8065,18.9012,0.8642,0.0000
0,64.8065,18.9012,0.8642,0.0000
1,488.4645,18.9012,0.8642,0.0000
2,488.4645,18.9012,0.8642,0.0000
3,341.9252,18.9012,0.8642,0.0000
4,239.3476,18.9012,0.8642,0.0000
5,167.5433,18.9012,0.8642,0.0000
6,117.2803,18.9012,0.8642,0.0000
0,117.2803,18.9012,0.8642,0.0000
1,117.2803,18.9012,0.8642,0.0000
2,121.9962,18.9012,0.8642,0.0000
3,85.3974,18.9012,0.8642,0.0000
4,59.7782,18.9012,0.8642,0.0000
5,41.8447,18.9012,0.8642,0.0000
6,29.2913,18.9012,0.8642,0.0000
7,20.5039,18.9012,0.8642,0.0000
0,20.5039,18.9012,0.8642,0.0000
1,20.5039,18.9012,0.8642,0.0000
2,86.3527,18.9012,0.8642,0.0000
3,60.4469,18.9012,0.8642,0.0000
4,42.3128,18.9012,0.8642,0.0000
5,29.6190,18.9012,0.8642,0.0000
6,20.7333,18.9012,0.8642,0.0000
7,14.5133,18.9012,0.8642,0.0000
0,14.5133,18.9012,0.8642,0.0000
1,14.5133,213.3308,0.8642,0.0000
2,14.5133,149.3316,0.8642,0.0000
3,14.5133,104.5321,0.8642,0.0000
4,14.5133,73.1725,0.8642,0.0000
5,14.5133,51.2207,0.8642,0.0000
6,14.5133,35.8545,0.8642,0.0000
0,14.5133,35.8545,0.8642,0.0000
1,14.5133,46.0982,0.8642,0.0000
2,14.5133,32.2687,0.8642,0.0000
3,14.5133,22.5881,0.8642,0.0000
4,14.5133,15.8117,0.8642,0.0000
5,14.5133,15.8117,0.6049,0.0000
6,14.5133,11.0682,0.6049,0.0000
0,14.5133,11.0682,0.6049,0.0000
1,204.5593,11.0682,0.6049,0.0000
2,143.1915,11.0682,0.6049,0.0000
3,100.2341,11.0682,0.6049,0.0000
4,70.1638,11.0682,0.6049,0.0000
5,49.1147,11.0682,0.6049,0.0000
6,34.3803,11.0682,0.6049,0.0000
0,34.3803,11.0682,0.6049,0.0000
1,133.5662,11.0682,0.6049,0.0000
2,133.5662,11.0682,0.6049,0.0000
3,93.4963,11.0682,0.6049,0.0000
4,65.4474,11.0682,0.6049,0.0000
5,45.8132,11.0682,0.6049,0.0000
6,45.8132,11.0682,0.4235,0.0000
0,45.8132,11.0682,0.4235,0.0000
1,125.6692,11.0682,0.4235,0.0000
2,87.9685,11.0682,0.4235,0.0000
3,61.5779,11.0682,0.4235,0.0000
4,43.1046,11.0682,0.4235,0.0000
5,30.1732,11.0682,0.4235,0.0000
6,21.1212,11.0682,0.4235,0.0000
0,21.1212,11.0682,0.4235,0.0000
1,204.9849,11.0682,0.4235,0.0000
2,143.4894,11.0682,0.4235,0.0000
3,100.4426,11.0682,0.4235,0.0000
4,70.3098,11.0682,0.4235,0.0000
5,49.2169,11.0682,0.4235,0.0000
6,49.2169,7.7477,0.4235,0.0000
0,49.2169,7.7477,0.4235,0.0000
1,392.9518,7.7477,0.4235,0.0000
2,275.0663,7.7477,0.4235,0.0000
3,192.5464,7.7477,0.4235,0.0000
4,134.7825,7.7477,0.4235,0.0000
5,94.3477,7.7477,0.4235,0.0000
6,66.0434,7.7477,0.4235,0.0000
0,66.0434,7.7477,0.4235,0.0000
1,525.3304,7.7477,0.4235,0.0000
2,367.7313,7.7477,0.4235,0.0000
3,257.4119,7.7477,0.4235,0.0000
4,180.1883,7.7477,0.4235,0.0000
5,126.1318,7.7477,0.4235,0.0000
6,88.2923,7.7477,0.4235,0.0000
0,88.2923,7.7477,0.4235,0.0000
1,148.2046,7.7477,0.4235,0.0000
2,103.7432,7.7477,0.4235,0.0000
3,72.6203,7.7477,0.4235,0.0000
4,72.6203,7.7477,0.2964,0.0000
5,50.8342,7.7477,0.2964,0.0000
6,35.5839,7.7477,0.2964,0.0000
0,35.5839,7.7477,0.2964,0.0000
1,234.9087,7.7477,0.2964,0.0000
2,164.4361,7.7477,0.2964,0.0000
3,115.1053,7.7477,0.2964,0.0000
4,80.5737,7.7477,0.2964,0.0000
5,56.4016,7.7477,0.2964,0.0000
6,56.4016,5.4234,0.2964,0.0000
0,56.4016,5.4234,0.2964,0.0000
1,56.4016,5.4234,0.2964,0.0000
2,148.3811,5.4234,0.2964,0.0000
3,148.3811,5.4234,0.2075,0.0000
4,148.3811,5.4234,0.1452,0.0000
5,103.8668,5.4234,0.1452,0.0000
6,72.7067,5.4234,0.1452,0.0000
7,50.8947,5.4234,0.1452,0.0000
0,50.8947,5.4234,0.1452,0.0000
1,73.4263,5.4234,0.1452,0.0000
2,51.3984,5.4234,0.1452,0.0000
3,35.9789,5.4234,0.1452,0.0000
4,25.1852,5.4234,0.1452,0.0000
5,25.1852,3.7964,0.1452,0.0000
6,17.6297,3.7964,0.1452,0.0000
0,17.6297,3.7964,0.1452,0.0000
1,103.5408,3.7964,0.1452,0.0000
2,72.4785,3.7964,0.1452,0.0000
3,50.7350,3.7964,0.1452,0.0000
4,35.5145,3.7964,0.1452,0.0000
5,24.8601,3.7964,0.1452,0.0000
6,17.4021,3.7964,0.1452,0.0000
0,17.4021,3.7964,0.1452,0.0000
1,111.1815,3.7964,0.1452,0.0000
2,111.1815,3.7964,0.1452,0.0000
3,77.8270,3.7964,0.1452,0.0000
4,54.4789,3.7964,0.1452,0.0000
5,38.1352,3.7964,0.1452,0.0000
6,26.6947,3.7964,0.1452,0.0000
0,26.6947,3.7964,0.1452,0.0000
1,26.6947,5.6575,0.1452,0.0000
2,257.7863,5.6575,0.1452,0.0000
3,257.7863,3.9602,0.1452,0.0000
4,180.4504,3.9602,0.1452,0.0000
5,180.4504,3.9602,0.1017,0.0000
6,126.3153,3.9602,0.1017,0.0000
7,88.4207,3.9602,0.1017,0.0000
0,88.4207,3.9602,0.1017,0.0000
1,238.2945,3.9602,0.1017,0.0000
2,166.8061,3.9602,0.1017,0.0000
3,116.7643,3.9602,0.1017,0.0000
4,81.7350,3.9602,0.1017,0.0000
5,57.2145,3.9602,0.1017,0.0000
6,40.0502,3.9602,0.1017,0.0000
0,40.0502,3.9602,0.1017,0.0000
1,211.3351,3.9602,0.1017,0.0000
2,147.9346,3.9602,0.1017,0.0000
3,103.5542,3.9602,0.1017,0.0000
4,72.4879,3.9602,0.1017,0.0000
5,50.7416,3.9602,0.1017,0.0000
6,50.7416,2.7722,0.1017,0.0000
0,50.7416,2.7722,0.1017,0.0000
1,50.7416,2.7722,146.4712,0.0000
2,208.6191,2.7722,146.4712,0.0000
3,146.0334,2.7722,146.4712,0.0000
4,146.0334,2.7722,102.5298,0.0000
5,102.2234,2.7722,102.5298,0.0000
6,102.2234,2.7722,71.7709,0.0000
7,71.5563,2.7722,71.7709,0.0000
0,71.5563,2.7722,71.7709,0.0000
1,71.5563,2.7722,50.2396,0.0000
2,66.2894,2.7722,50.2396,0.0000
3,46.4026,2.7722,50.2396,0.0000
4,46.4026,2.7722,35.1677,0.0000
5,32.4818,2.7722,35.1677,0.0000
6,32.4818,2.7722,24.6174,0.0000
7,22.7373,2.7722,24.6174,0.0000
0,22.7373,2.7722,24.6174,0.0000
1,22.7373,2.7722,123.4322,0.0000
2,22.7373,2.7722,86.4025,0.0000
3,22.7373,2.7722,60.4818,0.0000
4,22.7373,2.7722,42.3372,0.0000
5,22.7373,2.7722,29.6361,0.0000
6,22.7373,21.4405,29.6361,0.0000
7,22.7373,21.4405,20.7452,0.0000
8,101.4161,21.4405,20.7452,0.0000
9,70.9913,21.4405,20.7452,0.0000
10,49.6939,21.4405,20.7452,0.0000
0,49.6939,21.4405,20.7452,0.0000
1,167.9857,21.4405,20.7452,0.0000
2,117.5900,21.4405,20.7452,0.0000
3,82.3130,21.4405,20.7452,0.0000
4,57.6191,21.4405,20.7452,0.0000
5,57.6191,21.4405,20.7452,0.0000
6,40.3334,21.4405,20.7452,0.0000
0,40.3334,21.4405,20.7452,0.0000
1,146.1334,21.4405,20.7452,0.0000
2,102.2934,21.4405,20.7452,0.0000
3,71.6053,21.4405,20.7452,0.0000
4,50.1237,21.4405,20.7452,0.0000
5,50.1237,21.4405,14.5217,0.0000
6,50.1237,15.0084,14.5217,0.0000
0,50.1237,15.0084,14.5217,0.0000
1,510.2866,15.0084,14.5217,0.0000
2,357.2006,15.0084,14.5217,0.0000
3,250.0404,15.0084,14.5217,0.0000
4,175.0283,15.0084,14.5217,0.0000
5,175.0283,10.5059,14.5217,0.0000
6,175.0283,7.3541,14.5217,0.0000
0,175.0283,7.3541,14.5217,0.0000
1,290.2198,7.3541,14.5217,0.0000
2,203.1539,7.3541,14.5217,0.0000
3,142.2077,7.3541,14.5217,0.0000
4,99.5454,7.3541,14.5217,0.0000
5,69.6818,7.3541,14.5217,0.0000
6,69.6818,7.3541,10.1652,0.0000
0,69.6818,7.3541,10.1652,0.0000
1,272.8772,7.3541,10.1652,0.0000
2,191.0141,7.3541,10.1652,0.0000
3,133.7098,7.3541,10.1652,0.0000
4,93.5969,7.3541,10.1652,0.0000
5,65.5178,7.3541,10.1652,0.0000
6,45.8625,7.3541,10.1652,0.0000
0,45.8625,7.3541,10.1652,0.0000
1,107.1037,7.3541,10.1652,0.0000
2,74.9726,7.3541,10.1652,0.0000
3,52.4808,7.3541,10.1652,0.0000
4,36.7366,7.3541,10.1652,0.0000
5,25.7156,7.3541,10.1652,0.0000
6,18.0009,7.3541,10.1652,0.0000
0,18.0009,7.3541,10.1652,0.0000
1,136.2006,7.3541,10.1652,0.0000
2,95.3405,7.3541,10.1652,0.0000
3,66.7383,7.3541,10.1652,0.0000
4,66.7383,5.1479,10.1652,0.0000
5,46.7168,5.1479,10.1652,0.0000
6,46.7168,3.6035,10.1652,0.0000
0,46.7168,3.6035,10.1652,0.0000
1,150.0018,3.6035,10.1652,0.0000
2,150.0018,3.6035,7.1156,0.0000
3,105.0012,3.6035,7.1156,0.0000
4,73.5009,3.6035,7.1156,0.0000
5,51.4506,3.6035,7.1156,0.0000
6,51.4506,2.5225,7.1156,0.0000
0,51.4506,2.5225,7.1156,0.0000
1,215.4154,2.5225,7.1156,0.0000
2,150.7908,2.5225,7.1156,0.0000
3,105.5536,2.5225,7.1156,0.0000
4,73.8875,2.5225,7.1156,0.0000
5,51.7212,2.5225,7.1156,0.0000
6,36.2049,2.5225,7.1156,0.0000
0,36.2049,2.5225,7.1156,0.0000
1,100.3434,2.5225,7.1156,0.0000
2,70.2404,2.5225,7.1156,0.0000
3,49.1683,2.5225,7.1156,0.0000
4,34.4178,2.5225,7.1156,0.0000
5,24.0925,2.5225,7.1156,0.0000
6,24.0925,2.5225,4.9809,0.0000
0,24.0925,2.5225,4.9809,0.0000
1,67.8647,2.5225,4.9809,0.0000
2,47.5053,2.5225,4.9809,0.0000
3,33.2537,2.5225,4.9809,0.0000
4,23.2776,2.5225,4.9809,0.0000
5,16.2943,2.5225,4.9809,0.0000
6,11.4060,2.5225,4.9809,0.0000
0,11.4060,2.5225,4.9809,0.0000
1,11.4060,2.5225,237.4867,0.0000
2,11.4060,2.5225,166.2407,0.0000
3,11.4060,2.5225,116.3685,0.0000
4,11.4060,2.5225,81.4579,0.0000
5,11.4060,2.5225,57.0205,0.0000
6,11.4060,2.5225,39.9144,0.0000
0,11.4060,2.5225,39.9144,0.0000
1,11.4060,2.5225,320.7401,0.0000
2,11.4060,2.5225,224.5180,0.0000
3,11.4060,2.5225,157.1626,0.0000
4,11.4060,2.5225,110.0138,0.0000
5,11.4060,2.5225,77.0097,0.0000
6,11.4060,2.5225,53.9068,0.0000
0,11.4060,2.5225,53.9068,0.0000
1,11.4060,2.5225,178.1347,0.0000
2,11.4060,2.5225,124.6943,0.0000
3,11.4060,2.5225,87.2860,0.0000
4,11.4060,2.5225,61.1002,0.0000
5,11.4060,10.7657,61.1002,0.0000
6,11.4060,10.7657,42.7702,0.0000
7,11.4060,10.7657,29.9391,0.0000
8,11.4060,10.7657,20.9574,0.0000
9,11.4060,10.7657,14.6702,0.0000
10,11.4060,10.7657,10.2691,0.0000
0,11.4060,10.7657,10.2691,0.0000
1,100.9842,10.7657,10.2691,0.0000
2,70.6890,10.7657,10.2691,0.0000
3,49.4823,10.7657,10.2691,0.0000
4,34.6376,10.7657,10.2691,0.0000
5,24.2463,10.7657,10.2691,0.0000
6,16.9724,10.7657,10.2691,0.0000
0,16.9724,10.7657,10.2691,0.0000
1,229.6807,10.7657,10.2691,0.0000
2,160.7765,10.7657,10.2691,0.0000
3,112.5435,10.7657,10.2691,0.0000
4,78.7805,10.7657,10.2691,0.0000
5,55.1463,10.7657,10.2691,0.0000
6,38.6024,10.7657,10.2691,0.0000
0,38.6024,10.7657,10.2691,0.0000
1,386.4217,10.7657,10.2691,0.0000
2,270.4952,10.7657,10.2691,0.0000
3,189.3466,10.7657,10.2691,0.0000
4,132.5426,10.7657,10.2691,0.0000
5,92.7799,10.7657,10.2691,0.0000
6,64.9459,10.7657,10.2691,0.0000
0,64.9459,10.7657,10.2691,0.0000
1,64.9459,42.3360,10.2691,0.0000
2,64.9459,29.6352,10.2691,0.0000
3,89.2621,29.6352,10.2691,0.0000
4,62.4835,29.6352,10.2691,0.0000
5,43.7384,29.6352,10.2691,0.0000
6,30.6169,29.6352,10.2691,0.0000
7,21.4318,29.6352,10.2691,0.0000
8,21.4318,20.7446,10.2691,0.0000
0,21.4318,20.7446,10.2691,0.0000
1,21.4318,20.7446,118.4884,0.0000
2,21.4318,20.7446,82.9419,0.0000
3,21.4318,20.7446,58.0593,0.0000
4,21.4318,20.7446,40.6415,0.0000
5,15.0023,20.7446,40.6415,0.0000
6,15.0023,20.7446,28.4491,0.0000
0,15.0023,20.7446,28.4491,0.0000
1,15.0023,20.7446,19.9143,0.0000
2,15.0023,14.5212,19.9143,0.0000
3,15.0023,14.5212,13.9400,0.0000
4,81.0016,14.5212,13.9400,0.0000
5,81.0016,10.1649,13.9400,0.0000
6,56.7011,10.1649,13.9400,0.0000
7,39.6908,10.1649,13.9400,0.0000
8,27.7835,10.1649,13.9400,0.0000
9,19.4485,10.1649,13.9400,0.0000
0,19.4485,10.1649,13.9400,0.0000
1,418.6139,10.1649,13.9400,0.0000
2,293.0298,10.1649,13.9400,0.0000
3,205.1208,10.1649,13.9400,0.0000
4,143.5846,10.1649,13.9400,0.0000
5,100.5092,10.1649,13.9400,0.0000
6,70.3564,10.1649,13.9400,0.0000
0,70.3564,10.1649,13.9400,0.0000
1,481.2495,10.1649,13.9400,0.0000
2,336.8747,10.1649,13.9400,0.0000
3,235.8123,10.1649,13.9400,0.0000
4,235.8123,10.1649,9.7580,0.0000
5,165.0686,10.1649,9.7580,0.0000
6,115.5480,10.1649,9.7580,0.0000
0,115.5480,10.1649,9.7580,0.0000
1,599.5836,10.1649,9.7580,0.0000
2,419.7085,10.1649,9.7580,0.0000
3,293.7960,10.1649,9.7580,0.0000
4,205.6572,10.1649,9.7580,0.0000
5,143.9600,10.1649,9.7580,0.0000
6,143.9600,10.1649,9.7580,0.0000
0,143.9600,10.1649,9.7580,0.0000
1,273.5720,10.1649,9.7580,0.0000
2,191.5004,10.1649,9.7580,0.0000
3,134.0503,10.1649,9.7580,0.0000
4,93.8352,10.1649,9.7580,0.0000
5,65.6846,10.1649,9.7580,0.0000
6,45.9792,10.1649,9.7580,0.0000
0,45.9792,10.1649,9.7580,0.0000
1,156.3855,10.1649,9.7580,0.0000
2,109.4698,10.1649,9.7580,0.0000
3,76.6289,10.1649,9.7580,0.0000
4,76.6289,7.1154,9.7580,0.0000
5,53.6402,7.1154,9.7580,0.0000
6,53.6402,7.1154,9.7580,0.0000
0,53.6402,7.1154,9.7580,0.0000
1,169.5482,7.1154,9.7580,0.0000
2,118.6837,7.1154,9.7580,0.0000
3,83.0786,7.1154,9.7580,0.0000
4,58.1550,7.1154,9.7580,0.0000
5,58.1550,7.1154,9.7580,0.0000
6,40.7085,7.1154,9.7580,0.0000
0,40.7085,7.1154,9.7580,0.0000
1,373.4960,7.1154,9.7580,0.0000
2,261.4472,7.1154,9.7580,0.0000
3,183.0130,7.1154,9.7580,0.0000
4,128.1091,7.1154,9.7580,0.0000
5,89.6764,7.1154,9.7580,0.0000
6,62.7735,7.1154,9.7580,0.0000
0,62.7735,7.1154,9.7580,0.0000
1,226.6414,7.1154,9.7580,0.0000
2,158.6490,7.1154,9.7580,0.0000
3,111.0543,7.1154,9.7580,0.0000
4,77.7380,7.1154,9.7580,0.0000
5,54.4166,7.1154,9.7580,0.0000
6,38.0916,7.1154,9.7580,0.0000
0,38.0916,7.1154,9.7580,0.0000
1,261.5641,7.1154,9.7580,0.0000
2,183.0949,7.1154,9.7580,0.0000
3,128.1664,7.1154,9.7580,0.0000
4,89.7165,7.1154,9.7580,0.0000
5,62.8015,7.1154,9.7580,0.0000
6,43.9611,7.1154,9.7580,0.0000
0,43.9611,7.1154,9.7580,0.0000
1,43.9611,4.9808,9.7580,0.0000
2,200.8728,4.9808,9.7580,0.0000
3,140.6109,4.9808,9.7580,0.0000
4,98.4277,4.9808,9.7580,0.0000
5,68.8994,4.9808,9.7580,0.0000
6,68.8994,3.4866,9.7580,0.0000
7,48.2295,3.4866,9.7580,0.0000
0,48.2295,3.4866,9.7580,0.0000
1,48.2295,39.0406,9.7580,0.0000
2,150.4607,39.0406,9.7580,0.0000
3,105.3225,39.0406,9.7580,0.0000
4,73.7257,39.0406,9.7580,0.0000
5,73.7257,39.0406,9.7580,0.0000
6,51.6080,39.0406,9.7580,0.0000
7,36.1256,39.0406,9.7580,0.0000
0,36.1256,39.0406,9.7580,0.0000
1,36.1256,27.3284,9.7580,0.0000
2,315.9879,27.3284,9.7580,0.0000
3,221.1915,27.3284,9.7580,0.0000
4,154.8341,27.3284,9.7580,0.0000
5,108.3839,27.3284,9.7580,0.0000
6,75.8687,27.3284,9.7580,0.0000
7,53.1081,27.3284,9.7580,0.0000
0,53.1081,27.3284,9.7580,0.0000
1,95.6757,27.3284,9.7580,0.0000
2,66.9730,27.3284,9.7580,0.0000
3,46.8811,27.3284,9.7580,0.0000
4,32.8168,27.3284,9.7580,0.0000
5,22.9717,27.3284,9.7580,0.0000
6,22.9717,27.3284,6.8306,0.0000
0,22.9717,27.3284,6.8306,0.0000
1,22.9717,134.9299,6.8306,0.0000
2,22.9717,94.4509,6.8306,0.0000
3,22.9717,66.1156,6.8306,0.0000
4,22.9717,46.2810,6.8306,0.0000
5,22.9717,32.3967,6.8306,0.0000
6,22.9717,22.6777,6.8306,0.0000
0,22.9717,22.6777,6.8306,0.0000
1,394.9802,22.6777,6.8306,0.0000
2,276.4861,22.6777,6.8306,0.0000
3,193.5403,22.6777,6.8306,0.0000
4,135.4782,22.6777,6.8306,0.0000
5,94.8347,22.6777,6.8306,0.0000
6,66.3843,22.6777,6.8306,0.0000
0,66.3843,22.6777,6.8306,0.0000
1,380.9690,22.6777,6.8306,0.0000
2,266.6783,22.6777,6.8306,0.0000
3,186.6748,22.6777,6.8306,0.0000
4,130.6724,22.6777,6.8306,0.0000
5,130.6724,22.6777,6.8306,0.0000
6,91.4707,22.6777,6.8306,0.0000
0,91.4707,22.6777,6.8306,0.0000
1,301.3295,22.6777,6.8306,0.0000
2,210.9306,22.6777,6.8306,0.0000
3,147.6514,22.6777,6.8306,0.0000
4,103.3560,22.6777,6.8306,0.0000
5,72.3492,22.6777,6.8306,0.0000
6,72.3492,15.8744,6.8306,0.0000
0,72.3492,15.8744,6.8306,0.0000
1,50.6444,15.8744,6.8306,0.0000
2,35.4511,15.8744,6.8306,0.0000
3,24.8158,15.8744,6.8306,0.0000
4,17.3710,15.8744,6.8306,0.0000
5,17.3710,15.8744,6.8306,0.0000
0,17.3710,15.8744,6.8306,0.0000
1,348.1597,15.8744,6.8306,0.0000
2,243.7118,15.8744,6.8306,0.0000
3,243.7118,15.8744,6.8306,0.0000
4,170.5983,15.8744,6.8306,0.0000
5,119.4188,15.8744,6.8306,0.0000
6,83.5932,15.8744,6.8306,0.0000
0,83.5932,15.8744,6.8306,0.0000
1,706.5152,15.8744,6.8306,0.0000
2,494.5606,15.8744,6.8306,0.0000
3,346.1925,15.8744,6.8306,0.0000
4,242.3347,15.8744,6.8306,0.0000
5,169.6343,15.8744,6.8306,0.0000
6,118.7440,15.8744,6.8306,0.0000
0,118.7440,15.8744,6.8306,0.0000
1,416.1208,15.8744,6.8306,0.0000
2,291.2846,15.8744,6.8306,0.0000
3,203.8992,15.8744,6.8306,0.0000
4,142.7294,15.8744,6.8306,0.0000
5,99.9106,15.8744,6.8306,0.0000
6,69.9374,15.8744,6.8306,0.0000
0,69.9374,15.8744,6.8306,0.0000
1,823.2562,15.8744,6.8306,0.0000
2,576.2793,15.8744,6.8306,0.0000
3,403.3955,15.8744,6.8306,0.0000
4,403.3955,15.8744,6.8306,0.0000
5,403.3955,15.8744,975.2814,0.0000
6,403.3955,15.8744,682.6970,0.0000
7,403.3955,15.8744,477.8879,0.0000
8,403.3955,15.8744,334.5215,0.0000
9,1280.1769,15.8744,334.5215,0.0000
10,896.1238,15.8744,334.5215,0.0000
0,896.1238,15.8744,334.5215,0.0000
1,698.3867,15.8744,334.5215,0.0000
2,488.8707,15.8744,334.5215,0.0000
3,342.2095,15.8744,334.5215,0.0000
4,239.5466,15.8744,334.5215,0.0000
5,239.5466,15.8744,234.1651,0.0000
6,167.6826,15.8744,234.1651,0.0000
0,167.6826,15.8744,234.1651,0.0000
1,167.6826,15.8744,163.9156,0.0000
2,265.8778,15.8744,163.9156,0.0000
3,186.1145,15.8744,163.9156,0.0000
4,130.2801,15.8744,163.9156,0.0000
5,130.2801,15.8744,114.7409,0.0000
6,91.1961,15.8744,114.7409,0.0000
7,91.1961,15.8744,80.3186,0.0000
0,91.1961,15.8744,80.3186,0.0000
1,335.6373,15.8744,80.3186,0.0000
2,234.9461,15.8744,80.3186,0.0000
3,234.9461,15.8744,80.3186,0.0000
4,164.4623,15.8744,80.3186,0.0000
5,164.4623,15.8744,56.2230,0.0000
6,164.4623,15.8744,39.3561,0.0000
0,164.4623,15.8744,39.3561,0.0000
1,164.4623,15.8744,27.5493,0.0000
2,118.7236,15.8744,27.5493,0.0000
3,83.1065,15.8744,27.5493,0.0000
4,58.1746,15.8744,27.5493,0.0000
5,40.7222,15.8744,27.5493,0.0000
6,28.5055,15.8744,27.5493,0.0000
7,19.9539,15.8744,27.5493,0.0000
0,19.9539,15.8744,27.5493,0.0000
1,19.9539,15.8744,19.2845,0.0000
2,75.4677,15.8744,19.2845,0.0000
3,75.4677,206.7121,19.2845,0.0000
4,75.4677,144.6984,19.2845,0.0000
5,75.4677,101.2889,19.2845,0.0000
6,75.4677,70.9022,19.2845,0.0000
7,75.4677,70.9022,19.2845,0.0000
8,103.8274,70.9022,19.2845,0.0000
9,72.6792,70.9022,19.2845,0.0000
10,72.6792,70.9022,19.2845,0.0000
0,72.6792,70.9022,19.2845,0.0000
1,72.6792,70.9022,234.5992,0.0000
2,72.6792,70.9022,164.2194,0.0000
3,72.6792,70.9022,114.9536,0.0000
4,72.6792,70.9022,80.4675,0.0000
5,72.6792,91.0316,80.4675,0.0000
6,72.6792,63.7221,80.4675,0.0000
7,72.6792,63.7221,56.3273,0.0000
8,72.6792,44.6055,56.3273,0.0000
9,72.6792,44.6055,56.3273,0.0000
10,214.0754,44.6055,56.3273,0.0000
0,214.0754,44.6055,56.3273,0.0000
1,314.5528,44.6055,56.3273,0.0000
2,220.1870,44.6055,56.3273,0.0000
3,154.1309,44.6055,56.3273,0.0000
4,107.8916,44.6055,56.3273,0.0000
5,75.5241,44.6055,56.3273,0.0000
6,52.8669,44.6055,56.3273,0.0000
0,52.8669,44.6055,56.3273,0.0000
1,52.8669,44.6055,593.5291,0.0000
2,52.8669,44.6055,415.4704,0.0000
3,52.8669,44.6055,290.8292,0.0000
4,52.8669,44.6055,203.5805,0.0000
5,52.8669,58.2238,203.5805,0.0000
6,52.8669,58.2238,142.5063,0.0000
7,52.8669,58.2238,99.7544,0.0000
8,52.8669,58.2238,69.8281,0.0000
9,52.8669,58.2238,48.8797,0.0000
10,52.8669,58.2238,34.2158,0.0000
0,52.8669,58.2238,34.2158,0.0000
1,52.8669,96.2567,34.2158,0.0000
2,52.8669,67.3797,34.2158,0.0000
3,52.8669,47.1658,34.2158,0.0000
4,191.5068,47.1658,34.2158,0.0000
5,191.5068,47.1658,34.2158,0.0000
6,134.0548,47.1658,34.2158,0.0000
7,134.0548,47.1658,23.9510,0.0000
8,93.8383,47.1658,23.9510,0.0000
9,93.8383,33.0160,23.9510,0.0000
0,93.8383,33.0160,23.9510,0.0000
1,140.0868,33.0160,23.9510,0.0000
2,98.0608,33.0160,23.9510,0.0000
3,68.6426,33.0160,23.9510,0.0000
4,48.0498,33.0160,23.9510,0.0000
5,33.6349,33.0160,23.9510,0.0000
6,23.5444,33.0160,23.9510,0.0000
0,23.5444,33.0160,23.9510,0.0000
1,23.5444,26.1112,23.9510,0.0000
2,23.5444,18.2779,23.9510,0.0000
3,23.5444,12.7945,23.9510,0.0000
4,23.5444,12.7945,23.9510,0.0000
5,23.5444,12.7945,16.7657,0.0000
6,33.2811,12.7945,16.7657,0.0000
7,23.2968,12.7945,16.7657,0.0000
8,16.3077,12.7945,16.7657,0.0000
9,16.3077,12.7945,11.7360,0.0000
10,11.4154,12.7945,11.7360,0.0000
0,11.4154,12.7945,11.7360,0.0000
1,11.4154,9.5562,11.7360,0.0000
2,11.4154,9.5562,51.7152,0.0000
3,11.4154,9.5562,36.2006,0.0000
4,11.4154,9.5562,36.2006,0.0000
5,11.4154,9.5562,25.3405,0.0000
6,11.4154,9.5562,17.7383,0.0000
7,11.4154,9.5562,12.4168,0.0000
0,11.4154,9.5562,12.4168,0.0000
1,11.4154,9.5562,200.0918,0.0000
2,11.4154,9.5562,140.0642,0.0000
3,11.4154,9.5562,98.0450,0.0000
4,11.4154,9.5562,68.6315,0.0000
5,11.4154,9.5562,48.0420,0.0000
6,11.4154,9.5562,33.6294,0.0000
0,11.4154,9.5562,33.6294,0.0000
1,11.4154,9.5562,355.9406,0.0000
2,11.4154,9.5562,249.1584,0.0000
3,11.4154,9.5562,174.4109,0.0000
4,11.4154,9.5562,122.0876,0.0000
5,11.4154,9.5562,85.4613,0.0000
6,11.4154,9.5562,59.8229,0.0000
0,11.4154,9.5562,59.8229,0.0000
1,11.4154,9.5562,285.1761,0.0000
2,11.4154,99.3893,285.1761,0.0000
3,11.4154,99.3893,199.6232,0.0000
4,11.4154,99.3893,139.7363,0.0000
5,11.4154,69.5725,139.7363,0.0000
6,11.4154,69.5725,97.8154,0.0000
7,11.4154,69.5725,68.4708,0.0000
0,11.4154,69.5725,68.4708,0.0000
1,11.4154,60.7008,68.4708,0.0000
2,11.4154,60.7008,47.9295,0.0000
3,11.4154,42.4905,47.9295,0.0000
4,11.4154,42.4905,33.5507,0.0000
5,7.9908,42.4905,33.5507,0.0000
6,5.5936,42.4905,33.5507,0.0000
0,5.5936,42.4905,33.5507,0.0000
1,5.5936,56.7434,33.5507,0.0000
2,5.5936,56.7434,23.4855,0.0000
3,5.5936,39.7204,23.4855,0.0000
4,5.5936,39.7204,23.4855,0.0000
5,5.5936,27.8043,23.4855,0.0000
6,5.5936,27.8043,16.4398,0.0000
0,5.5936,27.8043,16.4398,0.0000
1,5.5936,107.3630,16.4398,0.0000
2,5.5936,75.1541,16.4398,0.0000
3,5.5936,52.6079,16.4398,0.0000
4,5.5936,36.8255,16.4398,0.0000
5,5.5936,25.7779,16.4398,0.0000
6,5.5936,18.0445,16.4398,0.0000
0,5.5936,18.0445,16.4398,0.0000
1,5.5936,200.1311,16.4398,0.0000
2,5.5936,140.0918,16.4398,0.0000
3,5.5936,98.0643,16.4398,0.0000
4,5.5936,98.0643,16.4398,0.0000
5,5.5936,98.0643,16.4398,0.0000
6,5.5936,68.6450,16.4398,0.0000
0,5.5936,68.6450,16.4398,0.0000
1,5.5936,725.4515,16.4398,0.0000
2,5.5936,725.4515,11.5079,0.0000
3,5.5936,507.8160,11.5079,0.0000
4,5.5936,355.4712,11.5079,0.0000
5,5.5936,248.8299,11.5079,0.0000
6,5.5936,174.1809,11.5079,0.0000
0,5.5936,174.1809,11.5079,0.0000
1,5.5936,121.9266,11.5079,0.0000
2,5.5936,121.9266,11.5079,0.0000
3,5.5936,85.3486,11.5079,0.0000
4,5.5936,59.7440,11.5079,0.0000
5,5.5936,41.8208,11.5079,0.0000
0,5.5936,41.8208,11.5079,0.0000
1,5.5936,241.3746,11.5079,0.0000
2,5.5936,168.9622,11.5079,0.0000
3,5.5936,118.2735,11.5079,0.0000
4,5.5936,82.7915,11.5079,0.0000
5,5.5936,57.9540,11.5079,0.0000
6,5.5936,40.5678,11.5079,0.0000
0,5.5936,40.5678,11.5079,0.0000
1,5.5936,157.0975,11.5079,0.0000
2,5.5936,157.0975,11.5079,0.0000
3,5.5936,109.9682,11.5079,0.0000
4,5.5936,76.9778,11.5079,0.0000
5,5.5936,53.8844,11.5079,0.0000
6,5.5936,37.7191,11.5079,0.0000
0,5.5936,37.7191,11.5079,0.0000
1,5.5936,126.3034,11.5079,0.0000
2,5.5936,126.3034,11.5079,0.0000
3,5.5936,88.4124,11.5079,0.0000
4,5.5936,61.8887,11.5079,0.0000
5,5.5936,61.8887,11.5079,0.0000
6,5.5936,43.3221,11.5079,0.0000
0,5.5936,43.3221,11.5079,0.0000
1,5.5936,43.3221,11.5079,0.0000
2,5.5936,159.6254,11.5079,0.0000
3,5.5936,111.7378,11.5079,0.0000
4,5.5936,78.2165,11.5079,0.0000
5,5.5936,54.7515,11.5079,0.0000
6,5.5936,38.3261,11.5079,0.0000
7,5.5936,38.3261,11.5079,0.0000
0,5.5936,38.3261,11.5079,0.0000
1,5.5936,97.6282,11.5079,0.0000
2,5.5936,68.3398,11.5079,0.0000
3,5.5936,47.8378,11.5079,0.0000
4,5.5936,33.4865,11.5079,0.0000
5,5.5936,23.4405,11.5079,0.0000
6,5.5936,16.4084,11.5079,0.0000
0,5.5936,16.4084,11.5079,0.0000
1,5.5936,537.9859,11.5079,0.0000
2,5.5936,376.5901,11.5079,0.0000
3,5.5936,263.6131,11.5079,0.0000
4,5.5936,184.5292,11.5079,0.0000
5,5.5936,184.5292,8.0555,0.0000
6,5.5936,184.5292,5.6389,0.0000
0,5.5936,184.5292,5.6389,0.0000
1,5.5936,218.5704,5.6389,0.0000
2,5.5936,152.9993,5.6389,0.0000
3,5.5936,107.0995,5.6389,0.0000
4,5.5936,74.9696,5.6389,0.0000
5,5.5936,52.4788,5.6389,0.0000
6,5.5936,36.7351,5.6389,0.0000
0,5.5936,36.7351,5.6389,0.0000
1,5.5936,164.0146,5.6389,0.0000
2,5.5936,164.0146,3.9472,0.0000
3,5.5936,114.8102,3.9472,0.0000
4,5.5936,80.3671,3.9472,0.0000
5,5.5936,80.3671,2.7630,0.0000
6,5.5936,56.2570,2.7630,0.0000
0,5.5936,56.2570,2.7630,0.0000
1,5.5936,80.1799,2.7630,0.0000
2,5.5936,56.1259,2.7630,0.0000
3,5.5936,39.2882,2.7630,0.0000
4,5.5936,27.5017,2.7630,0.0000
5,5.5936,19.2512,2.7630,0.0000
6,5.5936,13.4758,2.7630,0.0000
0,5.5936,13.4758,2.7630,0.0000
1,5.5936,102.7331,2.7630,0.0000
2,5.5936,71.9132,2.7630,0.0000
3,5.5936,50.3392,2.7630,0.0000
4,5.5936,35.2374,2.7630,0.0000
5,5.5936,24.6662,2.7630,0.0000
6,5.5936,17.2663,2.7630,0.0000
0,5.5936,17.2663,2.7630,0.0000
1,471.3155,17.2663,2.7630,0.0000
2,329.9208,17.2663,2.7630,0.0000
3,230.9446,17.2663,2.7630,0.0000
4,230.9446,17.2663,1.9341,0.0000
5,161.6612,17.2663,1.9341,0.0000
6,161.6612,17.2663,1.3539,0.0000
0,161.6612,17.2663,1.3539,0.0000
1,205.5628,17.2663,1.3539,0.0000
2,143.8940,17.2663,1.3539,0.0000
3,100.7258,17.2663,1.3539,0.0000
4,100.7258,17.2663,0.9477,0.0000
5,100.7258,17.2663,0.9477,0.0000
6,70.5081,17.2663,0.9477,0.0000
0,70.5081,17.2663,0.9477,0.0000
1,99.7556,17.2663,0.9477,0.0000
2,69.8289,17.2663,0.9477,0.0000
3,48.8803,17.2663,0.9477,0.0000
4,34.2162,17.2663,0.9477,0.0000
5,34.2162,17.2663,0.9477,0.0000
6,34.2162,17.2663,0.9477,0.0000
0,34.2162,17.2663,0.9477,0.0000
1,381.5513,17.2663,0.9477,0.0000
2,267.0859,17.2663,0.9477,0.0000
3,186.9602,17.2663,0.9477,0.0000
4,130.8721,17.2663,0.9477,0.0000
5,91.6105,17.2663,0.9477,0.0000
6,64.1273,17.2663,0.9477,0.0000
0,64.1273,17.2663,0.9477,0.0000
1,402.7891,17.2663,0.9477,0.0000
2,281.9524,17.2663,0.9477,0.0000
3,197.3667,17.2663,0.9477,0.0000
4,138.1567,17.2663,0.9477,0.0000
5,96.7097,17.2663,0.9477,0.0000
6,67.6968,17.2663,0.9477,0.0000
0,67.6968,17.2663,0.9477,0.0000
1,621.5877,17.2663,0.9477,0.0000
2,435.1114,17.2663,0.9477,0.0000
3,304.5780,17.2663,0.9477,0.0000
4,304.5780,12.0864,0.9477,0.0000
5,213.2046,12.0864,0.9477,0.0000
6,149.2432,12.0864,0.9477,0.0000
0,149.2432,12.0864,0.9477,0.0000
1,777.6703,12.0864,0.9477,0.0000
2,544.3692,12.0864,0.9477,0.0000
3,381.0584,12.0864,0.9477,0.0000
4,381.0584,12.0864,0.6634,0.0000
5,266.7409,12.0864,0.6634,0.0000
6,186.7186,12.0864,0.6634,0.0000
0,186.7186,12.0864,0.6634,0.0000
1,186.7186,12.0864,18.7644,0.0000
2,210.2030,12.0864,18.7644,0.0000
3,147.1421,12.0864,18.7644,0.0000
4,102.9995,12.0864,18.7644,0.0000
5,72.0996,12.0864,18.7644,0.0000
6,50.4697,12.0864,18.7644,0.0000
7,35.3288,12.0864,18.7644,0.0000
0,35.3288,12.0864,18.7644,0.0000
1,199.0302,12.0864,18.7644,0.0000
2,139.3211,12.0864,18.7644,0.0000
3,97.5248,12.0864,18.7644,0.0000
4,68.2674,12.0864,18.7644,0.0000
5,47.7871,12.0864,18.7644,0.0000
6,33.4510,12.0864,18.7644,0.0000
0,33.4510,12.0864,18.7644,0.0000
1,296.7157,12.0864,18.7644,0.0000
2,207.7010,12.0864,18.7644,0.0000
3,207.7010,12.0864,13.1351,0.0000
4,145.3907,12.0864,13.1351,0.0000
5,101.7735,12.0864,13.1351,0.0000
6,101.7735,12.0864,13.1351,0.0000
0,101.7735,12.0864,13.1351,0.0000
1,570.1414,12.0864,13.1351,0.0000
2,399.0990,12.0864,13.1351,0.0000
3,279.3693,12.0864,13.1351,0.0000
4,195.5585,12.0864,13.1351,0.0000
5,136.8910,12.0864,13.1351,0.0000
6,95.8237,12.0864,13.1351,0.0000
0,95.8237,12.0864,13.1351,0.0000
1,552.7766,12.0864,13.1351,0.0000
2,552.7766,12.0864,9.1945,0.0000
3,552.7766,8.4605,9.1945,0.0000
4,386.9436,8.4605,9.1945,0.0000
5,270.8605,8.4605,9.1945,0.0000
6,189.6024,8.4605,9.1945,0.0000
0,189.6024,8.4605,9.1945,0.0000
1,453.7217,8.4605,9.1945,0.0000
2,317.6052,8.4605,9.1945,0.0000
3,222.3236,8.4605,9.1945,0.0000
4,155.6265,8.4605,9.1945,0.0000
5,108.9386,8.4605,9.1945,0.0000
6,76.2570,8.4605,9.1945,0.0000
0,76.2570,8.4605,9.1945,0.0000
1,82.1799,8.4605,9.1945,0.0000
2,57.5259,8.4605,9.1945,0.0000
3,40.2682,8.4605,9.1945,0.0000
4,28.1877,8.4605,9.1945,0.0000
5,28.1877,8.4605,9.1945,0.0000
6,28.1877,8.4605,6.4362,0.0000
0,28.1877,8.4605,6.4362,0.0000
1,94.4314,8.4605,6.4362,0.0000
2,66.1020,8.4605,6.4362,0.0000
3,66.1020,5.9224,6.4362,0.0000
4,46.2714,5.9224,6.4362,0.0000
5,32.3900,5.9224,6.4362,0.0000
6,22.6730,5.9224,6.4362,0.0000
0,22.6730,5.9224,6.4362,0.0000
1,169.7711,5.9224,6.4362,0.0000
2,118.8398,5.9224,6.4362,0.0000
3,83.1878,5.9224,6.4362,0.0000
4,58.2315,5.9224,6.4362,0.0000
5,40.7620,5.9224,6.4362,0.0000
6,28.5334,5.9224,6.4362,0.0000
0,28.5334,5.9224,6.4362,0.0000
1,28.5334,5.9224,6.4362,0.0000
2,28.5334,5.9224,167.1053,0.0000
3,28.5334,5.9224,116.9737,0.0000
4,28.5334,65.6457,116.9737,0.0000
5,28.5334,65.6457,81.8816,0.0000
6,28.5334,65.6457,57.3171,0.0000
7,28.5334,45.9520,57.3171,0.0000
8,28.5334,45.9520,40.1220,0.0000
9,28.5334,32.1664,40.1220,0.0000
0,28.5334,32.1664,40.1220,0.0000
1,28.5334,32.1664,67.0854,0.0000
2,28.5334,32.1664,46.9598,0.0000
3,28.5334,32.1664,32.8718,0.0000
4,593.5734,32.1664,32.8718,0.0000
5,415.5014,32.1664,32.8718,0.0000
6,290.8510,32.1664,32.8718,0.0000
7,203.5957,32.1664,32.8718,0.0000
8,142.5170,32.1664,32.8718,0.0000
9,99.7619,32.1664,32.8718,0.0000
0,99.7619,32.1664,32.8718,0.0000
1,138.8333,32.1664,32.8718,0.0000
2,97.1833,32.1664,32.8718,0.0000
3,68.0283,32.1664,32.8718,0.0000
4,47.6198,32.1664,32.8718,0.0000
5,33.3339,32.1664,32.8718,0.0000
6,23.3337,32.1664,32.8718,0.0000
0,23.3337,32.1664,32.8718,0.0000
1,23.3337,32.1664,29.0103,0.0000
2,23.3337,32.1664,20.3072,0.0000
3,23.3337,212.1165,20.3072,0.0000
4,23.3337,148.4815,20.3072,0.0000
5,23.3337,103.9371,20.3072,0.0000
6,23.3337,72.7559,20.3072,0.0000
7,23.3337,50.9292,20.3072,0.0000
8,23.3337,35.6504,20.3072,0.0000
0,23.3337,35.6504,20.3072,0.0000
1,89.2336,35.6504,20.3072,0.0000
2,62.4635,35.6504,20.3072,0.0000
3,43.7245,35.6504,20.3072,0.0000
4,30.6071,35.6504,20.3072,0.0000
5,30.6071,24.9553,20.3072,0.0000
6,21.4250,24.9553,20.3072,0.0000
0,21.4250,24.9553,20.3072,0.0000
1,21.4250,21.0687,20.3072,0.0000
2,72.2975,21.0687,20.3072,0.0000
3,50.6082,21.0687,20.3072,0.0000
4,35.4258,21.0687,20.3072,0.0000
5,24.7980,21.0687,20.3072,0.0000
6,17.3586,21.0687,20.3072,0.0000
7,17.3586,14.7481,20.3072,0.0000
0,17.3586,14.7481,20.3072,0.0000
1,17.3586,14.7481,205.0150,0.0000
2,17.3586,14.7481,143.5105,0.0000
3,17.3586,14.7481,100.4574,0.0000
4,40.9510,14.7481,100.4574,0.0000
5,40.9510,14.7481,70.3202,0.0000
6,40.9510,14.7481,49.2241,0.0000
7,40.9510,14.7481,34.4569,0.0000
8,40.9510,14.7481,24.1198,0.0000
9,28.6657,14.7481,24.1198,0.0000
0,28.6657,14.7481,24.1198,0.0000
1,28.6657,30.1237,24.1198,0.0000
2,28.6657,21.0866,24.1198,0.0000
3,54.8660,21.0866,24.1198,0.0000
4,54.8660,21.0866,16.8839,0.0000
5,38.4062,21.0866,16.8839,0.0000
6,26.8843,21.0866,16.8839,0.0000
7,18.8190,21.0866,16.8839,0.0000
8,18.8190,14.7606,16.8839,0.0000
0,18.8190,14.7606,16.8839,0.0000
1,247.1733,14.7606,16.8839,0.0000
2,173.0213,14.7606,16.8839,0.0000
3,173.0213,14.7606,11.8187,0.0000
4,121.1149,14.7606,11.8187,0.0000
5,84.7805,14.7606,11.8187,0.0000
6,59.3463,14.7606,11.8187,0.0000
0,59.3463,14.7606,11.8187,0.0000
1,352.3424,14.7606,11.8187,0.0000
2,246.6397,14.7606,11.8187,0.0000
3,246.6397,14.7606,8.2731,0.0000
4,172.6478,14.7606,8.2731,0.0000
5,120.8535,14.7606,8.2731,0.0000
6,84.5974,14.7606,8.2731,0.0000
0,84.5974,14.7606,8.2731,0.0000
1,418.6182,14.7606,8.2731,0.0000
2,293.0327,14.7606,8.2731,0.0000
3,205.1229,14.7606,8.2731,0.0000
4,143.5860,14.7606,8.2731,0.0000
5,100.5102,14.7606,8.2731,0.0000
6,70.3572,14.7606,8.2731,0.0000
0,70.3572,14.7606,8.2731,0.0000
1,70.3572,266.8324,8.2731,0.0000
2,70.3572,186.7827,8.2731,0.0000
3,70.3572,130.7479,8.2731,0.0000
4,70.3572,91.5235,8.2731,0.0000
5,70.3572,64.0665,8.2731,0.0000
6,303.6500,64.0665,8.2731,0.0000
7,212.5550,64.0665,8.2731,0.0000
8,148.7885,64.0665,8.2731,0.0000
9,104.1520,64.0665,8.2731,0.0000
10,72.9064,64.0665,8.2731,0.0000
0,72.9064,64.0665,8.2731,0.0000
1,68.7345,64.0665,8.2731,0.0000
2,48.1141,64.0665,8.2731,0.0000
3,48.1141,44.8465,8.2731,0.0000
4,48.1141,44.8465,8.2731,0.0000
5,33.6799,44.8465,8.2731,0.0000
6,33.6799,31.3926,8.2731,0.0000
0,33.6799,31.3926,8.2731,0.0000
1,247.9759,31.3926,8.2731,0.0000
2,173.5831,31.3926,8.2731,0.0000
3,173.5831,21.9748,8.2731,0.0000
4,121.5082,21.9748,8.2731,0.0000
5,85.0557,21.9748,8.2731,0.0000
6,59.5390,21.9748,8.2731,0.0000
0,59.5390,21.9748,8.2731,0.0000
1,252.8773,21.9748,8.2731,0.0000
2,177.0141,21.9748,8.2731,0.0000
3,123.9099,21.9748,8.2731,0.0000
4,86.7369,21.9748,8.2731,0.0000
5,60.7158,21.9748,8.2731,0.0000
6,42.5011,21.9748,8.2731,0.0000
0,42.5011,21.9748,8.2731,0.0000
1,660.9508,21.9748,8.2731,0.0000
2,660.9508,21.9748,5.7912,0.0000
3,462.6655,21.9748,5.7912,0.0000
4,462.6655,21.9748,5.7912,0.0000
5,323.8659,21.9748,5.7912,0.0000
6,226.7061,21.9748,5.7912,0.0000
0,226.7061,21.9748,5.7912,0.0000
1,986.0943,21.9748,5.7912,0.0000
2,986.0943,21.9748,4.0538,0.0000
3,690.2660,21.9748,4.0538,0.0000
4,483.1862,21.9748,4.0538,0.0000
5,338.2303,21.9748,4.0538,0.0000
6,236.7612,21.9748,4.0538,0.0000
0,236.7612,21.9748,4.0538,0.0000
1,236.7612,36.3824,4.0538,0.0000
2,237.7329,36.3824,4.0538,0.0000
3,166.4130,36.3824,4.0538,0.0000
4,116.4891,36.3824,4.0538,0.0000
5,81.5424,36.3824,4.0538,0.0000
6,57.0797,36.3824,4.0538,0.0000
7,39.9558,36.3824,4.0538,0.0000
0,39.9558,36.3824,4.0538,0.0000
1,101.1690,36.3824,4.0538,0.0000
2,70.8183,36.3824,4.0538,0.0000
3,49.5728,36.3824,4.0538,0.0000
4,34.7010,36.3824,4.0538,0.0000
5,34.7010,36.3824,4.0538,0.0000
6,34.7010,25.4677,4.0538,0.0000
0,34.7010,25.4677,4.0538,0.0000
1,297.2907,25.4677,4.0538,0.0000
2,208.1035,25.4677,4.0538,0.0000
3,145.6724,25.4677,4.0538,0.0000
4,101.9707,25.4677,4.0538,0.0000
5,101.9707,25.4677,4.0538,0.0000
6,71.3795,25.4677,4.0538,0.0000
0,71.3795,25.4677,4.0538,0.0000
1,298.3656,25.4677,4.0538,0.0000
2,208.8560,25.4677,4.0538,0.0000
3,146.1992,25.4677,4.0538,0.0000
4,146.1992,25.4677,2.8377,0.0000
5,146.1992,25.4677,1.9864,0.0000
6,102.3394,25.4677,1.9864,0.0000
0,102.3394,25.4677,1.9864,0.0000
1,371.9376,25.4677,1.9864,0.0000
2,260.3563,25.4677,1.9864,0.0000
3,260.3563,17.8274,1.9864,0.0000
4,182.2494,17.8274,1.9864,0.0000
5,127.5746,17.8274,1.9864,0.0000
6,89.3022,17.8274,1.9864,0.0000
0,89.3022,17.8274,1.9864,0.0000
1,517.3116,17.8274,1.9864,0.0000
2,362.1181,17.8274,1.9864,0.0000
3,253.4827,17.8274,1.9864,0.0000
4,177.4379,17.8274,1.9864,0.0000
5,177.4379,17.8274,1.9864,0.0000
6,124.2065,17.8274,1.9864,0.0000
0,124.2065,17.8274,1.9864,0.0000
1,597.8446,17.8274,1.9864,0.0000
2,418.4912,17.8274,1.9864,0.0000
3,292.9438,17.8274,1.9864,0.0000
4,205.0607,17.8274,1.9864,0.0000
5,205.0607,12.4791,1.9864,0.0000
6,143.5425,12.4791,1.9864,0.0000
0,143.5425,12.4791,1.9864,0.0000
1,143.5425,12.4791,1.9864,0.0000
2,344.0797,12.4791,1.9864,0.0000
3,240.8558,12.4791,1.9864,0.0000
4,168.5991,12.4791,1.9864,0.0000
5,118.0193,12.4791,1.9864,0.0000
6,82.6135,12.4791,1.9864,0.0000
7,57.8295,12.4791,1.9864,0.0000
0,57.8295,12.4791,1.9864,0.0000
1,57.8295,12.4791,138.1905,0.0000
2,57.8295,12.4791,96.7333,0.0000
3,57.8295,12.4791,67.7133,0.0000
4,57.8295,12.4791,47.3993,0.0000
5,128.9806,12.4791,47.3993,0.0000
6,128.9806,12.4791,47.3993,0.0000
7,90.2864,12.4791,47.3993,0.0000
8,90.2864,12.4791,33.1795,0.0000
9,63.2005,12.4791,33.1795,0.0000
10,44.2404,12.4791,33.1795,0.0000
0,44.2404,12.4791,33.1795,0.0000
1,378.6683,12.4791,33.1795,0.0000
2,265.0678,12.4791,33.1795,0.0000
3,185.5474,12.4791,33.1795,0.0000
4,129.8832,12.4791,33.1795,0.0000
5,90.9182,12.4791,33.1795,0.0000
6,63.6428,12.4791,33.1795,0.0000
0,63.6428,12.4791,33.1795,0.0000
1,541.3499,12.4791,33.1795,0.0000
2,378.9450,12.4791,33.1795,0.0000
3,265.2615,12.4791,33.1795,0.0000
4,185.6830,12.4791,33.1795,0.0000
5,129.9781,12.4791,33.1795,0.0000
6,90.9847,12.4791,33.1795,0.0000
0,90.9847,12.4791,33.1795,0.0000
1,90.9847,397.2354,33.1795,0.0000
2,90.9847,278.0648,33.1795,0.0000
3,90.9847,194.6453,33.1795,0.0000
4,90.9847,136.2517,33.1795,0.0000
5,90.9847,95.3762,33.1795,0.0000
6,90.9847,95.3762,33.1795,0.0000
0,90.9847,95.3762,33.1795,0.0000
1,90.9847,95.3762,23.2257,0.0000
2,90.9847,100.6634,23.2257,0.0000
3,90.9847,70.4643,23.2257,0.0000
4,80.4893,70.4643,23.2257,0.0000
5,56.3425,70.4643,23.2257,0.0000
6,56.3425,53.8250,23.2257,0.0000
7,41.2397,53.8250,23.2257,0.0000
8,41.2397,37.6775,23.2257,0.0000
9,28.8678,37.6775,23.2257,0.0000
10,28.8678,26.3743,23.2257,0.0000
0,28.8678,26.3743,23.2257,0.0000
1,164.2075,26.3743,23.2257,0.0000
2,114.9452,26.3743,23.2257,0.0000
3,114.9452,18.4620,23.2257,0.0000
4,80.4617,18.4620,23.2257,0.0000
5,56.3232,18.4620,23.2257,0.0000
6,56.3232,12.9234,23.2257,0.0000
0,56.3232,12.9234,23.2257,0.0000
1,600.4262,12.9234,23.2257,0.0000
2,420.2984,12.9234,23.2257,0.0000
3,294.2088,12.9234,23.2257,0.0000
4,205.9462,12.9234,23.2257,0.0000
5,144.1623,12.9234,23.2257,0.0000
6,100.9136,12.9234,23.2257,0.0000
0,100.9136,12.9234,23.2257,0.0000
1,515.2395,12.9234,23.2257,0.0000
2,360.6677,12.9234,23.2257,0.0000
3,252.4674,12.9234,23.2257,0.0000
4,176.7272,12.9234,23.2257,0.0000
5,123.7090,12.9234,23.2257,0.0000
6,86.5963,12.9234,23.2257,0.0000
0,86.5963,12.9234,23.2257,0.0000
1,86.5963,68.4464,23.2257,0.0000
2,139.8174,68.4464,23.2257,0.0000
3,97.8722,68.4464,23.2257,0.0000
4,68.5105,68.4464,23.2257,0.0000
5,47.9574,68.4464,23.2257,0.0000
6,47.9574,47.9125,23.2257,0.0000
7,47.9574,47.9125,23.2257,0.0000
0,47.9574,47.9125,23.2257,0.0000
1,119.9702,47.9125,23.2257,0.0000
2,83.9791,47.9125,23.2257,0.0000
3,58.7854,47.9125,23.2257,0.0000
4,41.1498,47.9125,23.2257,0.0000
5,41.1498,47.9125,23.2257,0.0000
6,41.1498,33.5387,23.2257,0.0000
0,41.1498,33.5387,23.2257,0.0000
1,41.1498,33.5387,175.8580,0.0000
2,41.1498,33.5387,123.1006,0.0000
3,41.1498,33.5387,86.1704,0.0000
4,41.1498,33.5387,60.3193,0.0000
5,41.1498,33.5387,42.2235,0.0000
6,41.1498,33.5387,29.5564,0.0000
0,41.1498,33.5387,29.5564,0.0000
1,41.1498,92.4771,29.5564,0.0000
2,41.1498,64.7340,29.5564,0.0000
3,41.1498,45.3138,29.5564,0.0000
4,41.1498,31.7196,29.5564,0.0000
5,186.9048,31.7196,29.5564,0.0000
6,130.8334,31.7196,29.5564,0.0000
7,91.5834,31.7196,29.5564,0.0000
8,64.1084,31.7196,29.5564,0.0000
9,44.8759,31.7196,29.5564,0.0000
10,31.4131,31.7196,29.5564,0.0000
0,31.4131,31.7196,29.5564,0.0000
1,31.4131,31.7196,29.5564,0.0000
2,31.4131,229.8038,29.5564,0.0000
3,31.4131,229.8038,20.6895,0.0000
4,31.4131,160.8626,20.6895,0.0000
5,31.4131,112.6038,20.6895,0.0000
6,31.4131,78.8227,20.6895,0.0000
7,31.4131,78.8227,14.4827,0.0000
0,31.4131,78.8227,14.4827,0.0000
1,31.4131,249.2759,14.4827,0.0000
2,31.4131,174.4931,14.4827,0.0000
3,31.4131,122.1452,14.4827,0.0000
4,31.4131,85.5016,14.4827,0.0000
5,31.4131,85.5016,10.1379,0.0000
6,31.4131,59.8511,10.1379,0.0000
0,31.4131,59.8511,10.1379,0.0000
1,31.4131,59.8511,10.1379,0.0000
2,31.4131,59.8511,52.3965,0.0000
3,31.4131,41.8958,52.3965,0.0000
4,31.4131,41.8958,36.6776,0.0000
5,21.9892,41.8958,36.6776,0.0000
6,21.9892,29.3271,36.6776,0.0000
7,21.9892,29.3271,25.6743,0.0000
0,21.9892,29.3271,25.6743,0.0000
1,21.9892,112.3289,25.6743,0.0000
2,21.9892,78.6303,25.6743,0.0000
3,21.9892,78.6303,17.9720,0.0000
4,21.9892,55.0412,17.9720,0.0000
5,21.9892,38.5288,17.9720,0.0000
6,21.9892,26.9702,17.9720,0.0000
0,21.9892,26.9702,17.9720,0.0000
1,21.9892,170.0791,17.9720,0.0000
2,21.9892,119.0554,17.9720,0.0000
3,21.9892,83.3388,17.9720,0.0000
4,21.9892,58.3371,17.9720,0.0000
5,21.9892,40.8360,17.9720,0.0000
6,21.9892,28.5852,17.9720,0.0000
0,21.9892,28.5852,17.9720,0.0000
1,21.9892,65.3096,17.9720,0.0000
2,21.9892,45.7167,17.9720,0.0000
3,21.9892,32.0017,17.9720,0.0000
4,21.9892,22.4012,17.9720,0.0000
5,21.9892,15.6808,17.9720,0.0000
6,645.9924,15.6808,17.9720,0.0000
7,452.1947,15.6808,17.9720,0.0000
8,316.5363,15.6808,17.9720,0.0000
9,221.5754,15.6808,17.9720,0.0000
10,155.1028,15.6808,17.9720,0.0000
0,155.1028,15.6808,17.9720,0.0000
1,348.8719,15.6808,17.9720,0.0000
2,244.2104,15.6808,17.9720,0.0000
3,170.9473,15.6808,17.9720,0.0000
4,119.6631,15.6808,17.9720,0.0000
5,83.7642,15.6808,17.9720,0.0000
6,58.6349,15.6808,17.9720,0.0000
0,58.6349,15.6808,17.9720,0.0000
1,203.9444,15.6808,17.9720,0.0000
2,142.7611,15.6808,17.9720,0.0000
3,99.9328,15.6808,17.9720,0.0000
4,69.9529,15.6808,17.9720,0.0000
5,48.9671,15.6808,17.9720,0.0000
6,34.2769,15.6808,17.9720,0.0000
0,34.2769,15.6808,17.9720,0.0000
1,740.3939,15.6808,17.9720,0.0000
2,518.2757,15.6808,17.9720,0.0000
3,518.2757,15.6808,12.5804,0.0000
4,362.7930,15.6808,12.5804,0.0000
5,253.9551,15.6808,12.5804,0.0000
6,177.7686,15.6808,12.5804,0.0000
0,177.7686,15.6808,12.5804,0.0000
1,177.7686,15.6808,147.4063,0.0000
2,329.6380,15.6808,147.4063,0.0000
3,329.6380,10.9766,147.4063,0.0000
4,230.7466,10.9766,147.4063,0.0000
5,161.5226,10.9766,147.4063,0.0000
6,161.5226,7.6836,147.4063,0.0000
7,113.0658,7.6836,147.4063,0.0000
0,113.0658,7.6836,147.4063,0.0000
1,113.0658,7.6836,103.1844,0.0000
2,113.0658,5.3785,103.1844,0.0000
3,113.0658,3.7650,103.1844,0.0000
4,115.1461,3.7650,103.1844,0.0000
5,80.6023,3.7650,103.1844,0.0000
6,80.6023,3.7650,72.2291,0.0000
7,56.4216,3.7650,72.2291,0.0000
8,56.4216,3.7650,50.5604,0.0000
9,39.4951,3.7650,50.5604,0.0000
0,39.4951,3.7650,50.5604,0.0000
1,39.4951,3.7650,232.7922,0.0000
2,39.4951,3.7650,162.9546,0.0000
3,39.4951,3.7650,114.0682,0.0000
4,39.4951,2.6355,114.0682,0.0000
5,39.4951,2.6355,79.8477,0.0000
6,39.4951,2.6355,55.8934,0.0000
0,39.4951,2.6355,55.8934,0.0000
1,39.4951,2.6355,303.4254,0.0000
2,39.4951,2.6355,212.3978,0.0000
3,39.4951,2.6355,148.6784,0.0000
4,39.4951,2.6355,148.6784,0.0000
5,39.4951,2.6355,104.0749,0.0000
6,39.4951,2.6355,72.8524,0.0000
0,39.4951,2.6355,72.8524,0.0000
1,39.4951,62.4448,72.8524,0.0000
2,39.4951,62.4448,70.1967,0.0000
3,548.4466,62.4448,70.1967,0.0000
4,548.4466,62.4448,49.1377,0.0000
5,383.9126,62.4448,49.1377,0.0000
6,268.7388,62.4448,49.1377,0.0000
7,188.1172,62.4448,49.1377,0.0000
8,131.6820,62.4448,49.1377,0.0000
0,131.6820,62.4448,49.1377,0.0000
1,339.9774,62.4448,49.1377,0.0000
2,237.9842,62.4448,49.1377,0.0000
3,166.5889,62.4448,49.1377,0.0000
4,116.6123,62.4448,49.1377,0.0000
5,81.6286,62.4448,49.1377,0.0000
6,57.1400,62.4448,49.1377,0.0000
0,57.1400,62.4448,49.1377,0.0000
1,57.1400,401.3114,49.1377,0.0000
2,57.1400,280.9180,49.1377,0.0000
3,57.1400,196.6426,49.1377,0.0000
4,57.1400,137.6498,49.1377,0.0000
5,57.1400,96.3549,49.1377,0.0000
6,57.1400,67.4484,49.1377,0.0000
0,57.1400,67.4484,49.1377,0.0000
1,57.1400,47.2139,49.1377,0.0000
2,296.7980,47.2139,49.1377,0.0000
3,207.7586,47.2139,49.1377,0.0000
4,145.4310,47.2139,49.1377,0.0000
5,101.8017,47.2139,49.1377,0.0000
6,71.2612,47.2139,49.1377,0.0000
7,49.8828,47.2139,49.1377,0.0000
0,49.8828,47.2139,49.1377,0.0000
1,129.4180,47.2139,49.1377,0.0000
2,90.5926,47.2139,49.1377,0.0000
3,63.4148,47.2139,49.1377,0.0000
4,44.3904,47.2139,49.1377,0.0000
5,44.3904,47.2139,49.1377,0.0000
6,44.3904,47.2139,855.4964,0.0000
7,44.3904,47.2139,598.8475,0.0000
8,44.3904,47.2139,419.1932,0.0000
9,249.7733,47.2139,419.1932,0.0000
10,249.7733,47.2139,383.1353,0.0000
0,249.7733,47.2139,383.1353,0.0000
1,249.7733,47.2139,383.1353,0.0000
2,249.7733,47.2139,632.0947,0.0000
3,249.7733,110.7497,632.0947,0.0000
4,249.7733,110.7497,442.4663,0.0000
5,249.7733,110.7497,442.4663,0.0000
6,249.7733,110.7497,309.7264,0.0000
7,249.7733,110.7497,216.8085,0.0000
8,203.3413,110.7497,216.8085,0.0000
9,203.3413,110.7497,151.7659,0.0000
10,142.3389,110.7497,151.7659,0.0000
0,142.3389,110.7497,151.7659,0.0000
1,142.3389,110.7497,106.2362,0.0000
2,141.6372,110.7497,106.2362,0.0000
3,99.1461,110.7497,106.2362,0.0000
4,99.1461,77.5248,106.2362,0.0000
5,99.1461,77.5248,74.3653,0.0000
6,99.1461,54.2674,74.3653,0.0000
7,69.4022,54.2674,74.3653,0.0000
0,69.4022,54.2674,74.3653,0.0000
1,69.4022,54.2674,178.9557,0.0000
2,69.4022,54.2674,178.9557,0.0000
3,69.4022,54.2674,125.2690,0.0000
4,69.4022,54.2674,87.6883,0.0000
5,69.4022,54.2674,61.3818,0.0000
6,63.5816,54.2674,61.3818,0.0000
7,44.5071,54.2674,61.3818,0.0000
8,44.5071,54.2674,61.3818,0.0000
9,44.5071,54.2674,42.9673,0.0000
10,44.5071,37.9872,42.9673,0.0000
0,44.5071,37.9872,42.9673,0.0000
1,116.6550,37.9872,42.9673,0.0000
2,116.6550,37.9872,42.9673,0.0000
3,81.6585,37.9872,42.9673,0.0000
4,57.1609,37.9872,42.9673,0.0000
5,40.0127,37.9872,42.9673,0.0000
6,40.0127,37.9872,30.0771,0.0000
0,40.0127,37.9872,30.0771,0.0000
1,249.4089,37.9872,30.0771,0.0000
2,174.5862,37.9872,30.0771,0.0000
3,122.2103,37.9872,30.0771,0.0000
4,85.5472,37.9872,30.0771,0.0000
5,85.5472,37.9872,21.0540,0.0000
6,59.8831,37.9872,21.0540,0.0000
0,59.8831,37.9872,21.0540,0.0000
1,297.5181,37.9872,21.0540,0.0000
2,208.2627,37.9872,21.0540,0.0000
3,145.7839,37.9872,21.0540,0.0000
4,102.0487,37.9872,21.0540,0.0000
5,71.4341,37.9872,21.0540,0.0000
6,50.0039,37.9872,21.0540,0.0000
0,50.0039,37.9872,21.0540,0.0000
1,365.0027,37.9872,21.0540,0.0000
2,255.5019,37.9872,21.0540,0.0000
3,178.8513,37.9872,21.0540,0.0000
4,125.1959,37.9872,21.0540,0.0000
5,87.6372,37.9872,21.0540,0.0000
6,61.3460,37.9872,21.0540,0.0000
0,61.3460,37.9872,21.0540,0.0000
1,472.8422,37.9872,21.0540,0.0000
2,330.9895,37.9872,21.0540,0.0000
3,231.6927,37.9872,21.0540,0.0000
4,162.1849,37.9872,21.0540,0.0000
5,113.5294,37.9872,21.0540,0.0000
6,79.4706,37.9872,21.0540,0.0000
0,79.4706,37.9872,21.0540,0.0000
1,319.6294,37.9872,21.0540,0.0000
2,223.7406,37.9872,21.0540,0.0000
3,156.6184,37.9872,21.0540,0.0000
4,156.6184,26.5910,21.0540,0.0000
5,156.6184,26.5910,14.7378,0.0000
6,156.6184,18.6137,14.7378,0.0000
0,156.6184,18.6137,14.7378,0.0000
1,337.9329,18.6137,14.7378,0.0000
2,236.5530,18.6137,14.7378,0.0000
3,165.5871,18.6137,14.7378,0.0000
4,115.9110,18.6137,14.7378,0.0000
5,81.1377,18.6137,14.7378,0.0000
6,56.7964,18.6137,14.7378,0.0000
0,56.7964,18.6137,14.7378,0.0000
1,163.3575,18.6137,14.7378,0.0000
2,114.3502,18.6137,14.7378,0.0000
3,80.0452,18.6137,14.7378,0.0000
4,56.0316,18.6137,14.7378,0.0000
5,39.2221,18.6137,14.7378,0.0000
6,27.4555,18.6137,14.7378,0.0000
0,27.4555,18.6137,14.7378,0.0000
1,625.2188,18.6137,14.7378,0.0000
2,437.6532,18.6137,14.7378,0.0000
3,306.3572,18.6137,14.7378,0.0000
4,214.4501,18.6137,14.7378,0.0000
5,150.1150,18.6137,14.7378,0.0000
6,105.0805,18.6137,14.7378,0.0000
0,105.0805,18.6137,14.7378,0.0000
1,450.0564,18.6137,14.7378,0.0000
2,315.0395,18.6137,14.7378,0.0000
3,220.5276,18.6137,14.7378,0.0000
4,220.5276,18.6137,14.7378,0.0000
5,154.3693,18.6137,14.7378,0.0000
6,108.0585,18.6137,14.7378,0.0000
0,108.0585,18.6137,14.7378,0.0000
1,199.8410,18.6137,14.7378,0.0000
2,139.8887,18.6137,14.7378,0.0000
3,139.8887,13.0296,14.7378,0.0000
4,97.9221,13.0296,14.7378,0.0000
5,97.9221,13.0296,10.3164,0.0000
6,68.5455,13.0296,10.3164,0.0000
0,68.5455,13.0296,10.3164,0.0000
1,204.8818,13.0296,10.3164,0.0000
2,143.4173,13.0296,10.3164,0.0000
3,100.3921,13.0296,10.3164,0.0000
4,70.2745,13.0296,10.3164,0.0000
5,49.1921,13.0296,10.3164,0.0000
6,34.4345,13.0296,10.3164,0.0000
0,34.4345,13.0296,10.3164,0.0000
1,134.8041,13.0296,10.3164,0.0000
2,94.3629,13.0296,10.3164,0.0000
3,66.0540,13.0296,10.3164,0.0000
4,46.2378,13.0296,10.3164,0.0000
5,32.3665,13.0296,10.3164,0.0000
6,22.6565,13.0296,10.3164,0.0000
0,22.6565,13.0296,10.3164,0.0000
1,215.6596,13.0296,10.3164,0.0000
2,150.9617,13.0296,10.3164,0.0000
3,105.6732,13.0296,10.3164,0.0000
4,73.9712,13.0296,10.3164,0.0000
5,51.7799,13.0296,10.3164,0.0000
6,51.7799,9.1207,10.3164,0.0000
0,51.7799,9.1207,10.3164,0.0000
1,150.8459,9.1207,10.3164,0.0000
2,105.5921,9.1207,10.3164,0.0000
3,73.9145,9.1207,10.3164,0.0000
4,73.9145,9.1207,7.2215,0.0000
5,51.7401,9.1207,7.2215,0.0000
6,36.2181,9.1207,7.2215,0.0000
0,36.2181,9.1207,7.2215,0.0000
1,213.4527,9.1207,7.2215,0.0000
2,149.4169,9.1207,7.2215,0.0000
3,104.5918,9.1207,7.2215,0.0000
4,73.2143,9.1207,7.2215,0.0000
5,73.2143,6.3845,7.2215,0.0000
6,51.2500,6.3845,7.2215,0.0000
0,51.2500,6.3845,7.2215,0.0000
1,741.1750,6.3845,7.2215,0.0000
2,518.8225,6.3845,7.2215,0.0000
3,363.1757,6.3845,7.2215,0.0000
4,363.1757,6.3845,7.2215,0.0000
5,254.2230,6.3845,7.2215,0.0000
6,177.9561,6.3845,7.2215,0.0000
0,177.9561,6.3845,7.2215,0.0000
1,729.9693,6.3845,7.2215,0.0000
2,510.9785,6.3845,7.2215,0.0000
3,357.6849,6.3845,7.2215,0.0000
4,250.3795,6.3845,7.2215,0.0000
5,175.2656,6.3845,7.2215,0.0000
6,122.6859,6.3845,7.2215,0.0000
0,122.6859,6.3845,7.2215,0.0000
1,113.4802,6.3845,7.2215,0.0000
2,113.4802,6.3845,5.0551,0.0000
3,79.4361,6.3845,5.0551,0.0000
4,55.6053,6.3845,5.0551,0.0000
5,38.9237,6.3845,5.0551,0.0000
6,27.2466,6.3845,5.0551,0.0000
0,27.2466,6.3845,5.0551,0.0000
1,223.6726,6.3845,5.0551,0.0000
2,156.5708,6.3845,5.0551,0.0000
3,109.5996,6.3845,5.0551,0.0000
4,76.7197,6.3845,5.0551,0.0000
5,53.7038,6.3845,5.0551,0.0000
6,37.5927,6.3845,5.0551,0.0000
0,37.5927,6.3845,5.0551,0.0000
1,399.8149,6.3845,5.0551,0.0000
2,279.8704,6.3845,5.0551,0.0000
3,195.9093,6.3845,5.0551,0.0000
4,137.1365,6.3845,5.0551,0.0000
5,95.9955,6.3845,5.0551,0.0000
6,67.1969,6.3845,5.0551,0.0000
0,67.1969,6.3845,5.0551,0.0000
1,855.2378,6.3845,5.0551,0.0000
2,598.6665,6.3845,5.0551,0.0000
3,419.0665,6.3845,5.0551,0.0000
4,293.3466,6.3845,5.0551,0.0000
5,205.3426,6.3845,5.0551,0.0000
6,143.7398,6.3845,5.0551,0.0000
0,143.7398,6.3845,5.0551,0.0000
1,143.7398,136.1692,5.0551,0.0000
2,491.2179,136.1692,5.0551,0.0000
3,343.8525,136.1692,5.0551,0.0000
4,343.8525,136.1692,5.0551,0.0000
5,240.6968,136.1692,5.0551,0.0000
6,168.4877,136.1692,5.0551,0.0000
7,117.9414,136.1692,5.0551,0.0000
0,117.9414,136.1692,5.0551,0.0000
1,117.9414,95.3184,5.0551,0.0000
2,117.9414,66.7229,5.0551,0.0000
3,283.5590,66.7229,5.0551,0.0000
4,198.4913,66.7229,5.0551,0.0000
5,138.9439,66.7229,5.0551,0.0000
6,97.2607,66.7229,5.0551,0.0000
7,68.0825,66.7229,5.0551,0.0000
8,47.6578,66.7229,5.0551,0.0000
0,47.6578,66.7229,5.0551,0.0000
1,47.6578,192.8060,5.0551,0.0000
2,47.6578,134.9642,5.0551,0.0000
3,47.6578,94.4749,5.0551,0.0000
4,47.6578,66.1325,5.0551,0.0000
5,47.6578,46.2927,5.0551,0.0000
6,216.9604,46.2927,5.0551,0.0000
7,151.8723,46.2927,5.0551,0.0000
8,106.3106,46.2927,5.0551,0.0000
9,74.4174,46.2927,5.0551,0.0000
10,52.0922,46.2927,5.0551,0.0000
0,52.0922,46.2927,5.0551,0.0000
1,55.9645,46.2927,5.0551,0.0000
2,55.9645,32.4049,5.0551,0.0000
3,55.9645,32.4049,5.0551,0.0000
4,39.1752,32.4049,5.0551,0.0000
5,27.4226,32.4049,5.0551,0.0000
6,27.4226,22.6834,5.0551,0.0000
0,27.4226,22.6834,5.0551,0.0000
1,101.0958,22.6834,5.0551,0.0000
2,70.7671,22.6834,5.0551,0.0000
3,49.5370,22.6834,5.0551,0.0000
4,34.6759,22.6834,5.0551,0.0000
5,24.2731,22.6834,5.0551,0.0000
6,16.9912,22.6834,5.0551,0.0000
0,16.9912,22.6834,5.0551,0.0000
1,16.9912,536.0784,5.0551,0.0000
2,16.9912,375.2549,5.0551,0.0000
3,16.9912,262.6784,5.0551,0.0000
4,16.9912,183.8749,5.0551,0.0000
5,158.5938,183.8749,5.0551,0.0000
6,111.0157,183.8749,5.0551,0.0000
7,111.0157,128.7124,5.0551,0.0000
8,111.0157,90.0987,5.0551,0.0000
9,77.7110,90.0987,5.0551,0.0000
10,77.7110,63.0691,5.0551,0.0000
0,77.7110,63.0691,5.0551,0.0000
1,157.2977,63.0691,5.0551,0.0000
2,110.1084,63.0691,5.0551,0.0000
3,77.0759,63.0691,5.0551,0.0000
4,77.0759,63.0691,3.5385,0.0000
5,53.9531,63.0691,3.5385,0.0000
6,53.9531,44.1484,3.5385,0.0000
0,53.9531,44.1484,3.5385,0.0000
1,182.0672,44.1484,3.5385,0.0000
2,127.4470,44.1484,3.5385,0.0000
3,89.2129,44.1484,3.5385,0.0000
4,62.4490,44.1484,3.5385,0.0000
5,43.7143,44.1484,3.5385,0.0000
6,43.7143,30.9039,3.5385,0.0000
0,43.7143,30.9039,3.5385,0.0000
1,287.1000,30.9039,3.5385,0.0000
2,200.9700,30.9039,3.5385,0.0000
3,200.9700,30.9039,3.5385,0.0000
4,140.6790,30.9039,3.5385,0.0000
5,98.4753,30.9039,3.5385,0.0000
6,68.9327,30.9039,3.5385,0.0000
0,68.9327,30.9039,3.5385,0.0000
1,49.4529,30.9039,3.5385,0.0000
2,34.6170,30.9039,3.5385,0.0000
3,24.2319,30.9039,3.5385,0.0000
4,24.2319,31.2327,3.5385,0.0000
5,24.2319,21.8629,3.5385,0.0000
6,16.9623,21.8629,3.5385,0.0000
7,16.9623,15.3040,3.5385,0.0000
8,11.8736,15.3040,3.5385,0.0000
9,11.8736,10.7128,3.5385,0.0000
0,11.8736,10.7128,3.5385,0.0000
1,224.3115,10.7128,3.5385,0.0000
2,224.3115,10.7128,34.5770,0.0000
3,157.0181,10.7128,34.5770,0.0000
4,109.9127,10.7128,34.5770,0.0000
5,76.9389,10.7128,34.5770,0.0000
6,53.8572,10.7128,34.5770,0.0000
7,37.7000,10.7128,34.5770,0.0000
0,37.7000,10.7128,34.5770,0.0000
1,127.1900,10.7128,34.5770,0.0000
2,89.0330,10.7128,34.5770,0.0000
3,62.3231,10.7128,34.5770,0.0000
4,43.6262,10.7128,34.5770,0.0000
5,30.5383,10.7128,34.5770,0.0000
6,30.5383,10.7128,24.2039,0.0000
0,30.5383,10.7128,24.2039,0.0000
1,387.6768,10.7128,24.2039,0.0000
2,387.6768,10.7128,16.9427,0.0000
3,271.3738,10.7128,16.9427,0.0000
4,189.9616,10.7128,16.9427,0.0000
5,132.9732,10.7128,16.9427,0.0000
6,93.0812,10.7128,16.9427,0.0000
0,93.0812,10.7128,16.9427,0.0000
1,350.7568,10.7128,16.9427,0.0000
2,245.5298,10.7128,16.9427,0.0000
3,171.8709,10.7128,16.9427,0.0000
4,120.3096,10.7128,16.9427,0.0000
5,120.3096,10.7128,11.8599,0.0000
6,84.2167,10.7128,11.8599,0.0000
0,84.2167,10.7128,11.8599,0.0000
1,327.7517,10.7128,11.8599,0.0000
2,327.7517,17.9990,11.8599,0.0000
3,230.9262,17.9990,11.8599,0.0000
4,161.6483,17.9990,11.8599,0.0000
5,113.1538,17.9990,11.8599,0.0000
6,79.2077,17.9990,11.8599,0.0000
7,55.4454,17.9990,11.8599,0.0000
8,55.4454,12.5993,11.8599,0.0000
0,55.4454,12.5993,11.8599,0.0000
1,96.4118,12.5993,11.8599,0.0000
2,67.4882,12.5993,11.8599,0.0000
3,67.4882,12.5993,8.3019,0.0000
4,47.2418,12.5993,8.3019,0.0000
5,33.0692,12.5993,8.3019,0.0000
6,23.1485,12.5993,8.3019,0.0000
0,23.1485,12.5993,8.3019,0.0000
1,298.2039,12.5993,8.3019,0.0000
2,208.7427,12.5993,8.3019,0.0000
3,146.1199,12.5993,8.3019,0.0000
4,102.2839,12.5993,8.3019,0.0000
5,71.5988,12.5993,8.3019,0.0000
6,50.1191,12.5993,8.3019,0.0000
0,50.1191,12.5993,8.3019,0.0000
1,464.9834,12.5993,8.3019,0.0000
2,325.4884,12.5993,8.3019,0.0000
3,325.4884,12.5993,5.8114,0.0000
4,227.8419,12.5993,5.8114,0.0000
5,227.8419,12.5993,5.8114,0.0000
6,159.4893,12.5993,5.8114,0.0000
0,159.4893,12.5993,5.8114,0.0000
1,461.4425,12.5993,5.8114,0.0000
2,323.0098,12.5993,5.8114,0.0000
3,226.1068,12.5993,5.8114,0.0000
4,158.2748,12.5993,5.8114,0.0000
5,158.2748,12.5993,4.0679,0.0000
6,110.7923,12.5993,4.0679,0.0000
0,110.7923,12.5993,4.0679,0.0000
1,376.6546,12.5993,4.0679,0.0000
2,263.6583,12.5993,4.0679,0.0000
3,184.5608,12.5993,4.0679,0.0000
4,129.1925,12.5993,4.0679,0.0000
5,129.1925,12.5993,4.0679,0.0000
6,90.4348,12.5993,4.0679,0.0000
0,90.4348,12.5993,4.0679,0.0000
1,103.8043,12.5993,4.0679,0.0000
2,72.6630,12.5993,4.0679,0.0000
3,50.8641,12.5993,4.0679,0.0000
4,50.8641,12.5993,2.8476,0.0000
5,35.6049,12.5993,2.8476,0.0000
6,24.9234,12.5993,2.8476,0.0000
0,24.9234,12.5993,2.8476,0.0000
1,188.4464,12.5993,2.8476,0.0000
2,131.9125,12.5993,2.8476,0.0000
3,92.3387,12.5993,2.8476,0.0000
4,64.6371,12.5993,2.8476,0.0000
5,45.2460,12.5993,2.8476,0.0000
6,31.6722,12.5993,2.8476,0.0000
0,31.6722,12.5993,2.8476,0.0000
1,326.9705,12.5993,2.8476,0.0000
2,228.8794,12.5993,2.8476,0.0000
3,160.2156,12.5993,2.8476,0.0000
4,160.2156,12.5993,2.8476,0.0000
5,112.1509,12.5993,2.8476,0.0000
6,78.5056,12.5993,2.8476,0.0000
0,78.5056,12.5993,2.8476,0.0000
1,72.3539,12.5993,2.8476,0.0000
2,50.6478,12.5993,2.8476,0.0000
3,35.4534,12.5993,2.8476,0.0000
4,24.8174,12.5993,2.8476,0.0000
5,17.3722,12.5993,2.8476,0.0000
6,12.1605,12.5993,2.8476,0.0000
0,12.1605,12.5993,2.8476,0.0000
1,12.1605,16.6195,2.8476,0.0000
2,12.1605,11.6336,2.8476,0.0000
3,12.1605,11.6336,1.9933,0.0000
4,43.0124,11.6336,1.9933,0.0000
5,30.1087,11.6336,1.9933,0.0000
6,21.0761,11.6336,1.9933,0.0000
7,21.0761,8.1436,1.9933,0.0000
8,14.7532,8.1436,1.9933,0.0000
9,14.7532,8.1436,1.9933,0.0000
0,14.7532,8.1436,1.9933,0.0000
1,151.9273,8.1436,1.9933,0.0000
2,106.3491,8.1436,1.9933,0.0000
3,106.3491,8.1436,1.3953,0.0000
4,74.4444,8.1436,1.3953,0.0000
5,52.1111,8.1436,1.3953,0.0000
6,36.4777,8.1436,1.3953,0.0000
0,36.4777,8.1436,1.3953,0.0000
1,149.7344,8.1436,1.3953,0.0000
2,104.8141,8.1436,1.3953,0.0000
3,73.3699,8.1436,1.3953,0.0000
4,73.3699,5.7005,1.3953,0.0000
5,73.3699,5.7005,1.3953,0.0000
6,51.3589,5.7005,1.3953,0.0000
0,51.3589,5.7005,1.3953,0.0000
1,292.4512,5.7005,1.3953,0.0000
2,204.7159,5.7005,1.3953,0.0000
3,143.3011,5.7005,1.3953,0.0000
4,100.3108,5.7005,1.3953,0.0000
5,70.2175,5.7005,1.3953,0.0000
6,70.2175,3.9903,1.3953,0.0000
0,70.2175,3.9903,1.3953,0.0000
1,541.1523,3.9903,1.3953,0.0000
2,378.8066,3.9903,1.3953,0.0000
3,265.1646,3.9903,1.3953,0.0000
4,265.1646,3.9903,1.3953,0.0000
5,185.6152,3.9903,1.3953,0.0000
6,129.9307,3.9903,1.3953,0.0000
0,129.9307,3.9903,1.3953,0.0000
1,793.8515,3.9903,1.3953,0.0000
2,793.8515,2.7932,1.3953,0.0000
3,555.6960,2.7932,1.3953,0.0000
4,388.9872,2.7932,1.3953,0.0000
5,272.2911,2.7932,1.3953,0.0000
6,272.2911,2.7932,0.9767,0.0000
0,272.2911,2.7932,0.9767,0.0000
1,235.6037,2.7932,0.9767,0.0000
2,164.9226,2.7932,0.9767,0.0000
3,115.4458,2.7932,0.9767,0.0000
4,115.4458,1.9553,0.9767,0.0000
5,80.8121,1.9553,0.9767,0.0000
6,56.5685,1.9553,0.9767,0.0000
0,56.5685,1.9553,0.9767,0.0000
1,259.1979,1.9553,0.9767,0.0000
2,181.4385,1.9553,0.9767,0.0000
3,181.4385,1.3687,0.9767,0.0000
4,127.0070,1.3687,0.9767,0.0000
5,88.9049,1.3687,0.9767,0.0000
6,62.2334,1.3687,0.9767,0.0000
0,62.2334,1.3687,0.9767,0.0000
1,444.0634,1.3687,0.9767,0.0000
2,310.8444,1.3687,0.9767,0.0000
3,217.5911,1.3687,0.9767,0.0000
4,152.3137,1.3687,0.9767,0.0000
5,106.6196,1.3687,0.9767,0.0000
6,74.6337,1.3687,0.9767,0.0000
0,74.6337,1.3687,0.9767,0.0000
1,504.0436,1.3687,0.9767,0.0000
2,504.0436,1.3687,0.6837,0.0000
3,352.8305,1.3687,0.6837,0.0000
4,246.9814,1.3687,0.6837,0.0000
5,172.8870,1.3687,0.6837,0.0000
6,121.0209,1.3687,0.6837,0.0000
0,121.0209,1.3687,0.6837,0.0000
1,507.7146,1.3687,0.6837,0.0000
2,355.4002,1.3687,0.6837,0.0000
3,248.7802,1.3687,0.6837,0.0000
4,174.1461,1.3687,0.6837,0.0000
5,121.9023,1.3687,0.6837,0.0000
6,85.3316,1.3687,0.6837,0.0000
0,85.3316,1.3687,0.6837,0.0000
1,80.7321,1.3687,0.6837,0.0000
2,56.5125,1.3687,0.6837,0.0000
3,39.5587,1.3687,0.6837,0.0000
4,27.6911,1.3687,0.6837,0.0000
5,19.3838,1.3687,0.6837,0.0000
6,19.3838,1.3687,0.4786,0.0000
0,19.3838,1.3687,0.4786,0.0000
1,579.3686,1.3687,0.4786,0.0000
2,405.5581,1.3687,0.4786,0.0000
3,283.8906,1.3687,0.4786,0.0000
4,198.7234,1.3687,0.4786,0.0000
5,139.1064,1.3687,0.4786,0.0000
6,97.3745,1.3687,0.4786,0.0000
0,97.3745,1.3687,0.4786,0.0000
1,97.3745,228.0581,0.4786,0.0000
2,97.3745,159.6407,0.4786,0.0000
3,423.0621,159.6407,0.4786,0.0000
4,296.1435,159.6407,0.4786,0.0000
5,207.3004,159.6407,0.4786,0.0000
6,145.1103,159.6407,0.4786,0.0000
7,145.1103,111.7485,0.4786,0.0000
8,101.5772,111.7485,0.4786,0.0000
0,101.5772,111.7485,0.4786,0.0000
1,101.5772,88.7239,0.4786,0.0000
2,160.2041,88.7239,0.4786,0.0000
3,112.1428,88.7239,0.4786,0.0000
4,78.5000,88.7239,0.4786,0.0000
5,78.5000,62.1067,0.4786,0.0000
6,54.9500,62.1067,0.4786,0.0000
7,54.9500,43.4747,0.4786,0.0000
0,54.9500,43.4747,0.4786,0.0000
1,108.0650,43.4747,0.4786,0.0000
2,75.6455,43.4747,0.4786,0.0000
3,52.9518,43.4747,0.4786,0.0000
4,37.0663,43.4747,0.4786,0.0000
5,37.0663,30.4323,0.4786,0.0000
6,25.9464,30.4323,0.4786,0.0000
0,25.9464,30.4323,0.4786,0.0000
1,25.9464,102.6026,0.4786,0.0000
2,25.9464,71.8218,0.4786,0.0000
3,25.9464,50.2753,0.4786,0.0000
4,25.9464,35.1927,0.4786,0.0000
5,25.9464,24.6349,0.4786,0.0000
6,165.1625,24.6349,0.4786,0.0000
7,115.6137,24.6349,0.4786,0.0000
8,80.9296,24.6349,0.4786,0.0000
9,56.6507,24.6349,0.4786,0.0000
10,56.6507,17.8444,0.4786,0.0000
0,56.6507,17.8444,0.4786,0.0000
1,106.2555,17.8444,0.4786,0.0000
2,74.3789,17.8444,0.4786,0.0000
3,52.0652,17.8444,0.4786,0.0000
4,36.4456,17.8444,0.4786,0.0000
5,25.5119,17.8444,0.4786,0.0000
6,17.8584,17.8444,0.4786,0.0000
0,17.8584,17.8444,0.4786,0.0000
1,38.3009,17.8444,0.4786,0.0000
2,38.3009,12.4911,0.4786,0.0000
3,26.8106,12.4911,0.4786,0.0000
4,18.7674,12.4911,0.4786,0.0000
5,13.1372,12.4911,0.4786,0.0000
6,9.1960,12.4911,0.4786,0.0000
0,9.1960,12.4911,0.4786,0.0000
1,9.1960,12.4911,0.4786,0.0000
2,9.1960,86.1438,0.4786,0.0000
3,9.1960,60.3006,0.4786,0.0000
4,9.1960,42.2104,0.4786,0.0000
5,9.1960,29.5473,0.4786,0.0000
6,9.1960,20.6831,0.4786,0.0000
7,9.1960,14.4782,0.4786,0.0000
0,9.1960,14.4782,0.4786,0.0000
1,9.1960,108.2347,0.4786,0.0000
2,9.1960,75.7643,0.4786,0.0000
3,9.1960,75.7643,0.4786,0.0000
4,9.1960,53.0350,0.4786,0.0000
5,9.1960,37.1245,0.4786,0.0000
6,9.1960,25.9872,0.4786,0.0000
0,9.1960,25.9872,0.4786,0.0000
1,9.1960,204.1910,0.4786,0.0000
2,9.1960,142.9337,0.4786,0.0000
3,9.1960,100.0536,0.4786,0.0000
4,9.1960,70.0375,0.4786,0.0000
5,218.2372,70.0375,0.4786,0.0000
6,152.7661,70.0375,0.4786,0.0000
7,106.9362,70.0375,0.4786,0.0000
8,74.8554,70.0375,0.4786,0.0000
9,52.3988,70.0375,0.4786,0.0000
10,52.3988,49.0263,0.4786,0.0000
0,52.3988,49.0263,0.4786,0.0000
1,58.2791,49.0263,0.4786,0.0000
2,40.7954,49.0263,0.4786,0.0000
3,40.7954,49.0263,0.4786,0.0000
4,40.7954,34.3184,0.4786,0.0000
5,28.5568,34.3184,0.4786,0.0000
6,28.5568,24.0229,0.4786,0.0000
0,28.5568,24.0229,0.4786,0.0000
1,282.1897,24.0229,0.4786,0.0000
2,197.5328,24.0229,0.4786,0.0000
3,138.2730,24.0229,0.4786,0.0000
4,138.2730,24.0229,44.7350,0.0000
5,188.8911,24.0229,44.7350,0.0000
6,132.2238,24.0229,44.7350,0.0000
7,92.5566,24.0229,44.7350,0.0000
8,64.7896,24.0229,44.7350,0.0000
9,45.3527,24.0229,44.7350,0.0000
10,31.7469,24.0229,44.7350,0.0000
0,31.7469,24.0229,44.7350,0.0000
1,31.7469,24.0229,266.5145,0.0000
2,31.7469,24.0229,186.5602,0.0000
3,31.7469,24.0229,130.5921,0.0000
4,31.7469,24.0229,91.4145,0.0000
5,31.7469,24.0229,63.9901,0.0000
6,31.7469,24.0229,44.7931,0.0000
0,31.7469,24.0229,44.7931,0.0000
1,31.7469,24.0229,102.1552,0.0000
2,31.7469,24.0229,102.1552,0.0000
3,31.7469,24.0229,71.5086,0.0000
4,31.7469,24.0229,50.0560,0.0000
5,31.7469,24.0229,35.0392,0.0000
6,31.7469,24.0229,24.5275,0.0000
0,31.7469,24.0229,24.5275,0.0000
1,289.8228,24.0229,24.5275,0.0000
2,202.8760,24.0229,24.5275,0.0000
3,142.0132,24.0229,24.5275,0.0000
4,99.4092,24.0229,24.5275,0.0000
5,69.5865,24.0229,24.5275,0.0000
6,48.7105,24.0229,24.5275,0.0000
0,48.7105,24.0229,24.5275,0.0000
1,349.0974,24.0229,24.5275,0.0000
2,244.3682,24.0229,24.5275,0.0000
3,171.0577,24.0229,24.5275,0.0000
4,119.7404,24.0229,24.5275,0.0000
5,83.8183,24.0229,24.5275,0.0000
6,83.8183,24.0229,17.1692,0.0000
0,83.8183,24.0229,17.1692,0.0000
1,723.4728,24.0229,17.1692,0.0000
2,506.4310,24.0229,17.1692,0.0000
3,354.5017,24.0229,17.1692,0.0000
4,248.1512,24.0229,17.1692,0.0000
5,173.7058,24.0229,17.1692,0.0000
6,121.5941,24.0229,17.1692,0.0000
0,121.5941,24.0229,17.1692,0.0000
1,185.9159,24.0229,17.1692,0.0000
2,130.1411,24.0229,17.1692,0.0000
3,91.0988,24.0229,17.1692,0.0000
4,63.7691,24.0229,17.1692,0.0000
5,44.6384,24.0229,17.1692,0.0000
6,31.2469,24.0229,17.1692,0.0000
0,31.2469,24.0229,17.1692,0.0000
1,396.2728,24.0229,17.1692,0.0000
2,277.3910,24.0229,17.1692,0.0000
3,194.1737,24.0229,17.1692,0.0000
4,135.9216,24.0229,17.1692,0.0000
5,95.1451,24.0229,17.1692,0.0000
6,95.1451,24.0229,17.1692,0.0000
0,95.1451,24.0229,17.1692,0.0000
1,272.4016,24.0229,17.1692,0.0000
2,190.6811,24.0229,17.1692,0.0000
3,133.4768,24.0229,17.1692,0.0000
4,93.4337,24.0229,17.1692,0.0000
5,65.4036,24.0229,17.1692,0.0000
6,45.7825,24.0229,17.1692,0.0000
0,45.7825,24.0229,17.1692,0.0000
1,45.7825,24.0229,12.0185,0.0000
2,297.2478,24.0229,12.0185,0.0000
3,208.0734,24.0229,12.0185,0.0000
4,145.6514,24.0229,12.0185,0.0000
5,101.9560,24.0229,12.0185,0.0000
6,71.3692,24.0229,12.0185,0.0000
7,49.9584,24.0229,12.0185,0.0000
0,49.9584,24.0229,12.0185,0.0000
1,626.2709,24.0229,12.0185,0.0000
2,438.3896,24.0229,12.0185,0.0000
3,306.8727,24.0229,12.0185,0.0000
4,214.8109,24.0229,12.0185,0.0000
5,150.3676,24.0229,12.0185,0.0000
6,105.2574,24.0229,12.0185,0.0000
0,105.2574,24.0229,12.0185,0.0000
1,151.3801,24.0229,12.0185,0.0000
2,105.9661,24.0229,12.0185,0.0000
3,74.1763,24.0229,12.0185,0.0000
4,51.9234,24.0229,12.0185,0.0000
5,36.3464,24.0229,12.0185,0.0000
6,25.4425,24.0229,12.0185,0.0000
0,25.4425,24.0229,12.0185,0.0000
1,271.6097,24.0229,12.0185,0.0000
2,271.6097,24.0229,8.4129,0.0000
3,190.1268,24.0229,8.4129,0.0000
4,190.1268,25.2160,8.4129,0.0000
5,133.0888,25.2160,8.4129,0.0000
6,93.1621,25.2160,8.4129,0.0000
7,65.2135,25.2160,8.4129,0.0000
8,45.6494,25.2160,8.4129,0.0000
9,31.9546,25.2160,8.4129,0.0000
0,31.9546,25.2160,8.4129,0.0000
1,92.8682,25.2160,8.4129,0.0000
2,65.0078,25.2160,8.4129,0.0000
3,45.5054,25.2160,8.4129,0.0000
4,31.8538,25.2160,8.4129,0.0000
5,22.2977,25.2160,8.4129,0.0000
6,15.6084,25.2160,8.4129,0.0000
0,15.6084,25.2160,8.4129,0.0000
1,15.6084,17.6512,8.4129,0.0000
2,15.6084,12.3558,8.4129,0.0000
3,44.8259,12.3558,8.4129,0.0000
4,31.3781,12.3558,8.4129,0.0000
5,21.9647,12.3558,8.4129,0.0000
6,15.3753,12.3558,8.4129,0.0000
7,10.7627,12.3558,8.4129,0.0000
8,10.7627,8.6491,8.4129,0.0000
0,10.7627,8.6491,8.4129,0.0000
1,140.1339,8.6491,8.4129,0.0000
2,98.0937,8.6491,8.4129,0.0000
3,68.6656,8.6491,8.4129,0.0000
4,48.0659,8.6491,8.4129,0.0000
5,33.6461,8.6491,8.4129,0.0000
6,23.5523,8.6491,8.4129,0.0000
0,23.5523,8.6491,8.4129,0.0000
1,340.4866,8.6491,8.4129,0.0000
2,238.3406,8.6491,8.4129,0.0000
3,166.8384,8.6491,8.4129,0.0000
4,116.7869,8.6491,8.4129,0.0000
5,116.7869,8.6491,5.8890,0.0000
6,116.7869,8.6491,5.8890,0.0000
0,116.7869,8.6491,5.8890,0.0000
1,483.7508,8.6491,5.8890,0.0000
2,338.6256,8.6491,5.8890,0.0000
3,237.0379,8.6491,5.8890,0.0000
4,237.0379,8.6491,5.8890,0.0000
5,165.9265,8.6491,5.8890,0.0000
6,116.1486,8.6491,5.8890,0.0000
0,116.1486,8.6491,5.8890,0.0000
1,252.3040,8.6491,5.8890,0.0000
2,176.6128,8.6491,5.8890,0.0000
3,123.6290,8.6491,5.8890,0.0000
4,123.6290,8.6491,5.8890,0.0000
5,86.5403,8.6491,5.8890,0.0000
6,60.5782,8.6491,5.8890,0.0000
0,60.5782,8.6491,5.8890,0.0000
1,272.2047,8.6491,5.8890,0.0000
2,190.5433,8.6491,5.8890,0.0000
3,133.3803,8.6491,5.8890,0.0000
4,93.3662,8.6491,5.8890,0.0000
5,65.3564,8.6491,5.8890,0.0000
6,45.7494,8.6491,5.8890,0.0000
0,45.7494,8.6491,5.8890,0.0000
1,362.9246,8.6491,5.8890,0.0000
2,362.9246,8.6491,5.8890,0.0000
3,254.0472,8.6491,5.8890,0.0000
4,177.8331,8.6491,5.8890,0.0000
5,124.4831,8.6491,5.8890,0.0000
6,87.1382,8.6491,5.8890,0.0000
0,87.1382,8.6491,5.8890,0.0000
1,434.7967,8.6491,5.8890,0.0000
2,304.3577,8.6491,5.8890,0.0000
3,213.0504,8.6491,5.8890,0.0000
4,149.1353,8.6491,5.8890,0.0000
5,104.3947,8.6491,5.8890,0.0000
6,73.0763,8.6491,5.8890,0.0000
0,73.0763,8.6491,5.8890,0.0000
1,695.8534,8.6491,5.8890,0.0000
2,487.0974,8.6491,5.8890,0.0000
3,340.9682,8.6491,5.8890,0.0000
4,340.9682,6.0544,5.8890,0.0000
5,238.6777,6.0544,5.8890,0.0000
6,167.0744,6.0544,5.8890,0.0000
0,167.0744,6.0544,5.8890,0.0000
1,167.0744,6.0544,5.8890,0.0000
2,259.4521,6.0544,5.8890,0.0000
3,181.6165,6.0544,5.8890,0.0000
4,127.1315,6.0544,5.8890,0.0000
5,88.9921,6.0544,5.8890,0.0000
6,62.2944,6.0544,5.8890,0.0000
7,43.6061,6.0544,5.8890,0.0000
0,43.6061,6.0544,5.8890,0.0000
1,43.6061,6.0544,5.8890,0.0000
2,188.0243,6.0544,5.8890,0.0000
3,131.6170,6.0544,5.8890,0.0000
4,92.1319,6.0544,5.8890,0.0000
5,64.4923,6.0544,5.8890,0.0000
6,45.1446,6.0544,5.8890,0.0000
7,31.6012,6.0544,5.8890,0.0000
0,31.6012,6.0544,5.8890,0.0000
1,31.6012,6.0544,5.8890,0.0000
2,202.7209,6.0544,5.8890,0.0000
3,141.9046,6.0544,5.8890,0.0000
4,99.3332,6.0544,5.8890,0.0000
5,69.5333,6.0544,5.8890,0.0000
6,69.5333,4.2381,5.8890,0.0000
7,48.6733,4.2381,5.8890,0.0000
0,48.6733,4.2381,5.8890,0.0000
1,119.2713,4.2381,5.8890,0.0000
2,83.4899,4.2381,5.8890,0.0000
3,58.4429,4.2381,5.8890,0.0000
4,40.9101,4.2381,5.8890,0.0000
5,40.9101,4.2381,4.1223,0.0000
6,28.6370,4.2381,4.1223,0.0000
0,28.6370,4.2381,4.1223,0.0000
1,236.0459,4.2381,4.1223,0.0000
2,165.2321,4.2381,4.1223,0.0000
3,115.6625,4.2381,4.1223,0.0000
4,80.9638,4.2381,4.1223,0.0000
5,56.6746,4.2381,4.1223,0.0000
6,56.6746,2.9666,4.1223,0.0000
0,56.6746,2.9666,4.1223,0.0000
1,292.5722,2.9666,4.1223,0.0000
2,204.8006,2.9666,4.1223,0.0000
3,143.3604,2.9666,4.1223,0.0000
4,143.3604,2.9666,2.8856,0.0000
5,100.3523,2.9666,2.8856,0.0000
6,70.2466,2.9666,2.8856,0.0000
0,70.2466,2.9666,2.8856,0.0000
1,70.2466,2.9666,2.8856,0.0000
2,70.2466,2.9666,2.0199,0.0000
3,183.5726,2.9666,2.0199,0.0000
4,128.5008,2.9666,2.0199,0.0000
5,89.9506,2.9666,2.0199,0.0000
6,62.9654,2.9666,2.0199,0.0000
7,44.0758,2.9666,2.0199,0.0000
8,30.8530,2.9666,2.0199,0.0000
0,30.8530,2.9666,2.0199,0.0000
1,117.5971,2.9666,2.0199,0.0000
2,82.3180,2.9666,2.0199,0.0000
3,57.6226,2.9666,2.0199,0.0000
4,40.3358,2.9666,2.0199,0.0000
5,28.2351,2.9666,2.0199,0.0000
6,19.7646,2.9666,2.0199,0.0000
0,19.7646,2.9666,2.0199,0.0000
1,271.2352,2.9666,2.0199,0.0000
2,189.8646,2.9666,2.0199,0.0000
3,132.9052,2.9666,2.0199,0.0000
4,93.0337,2.9666,2.0199,0.0000
5,93.0337,2.9666,1.4140,0.0000
6,65.1236,2.9666,1.4140,0.0000
0,65.1236,2.9666,1.4140,0.0000
1,302.3865,2.9666,1.4140,0.0000
2,211.6705,2.9666,1.4140,0.0000
3,148.1694,2.9666,1.4140,0.0000
4,103.7186,2.9666,1.4140,0.0000
5,72.6030,2.9666,1.4140,0.0000
6,50.8221,2.9666,1.4140,0.0000
0,50.8221,2.9666,1.4140,0.0000
1,50.8221,2.9666,1.4140,0.0000
2,364.3755,2.9666,1.4140,0.0000
3,255.0628,2.9666,1.4140,0.0000
4,178.5440,2.9666,1.4140,0.0000
5,124.9808,2.9666,1.4140,0.0000
6,87.4866,2.9666,1.4140,0.0000
7,61.2406,2.9666,1.4140,0.0000
0,61.2406,2.9666,1.4140,0.0000
1,432.5684,2.9666,1.4140,0.0000
2,432.5684,2.0766,1.4140,0.0000
3,302.7979,2.0766,1.4140,0.0000
4,211.9585,2.0766,1.4140,0.0000
5,148.3710,2.0766,1.4140,0.0000
6,103.8597,2.0766,1.4140,0.0000
0,103.8597,2.0766,1.4140,0.0000
1,103.8597,2.0766,1.4140,0.0000
2,103.8597,2.0766,214.5898,0.0000
3,103.8597,2.0766,214.5898,0.0000
4,103.8597,2.0766,150.2128,0.0000
5,103.8597,2.0766,150.2128,0.0000
6,103.8597,2.0766,105.1490,0.0000
7,103.8597,1.4537,105.1490,0.0000
0,103.8597,1.4537,105.1490,0.0000
1,103.8597,1.4537,73.6043,0.0000
2,167.5018,1.4537,73.6043,0.0000
3,117.2512,1.4537,73.6043,0.0000
4,82.0759,1.4537,73.6043,0.0000
5,57.4531,1.4537,73.6043,0.0000
6,57.4531,1.4537,51.5230,0.0000
7,57.4531,1.4537,36.0661,0.0000
0,57.4531,1.4537,36.0661,0.0000
1,394.2172,1.4537,36.0661,0.0000
2,275.9520,1.4537,36.0661,0.0000
3,193.1664,1.4537,36.0661,0.0000
4,135.2165,1.4537,36.0661,0.0000
5,94.6515,1.4537,36.0661,0.0000
6,66.2561,1.4537,36.0661,0.0000
0,66.2561,1.4537,36.0661,0.0000
1,537.4793,1.4537,36.0661,0.0000
2,376.2355,1.4537,36.0661,0.0000
3,376.2355,1.4537,36.0661,0.0000
4,263.3648,1.4537,36.0661,0.0000
5,184.3554,1.4537,36.0661,0.0000
6,129.0488,1.4537,36.0661,0.0000
0,129.0488,1.4537,36.0661,0.0000
1,129.0488,1.4537,298.2463,0.0000
2,129.0488,1.4537,298.2463,0.0000
3,129.0488,1.4537,208.7724,0.0000
4,129.0488,1.4537,146.1407,0.0000
5,129.0488,1.4537,102.2985,0.0000
6,383.7341,1.4537,102.2985,0.0000
7,268.6139,1.4537,102.2985,0.0000
8,188.0297,1.4537,102.2985,0.0000
9,131.6208,1.4537,102.2985,0.0000
10,92.1346,1.4537,102.2985,0.0000
0,92.1346,1.4537,102.2985,0.0000
1,92.1346,1.4537,1042.1089,0.0000
2,92.1346,1.4537,729.4763,0.0000
3,92.1346,1.4537,510.6334,0.0000
4,92.1346,1.4537,357.4434,0.0000
5,92.1346,1.4537,250.2104,0.0000
6,92.1346,1.4537,175.1472,0.0000
0,92.1346,1.4537,175.1472,0.0000
1,92.1346,1.4537,122.6031,0.0000
2,92.1346,1.4537,85.8222,0.0000
3,1033.4942,1.4537,85.8222,0.0000
4,723.4459,1.4537,85.8222,0.0000
5,506.4122,1.4537,85.8222,0.0000
6,354.4885,1.4537,85.8222,0.0000
7,248.1420,1.4537,85.8222,0.0000
8,248.1420,302.5176,85.8222,0.0000
9,246.8994,302.5176,85.8222,0.0000
10,246.8994,211.7623,85.8222,0.0000
0,246.8994,211.7623,85.8222,0.0000
1,315.0296,211.7623,85.8222,0.0000
2,315.0296,148.2336,85.8222,0.0000
3,220.5207,148.2336,85.8222,0.0000
4,220.5207,148.2336,140.4755,0.0000
5,220.5207,148.2336,140.4755,0.0000
6,304.9645,148.2336,140.4755,0.0000
7,213.4751,148.2336,140.4755,0.0000
8,149.4326,148.2336,140.4755,0.0000
9,104.6028,148.2336,140.4755,0.0000
10,104.6028,103.7635,140.4755,0.0000
0,104.6028,103.7635,140.4755,0.0000
1,104.6028,103.7635,289.7329,0.0000
2,104.6028,103.7635,202.8130,0.0000
3,104.6028,103.7635,141.9691,0.0000
4,104.6028,103.7635,99.3784,0.0000
5,73.2220,103.7635,99.3784,0.0000
6,73.2220,103.7635,69.5649,0.0000
0,73.2220,103.7635,69.5649,0.0000
1,73.2220,500.1345,69.5649,0.0000
2,73.2220,350.0941,69.5649,0.0000
3,73.2220,245.0659,69.5649,0.0000
4,73.2220,171.5461,69.5649,0.0000
5,73.2220,171.5461,48.6954,0.0000
6,73.2220,171.5461,34.0868,0.0000
0,73.2220,171.5461,34.0868,0.0000
1,73.2220,196.5823,34.0868,0.0000
2,73.2220,137.6076,34.0868,0.0000
3,73.2220,96.3253,34.0868,0.0000
4,73.2220,67.4277,34.0868,0.0000
5,289.1554,67.4277,34.0868,0.0000
6,202.4088,67.4277,34.0868,0.0000
7,141.6861,67.4277,34.0868,0.0000
8,99.1803,67.4277,34.0868,0.0000
9,69.4262,67.4277,34.0868,0.0000
10,48.5983,67.4277,34.0868,0.0000
0,48.5983,67.4277,34.0868,0.0000
1,48.5983,144.6994,34.0868,0.0000
2,48.5983,101.2896,34.0868,0.0000
3,48.5983,70.9027,34.0868,0.0000
4,48.5983,49.6319,34.0868,0.0000
5,48.5983,34.7423,34.0868,0.0000
6,81.4188,34.7423,34.0868,0.0000
7,56.9932,34.7423,34.0868,0.0000
8,39.8952,34.7423,34.0868,0.0000
9,27.9267,34.7423,34.0868,0.0000
10,27.9267,24.3196,34.0868,0.0000
0,27.9267,24.3196,34.0868,0.0000
1,27.9267,24.3196,42.1607,0.0000
2,27.9267,24.3196,29.5125,0.0000
3,27.9267,24.3196,20.6588,0.0000
4,162.3487,24.3196,20.6588,0.0000
5,113.6441,24.3196,20.6588,0.0000
6,113.6441,24.3196,53.4611,0.0000
7,79.5508,24.3196,53.4611,0.0000
8,55.6856,24.3196,53.4611,0.0000
9,38.9799,24.3196,53.4611,0.0000
10,27.2859,24.3196,53.4611,0.0000
0,27.2859,24.3196,53.4611,0.0000
1,27.2859,24.3196,295.4228,0.0000
2,27.2859,24.3196,206.7960,0.0000
3,27.2859,24.3196,144.7572,0.0000
4,27.2859,24.3196,101.3300,0.0000
5,27.2859,24.3196,70.9310,0.0000
6,19.1002,24.3196,70.9310,0.0000
0,19.1002,24.3196,70.9310,0.0000
1,19.1002,24.3196,208.6517,0.0000
2,19.1002,24.3196,146.0562,0.0000
3,19.1002,66.8237,146.0562,0.0000
4,19.1002,66.8237,102.2393,0.0000
5,19.1002,66.8237,71.5675,0.0000
6,19.1002,46.7766,71.5675,0.0000
7,19.1002,46.7766,50.0973,0.0000
8,19.1002,46.7766,35.0681,0.0000
0,19.1002,46.7766,35.0681,0.0000
1,180.1701,46.7766,35.0681,0.0000
2,126.1191,46.7766,35.0681,0.0000
3,88.2834,46.7766,35.0681,0.0000
4,61.7983,46.7766,35.0681,0.0000
5,43.2588,46.7766,35.0681,0.0000
6,43.2588,34.8436,35.0681,0.0000
7,30.2812,34.8436,35.0681,0.0000
8,30.2812,34.8436,24.5477,0.0000
9,30.2812,24.3905,24.5477,0.0000
10,30.2812,24.3905,17.1834,0.0000
0,30.2812,24.3905,17.1834,0.0000
1,391.9968,24.3905,17.1834,0.0000
2,274.3978,24.3905,17.1834,0.0000
3,192.0784,24.3905,17.1834,0.0000
4,134.4549,24.3905,17.1834,0.0000
5,94.1184,24.3905,17.1834,0.0000
6,65.8829,24.3905,17.1834,0.0000
0,65.8829,24.3905,17.1834,0.0000
1,540.2180,24.3905,17.1834,0.0000
2,540.2180,24.3905,12.0284,0.0000
3,378.1526,24.3905,12.0284,0.0000
4,264.7068,24.3905,12.0284,0.0000
5,185.2948,24.3905,12.0284,0.0000
6,185.2948,24.3905,12.0284,0.0000
0,185.2948,24.3905,12.0284,0.0000
1,173.5064,24.3905,12.0284,0.0000
2,173.5064,17.0734,12.0284,0.0000
3,121.4544,17.0734,12.0284,0.0000
4,121.4544,11.9514,12.0284,0.0000
5,121.4544,8.3660,12.0284,0.0000
6,85.0181,8.3660,12.0284,0.0000
0,85.0181,8.3660,12.0284,0.0000
1,325.0127,8.3660,12.0284,0.0000
2,227.5089,8.3660,12.0284,0.0000
3,159.2562,8.3660,12.0284,0.0000
4,111.4793,8.3660,12.0284,0.0000
5,78.0355,8.3660,12.0284,0.0000
6,54.6249,8.3660,12.0284,0.0000
0,54.6249,8.3660,12.0284,0.0000
1,54.6249,766.6562,12.0284,0.0000
2,54.6249,536.6593,12.0284,0.0000
3,54.6249,375.6615,12.0284,0.0000
4,54.6249,262.9631,12.0284,0.0000
5,54.6249,184.0741,12.0284,0.0000
6,54.6249,128.8519,12.0284,0.0000
0,54.6249,128.8519,12.0284,0.0000
1,54.6249,96.4963,12.0284,0.0000
2,54.6249,67.5474,12.0284,0.0000
3,54.6249,47.2832,12.0284,0.0000
4,55.0374,47.2832,12.0284,0.0000
5,38.5262,47.2832,12.0284,0.0000
6,38.5262,33.0982,12.0284,0.0000
7,26.9683,33.0982,12.0284,0.0000
8,26.9683,23.1688,12.0284,0.0000
9,18.8778,23.1688,12.0284,0.0000
0,18.8778,23.1688,12.0284,0.0000
1,18.8778,121.2181,12.0284,0.0000
2,18.8778,121.2181,12.0284,0.0000
3,18.8778,84.8527,12.0284,0.0000
4,18.8778,59.3969,12.0284,0.0000
5,18.8778,41.5778,12.0284,0.0000
6,296.1145,41.5778,12.0284,0.0000
7,207.2801,41.5778,12.0284,0.0000
8,145.0961,41.5778,12.0284,0.0000
9,145.0961,41.5778,8.4198,0.0000
10,101.5673,41.5778,8.4198,0.0000
0,101.5673,41.5778,8.4198,0.0000
1,308.3971,41.5778,8.4198,0.0000
2,308.3971,44.7045,8.4198,0.0000
3,215.8780,44.7045,8.4198,0.0000
4,151.1146,44.7045,8.4198,0.0000
5,151.1146,44.7045,8.4198,0.0000
6,105.7802,44.7045,8.4198,0.0000
7,74.0461,44.7045,8.4198,0.0000
0,74.0461,44.7045,8.4198,0.0000
1,188.0323,44.7045,8.4198,0.0000
2,131.6226,44.7045,8.4198,0.0000
3,92.1358,44.7045,8.4198,0.0000
4,64.4951,44.7045,8.4198,0.0000
5,45.1466,44.7045,8.4198,0.0000
6,31.6026,44.7045,8.4198,0.0000
0,31.6026,44.7045,8.4198,0.0000
1,31.6026,44.7045,8.4198,0.0000
2,31.6026,356.4931,8.4198,0.0000
3,31.6026,249.5452,8.4198,0.0000
4,31.6026,174.6816,8.4198,0.0000
5,31.6026,174.6816,73.0939,0.0000
6,31.6026,122.2771,73.0939,0.0000
7,31.6026,85.5940,73.0939,0.0000
8,31.6026,59.9158,73.0939,0.0000
9,31.6026,59.9158,51.1657,0.0000
10,31.6026,41.9411,51.1657,0.0000
0,31.6026,41.9411,51.1657,0.0000
1,31.6026,41.9411,51.1657,0.0000
2,31.6026,41.9411,173.2160,0.0000
3,31.6026,41.9411,121.2512,0.0000
4,31.6026,41.9411,84.8758,0.0000
5,31.6026,41.9411,59.4131,0.0000
6,31.6026,41.9411,41.5892,0.0000
7,31.6026,33.8587,41.5892,0.0000
8,31.6026,33.8587,29.1124,0.0000
9,31.6026,23.7011,29.1124,0.0000
10,23.9218,23.7011,29.1124,0.0000
0,23.9218,23.7011,29.1124,0.0000
1,23.9218,23.7011,175.1787,0.0000
2,23.9218,23.7011,122.6251,0.0000
3,23.9218,23.7011,85.8376,0.0000
4,23.9218,23.7011,60.0863,0.0000
5,23.9218,23.7011,42.0604,0.0000
6,23.9218,23.7011,29.4423,0.0000
0,23.9218,23.7011,29.4423,0.0000
1,23.9218,23.7011,300.5096,0.0000
2,23.9218,23.7011,210.3567,0.0000
3,23.9218,23.7011,147.2497,0.0000
4,23.9218,23.7011,103.0748,0.0000
5,23.9218,23.7011,72.1524,0.0000
6,23.9218,23.7011,50.5066,0.0000
0,23.9218,23.7011,50.5066,0.0000
1,23.9218,23.7011,331.1547,0.0000
2,23.9218,23.7011,231.8083,0.0000
3,23.9218,23.7011,162.2658,0.0000
4,504.8453,23.7011,162.2658,0.0000
5,353.3917,23.7011,162.2658,0.0000
6,247.3742,23.7011,162.2658,0.0000
7,173.1619,23.7011,162.2658,0.0000
8,121.2133,23.7011,162.2658,0.0000
9,121.2133,23.7011,113.5860,0.0000
0,121.2133,23.7011,113.5860,0.0000
1,796.1493,23.7011,113.5860,0.0000
2,557.3045,23.7011,113.5860,0.0000
3,390.1132,23.7011,113.5860,0.0000
4,273.0792,23.7011,113.5860,0.0000
5,191.1555,23.7011,113.5860,0.0000
6,133.8088,23.7011,113.5860,0.0000
0,133.8088,23.7011,113.5860,0.0000
1,207.0662,23.7011,113.5860,0.0000
2,144.9463,23.7011,113.5860,0.0000
3,101.4624,23.7011,113.5860,0.0000
4,71.0237,23.7011,113.5860,0.0000
5,71.0237,23.7011,79.5102,0.0000
6,71.0237,23.7011,79.5102,0.0000
0,71.0237,23.7011,79.5102,0.0000
1,71.0237,23.7011,121.6572,0.0000
2,71.0237,23.7011,85.1600,0.0000
3,71.0237,23.7011,59.6120,0.0000
4,200.9166,23.7011,59.6120,0.0000
5,140.6416,23.7011,59.6120,0.0000
6,98.4491,23.7011,59.6120,0.0000
7,68.9144,23.7011,59.6120,0.0000
8,68.9144,23.7011,59.6120,0.0000
9,48.2401,23.7011,59.6120,0.0000
0,48.2401,23.7011,59.6120,0.0000
1,48.2401,23.7011,41.7284,0.0000
2,505.6681,23.7011,41.7284,0.0000
3,353.9676,23.7011,41.7284,0.0000
4,247.7773,23.7011,41.7284,0.0000
5,173.4441,23.7011,41.7284,0.0000
6,121.4109,23.7011,41.7284,0.0000
7,84.9876,23.7011,41.7284,0.0000
0,84.9876,23.7011,41.7284,0.0000
1,619.8913,23.7011,41.7284,0.0000
2,433.9239,23.7011,41.7284,0.0000
3,303.7468,23.7011,41.7284,0.0000
4,212.6227,23.7011,41.7284,0.0000
5,148.8359,23.7011,41.7284,0.0000
6,104.1851,23.7011,41.7284,0.0000
0,104.1851,23.7011,41.7284,0.0000
1,649.8296,23.7011,41.7284,0.0000
2,649.8296,23.7011,29.2099,0.0000
3,454.8807,23.7011,29.2099,0.0000
4,318.4165,23.7011,29.2099,0.0000
5,222.8916,23.7011,29.2099,0.0000
6,156.0241,23.7011,29.2099,0.0000
0,156.0241,23.7011,29.2099,0.0000
1,508.8169,23.7011,29.2099,0.0000
2,356.1718,23.7011,29.2099,0.0000
3,249.3203,23.7011,29.2099,0.0000
4,174.5242,23.7011,29.2099,0.0000
5,122.1669,23.7011,29.2099,0.0000
6,85.5168,23.7011,29.2099,0.0000
0,85.5168,23.7011,29.2099,0.0000
1,305.5618,23.7011,29.2099,0.0000
2,213.8933,23.7011,29.2099,0.0000
3,213.8933,23.7011,29.2099,0.0000
4,149.7253,23.7011,29.2099,0.0000
5,104.8077,23.7011,29.2099,0.0000
6,73.3654,23.7011,29.2099,0.0000
0,73.3654,23.7011,29.2099,0.0000
1,506.7558,23.7011,29.2099,0.0000
2,354.7290,23.7011,29.2099,0.0000
3,248.3103,23.7011,29.2099,0.0000
4,248.3103,16.5908,29.2099,0.0000
5,173.8172,16.5908,29.2099,0.0000
6,173.8172,16.5908,20.4469,0.0000
0,173.8172,16.5908,20.4469,0.0000
1,626.2721,16.5908,20.4469,0.0000
2,626.2721,16.5908,20.4469,0.0000
3,438.3904,16.5908,20.4469,0.0000
4,438.3904,16.5908,20.4469,0.0000
5,306.8733,16.5908,20.4469,0.0000
6,214.8113,16.5908,20.4469,0.0000
0,214.8113,16.5908,20.4469,0.0000
1,913.2679,16.5908,20.4469,0.0000
2,913.2679,11.6135,20.4469,0.0000
3,639.2875,11.6135,20.4469,0.0000
4,447.5013,11.6135,20.4469,0.0000
5,313.2509,11.6135,20.4469,0.0000
6,219.2756,11.6135,20.4469,0.0000
0,219.2756,11.6135,20.4469,0.0000
1,247.0929,11.6135,20.4469,0.0000
2,172.9651,11.6135,20.4469,0.0000
3,121.0755,11.6135,20.4469,0.0000
4,121.0755,8.1295,20.4469,0.0000
5,84.7529,8.1295,20.4469,0.0000
6,59.3270,8.1295,20.4469,0.0000
0,59.3270,8.1295,20.4469,0.0000
1,422.5289,8.1295,20.4469,0.0000
2,295.7702,8.1295,20.4469,0.0000
3,295.7702,8.1295,14.3128,0.0000
4,207.0392,8.1295,14.3128,0.0000
5,144.9274,8.1295,14.3128,0.0000
6,101.4492,8.1295,14.3128,0.0000
0,101.4492,8.1295,14.3128,0.0000
1,536.9144,8.1295,14.3128,0.0000
2,536.9144,5.6906,14.3128,0.0000
3,375.8401,5.6906,14.3128,0.0000
4,375.8401,5.6906,14.3128,0.0000
5,375.8401,3.9834,14.3128,0.0000
6,263.0881,3.9834,14.3128,0.0000
0,263.0881,3.9834,14.3128,0.0000
1,848.0617,3.9834,14.3128,0.0000
2,593.6432,3.9834,14.3128,0.0000
3,415.5502,3.9834,14.3128,0.0000
4,415.5502,3.9834,14.3128,0.0000
5,290.8851,3.9834,14.3128,0.0000
6,290.8851,2.7884,14.3128,0.0000
0,290.8851,2.7884,14.3128,0.0000
1,290.8851,2.7884,14.3128,0.0000
2,290.8851,2.7884,10.0190,0.0000
3,890.3196,2.7884,10.0190,0.0000
4,623.2237,2.7884,10.0190,0.0000
5,436.2566,2.7884,10.0190,0.0000
6,305.3796,2.7884,10.0190,0.0000
7,213.7657,2.7884,10.0190,0.0000
8,149.6360,2.7884,10.0190,0.0000
0,149.6360,2.7884,10.0190,0.0000
1,358.2452,2.7884,10.0190,0.0000
2,250.7716,2.7884,10.0190,0.0000
3,250.7716,1.9519,10.0190,0.0000
4,175.5402,1.9519,10.0190,0.0000
5,122.8781,1.9519,10.0190,0.0000
6,86.0147,1.9519,10.0190,0.0000
0,86.0147,1.9519,10.0190,0.0000
1,86.0147,1.9519,10.0190,0.0000
2,370.1103,1.9519,10.0190,0.0000
3,370.1103,1.9519,10.0190,0.0000
4,259.0772,1.9519,10.0190,0.0000
5,181.3540,1.9519,10.0190,0.0000
6,126.9478,1.9519,10.0190,0.0000
7,88.8635,1.9519,10.0190,0.0000
0,88.8635,1.9519,10.0190,0.0000
1,549.1044,1.9519,10.0190,0.0000
2,384.3731,1.9519,10.0190,0.0000
3,269.0612,1.9519,10.0190,0.0000
4,188.3428,1.9519,10.0190,0.0000
5,131.8400,1.9519,10.0190,0.0000
6,92.2880,1.9519,10.0190,0.0000
0,92.2880,1.9519,10.0190,0.0000
1,181.0016,1.9519,10.0190,0.0000
2,126.7011,1.9519,10.0190,0.0000
3,88.6908,1.9519,10.0190,0.0000
4,62.0835,1.9519,10.0190,0.0000
5,43.4585,1.9519,10.0190,0.0000
6,30.4209,1.9519,10.0190,0.0000
0,30.4209,1.9519,10.0190,0.0000
1,30.4209,1.9519,10.0190,0.0000
2,30.4209,1.9519,483.4133,0.0000
3,30.4209,1.9519,338.3893,0.0000
4,30.4209,1.9519,236.8725,0.0000
5,30.4209,1.9519,165.8108,0.0000
6,30.4209,1.9519,116.0675,0.0000
7,30.4209,1.9519,81.2473,0.0000
0,30.4209,1.9519,81.2473,0.0000
1,30.4209,1.9519,56.8731,0.0000
2,30.4209,1.9519,39.8112,0.0000
3,30.4209,1.9519,27.8678,0.0000
4,60.2947,1.9519,27.8678,0.0000
5,42.2063,1.9519,27.8678,0.0000
6,29.5444,1.9519,27.8678,0.0000
7,20.6811,1.9519,27.8678,0.0000
8,20.6811,1.9519,19.5075,0.0000
9,20.6811,1.9519,13.6552,0.0000
0,20.6811,1.9519,13.6552,0.0000
1,94.2767,1.9519,13.6552,0.0000
2,65.9937,1.9519,13.6552,0.0000
3,46.1956,1.9519,13.6552,0.0000
4,32.3369,1.9519,13.6552,0.0000
5,22.6358,1.9519,13.6552,0.0000
6,15.8451,1.9519,13.6552,0.0000
0,15.8451,1.9519,13.6552,0.0000
1,15.8451,1.9519,13.6552,0.0000
2,309.5916,1.9519,13.6552,0.0000
3,216.7141,1.9519,13.6552,0.0000
4,216.7141,1.9519,9.5587,0.0000
5,151.6999,1.9519,9.5587,0.0000
6,106.1899,1.9519,9.5587,0.0000
7,74.3329,1.9519,9.5587,0.0000
0,74.3329,1.9519,9.5587,0.0000
1,74.3329,17.5663,9.5587,0.0000
2,340.9331,17.5663,9.5587,0.0000
3,238.6531,17.5663,9.5587,0.0000
4,167.0572,17.5663,9.5587,0.0000
5,116.9400,17.5663,9.5587,0.0000
6,81.8580,17.5663,9.5587,0.0000
7,57.3006,17.5663,9.5587,0.0000
0,57.3006,17.5663,9.5587,0.0000
1,485.6104,17.5663,9.5587,0.0000
2,485.6104,17.5663,9.5587,0.0000
3,339.9273,17.5663,9.5587,0.0000
4,237.9491,17.5663,9.5587,0.0000
5,166.5644,17.5663,9.5587,0.0000
6,116.5951,17.5663,9.5587,0.0000
0,116.5951,17.5663,9.5587,0.0000
1,232.8165,17.5663,9.5587,0.0000
2,162.9716,17.5663,9.5587,0.0000
3,162.9716,17.5663,9.5587,0.0000
4,114.0801,17.5663,9.5587,0.0000
5,79.8561,17.5663,9.5587,0.0000
6,55.8993,17.5663,9.5587,0.0000
0,55.8993,17.5663,9.5587,0.0000
1,357.4295,17.5663,9.5587,0.0000
2,250.2006,17.5663,9.5587,0.0000
3,250.2006,17.5663,6.6911,0.0000
4,175.1404,17.5663,6.6911,0.0000
5,122.5983,17.5663,6.6911,0.0000
6,85.8188,17.5663,6.6911,0.0000
0,85.8188,17.5663,6.6911,0.0000
1,653.1732,17.5663,6.6911,0.0000
2,457.2212,17.5663,6.6911,0.0000
3,320.0549,17.5663,6.6911,0.0000
4,224.0384,17.5663,6.6911,0.0000
5,156.8269,17.5663,6.6911,0.0000
6,109.7788,17.5663,6.6911,0.0000
0,109.7788,17.5663,6.6911,0.0000
1,169.2452,17.5663,6.6911,0.0000
2,118.4716,17.5663,6.6911,0.0000
3,82.9301,17.5663,6.6911,0.0000
4,58.0511,17.5663,6.6911,0.0000
5,40.6358,17.5663,6.6911,0.0000
6,28.4450,17.5663,6.6911,0.0000
0,28.4450,17.5663,6.6911,0.0000
1,694.3115,17.5663,6.6911,0.0000
2,486.0181,17.5663,6.6911,0.0000
3,340.2126,17.5663,6.6911,0.0000
4,238.1489,17.5663,6.6911,0.0000
5,166.7042,17.5663,6.6911,0.0000
6,116.6929,17.5663,6.6911,0.0000
0,116.6929,17.5663,6.6911,0.0000
1,626.4851,17.5663,6.6911,0.0000
2,438.5395,17.5663,6.6911,0.0000
3,306.9777,17.5663,6.6911,0.0000
4,214.8844,17.5663,6.6911,0.0000
5,150.4191,17.5663,6.6911,0.0000
6,105.2933,17.5663,6.6911,0.0000
0,105.2933,17.5663,6.6911,0.0000
1,282.2053,17.5663,6.6911,0.0000
2,197.5437,17.5663,6.6911,0.0000
3,138.2806,17.5663,6.6911,0.0000
4,96.7964,17.5663,6.6911,0.0000
5,67.7575,17.5663,6.6911,0.0000
6,47.4303,17.5663,6.6911,0.0000
0,47.4303,17.5663,6.6911,0.0000
1,693.8012,17.5663,6.6911,0.0000
2,485.6608,17.5663,6.6911,0.0000
3,339.9626,17.5663,6.6911,0.0000
4,237.9738,17.5663,6.6911,0.0000
5,166.5817,17.5663,6.6911,0.0000
6,116.6072,17.5663,6.6911,0.0000
0,116.6072,17.5663,6.6911,0.0000
1,442.8250,17.5663,6.6911,0.0000
2,309.9775,17.5663,6.6911,0.0000
3,216.9843,17.5663,6.6911,0.0000
4,151.8890,17.5663,6.6911,0.0000
5,106.3223,17.5663,6.6911,0.0000
6,106.3223,17.5663,4.6837,0.0000
0,106.3223,17.5663,4.6837,0.0000
1,140.7256,17.5663,4.6837,0.0000
2,140.7256,17.5663,3.2786,0.0000
3,98.5079,17.5663,3.2786,0.0000
4,68.9555,17.5663,3.2786,0.0000
5,48.2689,17.5663,3.2786,0.0000
6,33.7882,17.5663,3.2786,0.0000
0,33.7882,17.5663,3.2786,0.0000
1,331.1518,17.5663,3.2786,0.0000
2,231.8062,17.5663,3.2786,0.0000
3,162.2644,17.5663,3.2786,0.0000
4,113.5851,17.5663,3.2786,0.0000
5,79.5095,17.5663,3.2786,0.0000
6,55.6567,17.5663,3.2786,0.0000
0,55.6567,17.5663,3.2786,0.0000
1,510.8597,17.5663,3.2786,0.0000
2,357.6018,17.5663,3.2786,0.0000
3,250.3212,17.5663,3.2786,0.0000
4,250.3212,17.5663,2.2950,0.0000
5,175.2249,17.5663,2.2950,0.0000
6,122.6574,17.5663,2.2950,0.0000
0,122.6574,17.5663,2.2950,0.0000
1,911.1602,17.5663,2.2950,0.0000
2,637.8121,17.5663,2.2950,0.0000
3,446.4685,17.5663,2.2950,0.0000
4,312.5279,17.5663,2.2950,0.0000
5,218.7696,17.5663,2.2950,0.0000
6,153.1387,17.5663,2.2950,0.0000
0,153.1387,17.5663,2.2950,0.0000
1,107.1971,17.5663,2.2950,0.0000
2,75.0380,17.5663,2.2950,0.0000
3,52.5266,17.5663,2.2950,0.0000
4,36.7686,17.5663,2.2950,0.0000
5,25.7380,17.5663,2.2950,0.0000
0,25.7380,17.5663,2.2950,0.0000
1,279.0166,17.5663,2.2950,0.0000
2,195.3116,17.5663,2.2950,0.0000
3,136.7181,17.5663,2.2950,0.0000
4,95.7027,17.5663,2.2950,0.0000
5,66.9919,17.5663,2.2950,0.0000
6,46.8943,17.5663,2.2950,0.0000
0,46.8943,17.5663,2.2950,0.0000
1,592.6260,17.5663,2.2950,0.0000
2,414.8382,17.5663,2.2950,0.0000
3,290.3868,17.5663,2.2950,0.0000
4,203.2707,17.5663,2.2950,0.0000
5,203.2707,17.5663,2.2950,0.0000
6,142.2895,17.5663,2.2950,0.0000
0,142.2895,17.5663,2.2950,0.0000
1,401.1027,17.5663,2.2950,0.0000
2,280.7719,17.5663,2.2950,0.0000
3,196.5403,17.5663,2.2950,0.0000
4,137.5782,17.5663,2.2950,0.0000
5,96.3047,17.5663,2.2950,0.0000
6,67.4133,17.5663,2.2950,0.0000
0,67.4133,17.5663,2.2950,0.0000
1,1069.5893,17.5663,2.2950,0.0000
2,748.7125,17.5663,2.2950,0.0000
3,524.0988,17.5663,2.2950,0.0000
4,524.0988,17.5663,2.2950,0.0000
5,366.8691,17.5663,2.2950,0.0000
6,256.8084,17.5663,2.2950,0.0000
0,256.8084,17.5663,2.2950,0.0000
1,1172.1659,17.5663,2.2950,0.0000
2,820.5161,17.5663,2.2950,0.0000
3,574.3613,17.5663,2.2950,0.0000
4,402.0529,17.5663,2.2950,0.0000
5,402.0529,17.5663,2.2950,0.0000
6,281.4370,17.5663,2.2950,0.0000
0,281.4370,17.5663,2.2950,0.0000
1,318.5059,17.5663,2.2950,0.0000
2,222.9541,17.5663,2.2950,0.0000
3,156.0679,17.5663,2.2950,0.0000
4,109.2475,17.5663,2.2950,0.0000
5,76.4733,17.5663,2.2950,0.0000
6,53.5313,17.5663,2.2950,0.0000
0,53.5313,17.5663,2.2950,0.0000
1,385.4719,17.5663,2.2950,0.0000
2,385.4719,17.5663,2.2950,0.0000
3,269.8303,17.5663,2.2950,0.0000
4,188.8812,17.5663,2.2950,0.0000
5,132.2169,17.5663,2.2950,0.0000
6,92.5518,17.5663,2.2950,0.0000
0,92.5518,17.5663,2.2950,0.0000
1,367.7863,17.5663,2.2950,0.0000
2,257.4504,17.5663,2.2950,0.0000
3,180.2153,17.5663,2.2950,0.0000
4,180.2153,17.5663,2.2950,0.0000
5,126.1507,17.5663,2.2950,0.0000
6,88.3055,17.5663,2.2950,0.0000
0,88.3055,17.5663,2.2950,0.0000
1,88.3055,17.5663,2.2950,0.0000
2,852.3138,17.5663,2.2950,0.0000
3,596.6197,17.5663,2.2950,0.0000
4,417.6338,17.5663,2.2950,0.0000
5,292.3436,17.5663,2.2950,0.0000
6,204.6406,17.5663,2.2950,0.0000
7,143.2484,17.5663,2.2950,0.0000
0,143.2484,17.5663,2.2950,0.0000
1,283.2739,17.5663,2.2950,0.0000
2,198.2917,17.5663,2.2950,0.0000
3,198.2917,17.5663,2.2950,0.0000
4,138.8042,17.5663,2.2950,0.0000
5,97.1629,17.5663,2.2950,0.0000
6,68.0141,17.5663,2.2950,0.0000
0,68.0141,17.5663,2.2950,0.0000
1,432.2098,17.5663,2.2950,0.0000
2,302.5469,17.5663,2.2950,0.0000
3,211.7828,17.5663,2.2950,0.0000
4,148.2480,17.5663,2.2950,0.0000
5,103.7736,17.5663,2.2950,0.0000
6,72.6415,17.5663,2.2950,0.0000
0,72.6415,17.5663,2.2950,0.0000
1,658.6491,17.5663,2.2950,0.0000
2,461.0543,17.5663,2.2950,0.0000
3,322.7380,17.5663,2.2950,0.0000
4,225.9166,17.5663,2.2950,0.0000
5,158.1416,17.5663,2.2950,0.0000
6,110.6991,17.5663,2.2950,0.0000
0,110.6991,17.5663,2.2950,0.0000
1,636.0894,17.5663,2.2950,0.0000
2,445.2626,17.5663,2.2950,0.0000
3,445.2626,17.5663,1180.6065,0.0000
4,445.2626,17.5663,826.4246,0.0000
5,445.2626,17.5663,578.4972,0.0000
6,445.2626,17.5663,404.9480,0.0000
7,445.2626,17.5663,283.4636,0.0000
8,539.0838,17.5663,283.4636,0.0000
9,539.0838,17.5663,296.8245,0.0000
10,425.0587,17.5663,296.8245,0.0000
0,425.0587,17.5663,296.8245,0.0000
1,582.5411,17.5663,296.8245,0.0000
2,582.5411,17.5663,207.7772,0.0000
3,407.7787,17.5663,207.7772,0.0000
4,285.4451,17.5663,207.7772,0.0000
5,199.8116,17.5663,207.7772,0.0000
6,199.8116,17.5663,145.4440,0.0000
0,199.8116,17.5663,145.4440,0.0000
1,182.4681,17.5663,145.4440,0.0000
2,127.7277,17.5663,145.4440,0.0000
3,127.7277,17.5663,101.8108,0.0000
4,89.4094,17.5663,101.8108,0.0000
5,89.4094,17.5663,71.2676,0.0000
6,62.5866,17.5663,71.2676,0.0000
0,62.5866,17.5663,71.2676,0.0000
1,62.5866,17.5663,129.6873,0.0000
2,106.8106,17.5663,129.6873,0.0000
3,106.8106,17.5663,90.7811,0.0000
4,106.8106,326.3964,90.7811,0.0000
5,106.8106,228.4775,90.7811,0.0000
6,82.5674,228.4775,90.7811,0.0000
7,82.5674,159.9342,90.7811,0.0000
8,82.5674,111.9540,90.7811,0.0000
9,82.5674,78.3678,90.7811,0.0000
10,82.5674,78.3678,63.5468,0.0000
0,82.5674,78.3678,63.5468,0.0000
1,143.2972,78.3678,63.5468,0.0000
2,143.2972,78.3678,44.4827,0.0000
3,100.3080,78.3678,44.4827,0.0000
4,70.2156,78.3678,44.4827,0.0000
5,70.2156,54.8574,44.4827,0.0000
6,49.1509,54.8574,44.4827,0.0000
0,49.1509,54.8574,44.4827,0.0000
1,49.1509,379.2002,44.4827,0.0000
2,49.1509,265.4401,44.4827,0.0000
3,49.1509,185.8081,44.4827,0.0000
4,49.1509,130.0657,44.4827,0.0000
5,49.1509,91.0460,44.4827,0.0000
6,49.1509,63.7322,44.4827,0.0000
0,49.1509,63.7322,44.4827,0.0000
1,49.1509,260.3125,44.4827,0.0000
2,49.1509,260.3125,44.4827,0.0000
3,49.1509,260.3125,44.4827,0.0000
4,49.1509,182.2188,44.4827,0.0000
5,49.1509,127.5531,44.4827,0.0000
6,49.1509,89.2872,44.4827,0.0000
0,49.1509,89.2872,44.4827,0.0000
1,49.1509,390.1010,44.4827,0.0000
2,179.0057,390.1010,44.4827,0.0000
3,125.3040,390.1010,44.4827,0.0000
4,125.3040,273.0707,44.4827,0.0000
5,125.3040,191.1495,44.4827,0.0000
6,125.3040,133.8047,44.4827,0.0000
7,125.3040,93.6633,44.4827,0.0000
0,125.3040,93.6633,44.4827,0.0000
1,190.3128,93.6633,44.4827,0.0000
2,133.2189,93.6633,44.4827,0.0000
3,93.2533,93.6633,44.4827,0.0000
4,93.2533,65.5643,44.4827,0.0000
5,65.2773,65.5643,44.4827,0.0000
6,65.2773,45.8950,44.4827,0.0000
0,65.2773,45.8950,44.4827,0.0000
1,65.2773,45.8950,31.1379,0.0000
2,180.6941,45.8950,31.1379,0.0000
3,126.4859,45.8950,31.1379,0.0000
4,88.5401,45.8950,31.1379,0.0000
5,61.9781,45.8950,31.1379,0.0000
6,43.3847,45.8950,31.1379,0.0000
7,43.3847,45.8950,21.7965,0.0000
0,43.3847,45.8950,21.7965,0.0000
1,43.3847,107.1265,21.7965,0.0000
2,43.3847,74.9885,21.7965,0.0000
3,43.3847,52.4920,21.7965,0.0000
4,43.3847,36.7444,21.7965,0.0000
5,182.4693,36.7444,21.7965,0.0000
6,127.7285,36.7444,21.7965,0.0000
7,89.4099,36.7444,21.7965,0.0000
8,62.5870,36.7444,21.7965,0.0000
9,43.8109,36.7444,21.7965,0.0000
10,30.6676,36.7444,21.7965,0.0000
0,30.6676,36.7444,21.7965,0.0000
1,30.6676,339.2211,21.7965,0.0000
2,30.6676,237.4548,21.7965,0.0000
3,100.6673,237.4548,21.7965,0.0000
4,100.6673,166.2183,21.7965,0.0000
5,70.4671,166.2183,21.7965,0.0000
6,70.4671,116.3528,21.7965,0.0000
7,70.4671,81.4470,21.7965,0.0000
8,70.4671,57.0129,21.7965,0.0000
0,70.4671,57.0129,21.7965,0.0000
1,70.4671,39.9090,21.7965,0.0000
2,73.6270,39.9090,21.7965,0.0000
3,73.6270,27.9363,21.7965,0.0000
4,51.5389,27.9363,21.7965,0.0000
5,36.0772,27.9363,21.7965,0.0000
6,25.2541,27.9363,21.7965,0.0000
7,25.2541,27.9363,15.2576,0.0000
0,25.2541,27.9363,15.2576,0.0000
1,25.2541,87.3554,15.2576,0.0000
2,25.2541,61.1488,15.2576,0.0000
3,25.2541,42.8042,15.2576,0.0000
4,25.2541,29.9629,15.2576,0.0000
5,25.2541,20.9740,15.2576,0.0000
6,25.2541,14.6818,15.2576,0.0000
0,25.2541,14.6818,15.2576,0.0000
1,115.1778,14.6818,15.2576,0.0000
2,80.6245,14.6818,15.2576,0.0000
3,56.4371,14.6818,15.2576,0.0000
4,39.5060,14.6818,15.2576,0.0000
5,27.6542,14.6818,15.2576,0.0000
6,19.3579,14.6818,15.2576,0.0000
0,19.3579,14.6818,15.2576,0.0000
1,287.1506,14.6818,15.2576,0.0000
2,201.0054,14.6818,15.2576,0.0000
3,140.7038,14.6818,15.2576,0.0000
4,98.4926,14.6818,15.2576,0.0000
5,68.9448,14.6818,15.2576,0.0000
6,48.2614,14.6818,15.2576,0.0000
0,48.2614,14.6818,15.2576,0.0000
1,309.4830,14.6818,15.2576,0.0000
2,216.6381,14.6818,15.2576,0.0000
3,151.6467,14.6818,15.2576,0.0000
4,106.1527,14.6818,15.2576,0.0000
5,74.3069,14.6818,15.2576,0.0000
6,52.0148,14.6818,15.2576,0.0000
0,52.0148,14.6818,15.2576,0.0000
1,248.5104,14.6818,15.2576,0.0000
2,173.9573,14.6818,15.2576,0.0000
3,173.9573,14.6818,15.2576,0.0000
4,121.7701,14.6818,15.2576,0.0000
5,85.2391,14.6818,15.2576,0.0000
6,59.6673,14.6818,15.2576,0.0000
0,59.6673,14.6818,15.2576,0.0000
1,327.3671,14.6818,15.2576,0.0000
2,229.1570,14.6818,15.2576,0.0000
3,160.4099,14.6818,15.2576,0.0000
4,112.2869,14.6818,15.2576,0.0000
5,78.6008,14.6818,15.2576,0.0000
6,78.6008,14.6818,10.6803,0.0000
0,78.6008,14.6818,10.6803,0.0000
1,502.6206,14.6818,10.6803,0.0000
2,351.8344,14.6818,10.6803,0.0000
3,351.8344,10.2773,10.6803,0.0000
4,246.2841,10.2773,10.6803,0.0000
5,172.3989,10.2773,10.6803,0.0000
6,172.3989,10.2773,7.4762,0.0000
0,172.3989,10.2773,7.4762,0.0000
1,225.6792,10.2773,7.4762,0.0000
2,157.9754,10.2773,7.4762,0.0000
3,110.5828,10.2773,7.4762,0.0000
4,110.5828,10.2773,5.2334,0.0000
5,77.4080,10.2773,5.2334,0.0000
6,54.1856,10.2773,5.2334,0.0000
0,54.1856,10.2773,5.2334,0.0000
1,54.1856,10.2773,5.2334,0.0000
2,249.4299,10.2773,5.2334,0.0000
3,249.4299,7.1941,5.2334,0.0000
4,174.6009,7.1941,5.2334,0.0000
5,122.2207,7.1941,5.2334,0.0000
6,85.5545,7.1941,5.2334,0.0000
7,59.8881,7.1941,5.2334,0.0000
0,59.8881,7.1941,5.2334,0.0000
1,266.9217,7.1941,5.2334,0.0000
2,186.8452,7.1941,5.2334,0.0000
3,130.7916,7.1941,5.2334,0.0000
4,130.7916,7.1941,3.6633,0.0000
5,91.5541,7.1941,3.6633,0.0000
6,91.5541,7.1941,3.6633,0.0000
0,91.5541,7.1941,3.6633,0.0000
1,510.7879,7.1941,3.6633,0.0000
2,357.5515,7.1941,3.6633,0.0000
3,250.2861,7.1941,3.6633,0.0000
4,250.2861,5.0359,3.6633,0.0000
5,175.2002,5.0359,3.6633,0.0000
6,175.2002,3.5251,3.6633,0.0000
0,175.2002,3.5251,3.6633,0.0000
1,837.5402,3.5251,3.6633,0.0000
2,586.2781,3.5251,3.6633,0.0000
3,586.2781,2.4676,3.6633,0.0000
4,410.3947,2.4676,3.6633,0.0000
5,287.2763,2.4676,3.6633,0.0000
6,287.2763,2.4676,3.6633,0.0000
0,287.2763,2.4676,3.6633,0.0000
1,286.5934,2.4676,3.6633,0.0000
2,286.5934,1.7273,3.6633,0.0000
3,200.6154,1.7273,3.6633,0.0000
4,140.4308,1.7273,3.6633,0.0000
5,98.3015,1.7273,3.6633,0.0000
6,68.8111,1.7273,3.6633,0.0000
0,68.8111,1.7273,3.6633,0.0000
1,190.6678,1.7273,3.6633,0.0000
2,133.4674,1.7273,3.6633,0.0000
3,93.4272,1.7273,3.6633,0.0000
4,65.3990,1.7273,3.6633,0.0000
5,65.3990,1.7273,2.5643,0.0000
6,45.7793,1.7273,2.5643,0.0000
0,45.7793,1.7273,2.5643,0.0000
1,209.0455,1.7273,2.5643,0.0000
2,146.3319,1.7273,2.5643,0.0000
3,146.3319,1.7273,1.7950,0.0000
4,102.4323,1.7273,1.7950,0.0000
5,71.7026,1.7273,1.7950,0.0000
6,71.7026,1.7273,1.2565,0.0000
0,71.7026,1.7273,1.2565,0.0000
1,243.3918,1.7273,1.2565,0.0000
2,170.3743,1.7273,1.2565,0.0000
3,119.2620,1.7273,1.2565,0.0000
4,83.4834,1.7273,1.2565,0.0000
5,58.4384,1.7273,1.2565,0.0000
6,58.4384,1.7273,1.2565,0.0000
0,58.4384,1.7273,1.2565,0.0000
1,385.6069,1.7273,1.2565,0.0000
2,269.9248,1.7273,1.2565,0.0000
3,188.9474,1.7273,1.2565,0.0000
4,132.2632,1.7273,1.2565,0.0000
5,92.5842,1.7273,1.2565,0.0000
6,64.8089,1.7273,1.2565,0.0000
0,64.8089,1.7273,1.2565,0.0000
1,64.8089,1.2091,1.2565,0.0000
2,64.8089,1.2091,1.2565,0.0000
3,56.7663,1.2091,1.2565,0.0000
4,39.7364,1.2091,1.2565,0.0000
5,27.8155,1.2091,1.2565,0.0000
6,19.4708,1.2091,1.2565,0.0000
7,13.6296,1.2091,1.2565,0.0000
8,9.5407,1.2091,1.2565,0.0000
0,9.5407,1.2091,1.2565,0.0000
1,147.3785,1.2091,1.2565,0.0000
2,147.3785,0.8464,1.2565,0.0000
3,103.1649,0.8464,1.2565,0.0000
4,72.2155,0.8464,1.2565,0.0000
5,50.5508,0.8464,1.2565,0.0000
6,35.3856,0.8464,1.2565,0.0000
0,35.3856,0.8464,1.2565,0.0000
1,277.3699,0.8464,1.2565,0.0000
2,194.1589,0.8464,1.2565,0.0000
3,135.9113,0.8464,1.2565,0.0000
4,95.1379,0.8464,1.2565,0.0000
5,95.1379,0.8464,0.8796,0.0000
6,66.5965,0.8464,0.8796,0.0000
0,66.5965,0.8464,0.8796,0.0000
1,66.5965,0.8464,0.6157,0.0000
2,214.6176,0.8464,0.6157,0.0000
3,150.2323,0.8464,0.6157,0.0000
4,150.2323,0.8464,0.6157,0.0000
5,150.2323,0.8464,0.6157,0.0000
6,105.1626,0.8464,0.6157,0.0000
7,73.6138,0.8464,0.6157,0.0000
0,73.6138,0.8464,0.6157,0.0000
1,249.5297,0.8464,0.6157,0.0000
2,174.6708,0.8464,0.6157,0.0000
3,122.2695,0.8464,0.6157,0.0000
4,85.5887,0.8464,0.6157,0.0000
5,59.9121,0.8464,0.6157,0.0000
6,41.9385,0.8464,0.6157,0.0000
0,41.9385,0.8464,0.6157,0.0000
1,174.2569,0.8464,0.6157,0.0000
2,121.9798,0.8464,0.6157,0.0000
3,85.3859,0.8464,0.6157,0.0000
4,59.7701,0.8464,0.6157,0.0000
5,41.8391,0.8464,0.6157,0.0000
6,29.2874,0.8464,0.6157,0.0000
0,29.2874,0.8464,0.6157,0.0000
1,289.3012,0.8464,0.6157,0.0000
2,202.5108,0.8464,0.6157,0.0000
3,141.7576,0.8464,0.6157,0.0000
4,99.2303,0.8464,0.6157,0.0000
5,99.2303,0.8464,0.6157,0.0000
6,69.4612,0.8464,0.6157,0.0000
0,69.4612,0.8464,0.6157,0.0000
1,159.6228,0.8464,0.6157,0.0000
2,111.7360,0.8464,0.6157,0.0000
3,78.2152,0.8464,0.6157,0.0000
4,54.7506,0.8464,0.6157,0.0000
5,54.7506,0.8464,0.6157,0.0000
6,38.3254,0.8464,0.6157,0.0000
0,38.3254,0.8464,0.6157,0.0000
1,316.9278,0.8464,0.6157,0.0000
2,221.8495,0.8464,0.6157,0.0000
3,155.2946,0.8464,0.6157,0.0000
4,108.7062,0.8464,0.6157,0.0000
5,108.7062,0.8464,0.4310,0.0000
6,76.0944,0.8464,0.4310,0.0000
0,76.0944,0.8464,0.4310,0.0000
1,555.4661,0.8464,0.4310,0.0000
2,388.8262,0.8464,0.4310,0.0000
3,272.1784,0.8464,0.4310,0.0000
4,190.5249,0.8464,0.4310,0.0000
5,190.5249,0.8464,0.3017,0.0000
6,190.5249,0.8464,0.2112,0.0000
0,190.5249,0.8464,0.2112,0.0000
1,228.7674,0.8464,0.2112,0.0000
2,160.1372,0.8464,0.2112,0.0000
3,112.0960,0.8464,0.2112,0.0000
4,78.4672,0.8464,0.2112,0.0000
5,54.9271,0.8464,0.2112,0.0000
6,54.9271,32.9925,0.2112,0.0000
7,38.4489,32.9925,0.2112,0.0000
8,26.9143,32.9925,0.2112,0.0000
9,26.9143,23.0947,0.2112,0.0000
10,18.8400,23.0947,0.2112,0.0000
0,18.8400,23.0947,0.2112,0.0000
1,18.8400,28.1663,0.2112,0.0000
2,84.2880,28.1663,0.2112,0.0000
3,59.0016,28.1663,0.2112,0.0000
4,41.3011,28.1663,0.2112,0.0000
5,28.9108,28.1663,0.2112,0.0000
6,20.2375,28.1663,0.2112,0.0000
7,20.2375,19.7164,0.2112,0.0000
0,20.2375,19.7164,0.2112,0.0000
1,177.0663,19.7164,0.2112,0.0000
2,123.9464,19.7164,0.2112,0.0000
3,86.7625,19.7164,0.2112,0.0000
4,60.7337,19.7164,0.2112,0.0000
5,42.5136,19.7164,0.2112,0.0000
6,29.7595,19.7164,0.2112,0.0000
0,29.7595,19.7164,0.2112,0.0000
1,195.1317,19.7164,0.2112,0.0000
2,136.5922,19.7164,0.2112,0.0000
3,95.6145,19.7164,0.2112,0.0000
4,66.9302,19.7164,0.2112,0.0000
5,46.8511,19.7164,0.2112,0.0000
6,32.7958,19.7164,0.2112,0.0000
0,32.7958,19.7164,0.2112,0.0000
1,249.4570,19.7164,0.2112,0.0000
2,174.6199,19.7164,0.2112,0.0000
3,122.2340,19.7164,0.2112,0.0000
4,85.5638,19.7164,0.2112,0.0000
5,85.5638,19.7164,0.2112,0.0000
6,59.8946,19.7164,0.2112,0.0000
0,59.8946,19.7164,0.2112,0.0000
1,59.8946,19.7164,0.2112,0.0000
2,376.4262,19.7164,0.2112,0.0000
3,263.4984,19.7164,0.2112,0.0000
4,184.4489,19.7164,0.2112,0.0000
5,129.1142,19.7164,0.2112,0.0000
6,90.3799,19.7164,0.2112,0.0000
7,63.2660,19.7164,0.2112,0.0000
0,63.2660,19.7164,0.2112,0.0000
1,171.7862,19.7164,0.2112,0.0000
2,120.2503,19.7164,0.2112,0.0000
3,120.2503,19.7164,0.1478,0.0000
4,84.1752,19.7164,0.1478,0.0000
5,58.9227,19.7164,0.1478,0.0000
6,41.2459,19.7164,0.1478,0.0000
0,41.2459,19.7164,0.1478,0.0000
1,80.7721,19.7164,0.1478,0.0000
2,56.5405,19.7164,0.1478,0.0000
3,39.5783,19.7164,0.1478,0.0000
4,27.7048,19.7164,0.1478,0.0000
5,19.3934,19.7164,0.1478,0.0000
6,19.3934,13.8015,0.1478,0.0000
0,19.3934,13.8015,0.1478,0.0000
1,293.1754,13.8015,0.1478,0.0000
2,205.2228,13.8015,0.1478,0.0000
3,143.6559,13.8015,0.1478,0.0000
4,100.5592,13.8015,0.1478,0.0000
5,70.3914,13.8015,0.1478,0.0000
6,49.2740,13.8015,0.1478,0.0000
0,49.2740,13.8015,0.1478,0.0000
1,243.2918,13.8015,0.1478,0.0000
2,170.3043,13.8015,0.1478,0.0000
3,170.3043,13.8015,0.1478,0.0000
4,119.2130,13.8015,0.1478,0.0000
5,83.4491,13.8015,0.1478,0.0000
6,58.4144,13.8015,0.1478,0.0000
0,58.4144,13.8015,0.1478,0.0000
1,356.1901,13.8015,0.1478,0.0000
2,249.3330,13.8015,0.1478,0.0000
3,174.5331,13.8015,0.1478,0.0000
4,122.1732,13.8015,0.1478,0.0000
5,122.1732,13.8015,0.1035,0.0000
6,85.5212,13.8015,0.1035,0.0000
0,85.5212,13.8015,0.1035,0.0000
1,91.3649,13.8015,0.1035,0.0000
2,63.9554,13.8015,0.1035,0.0000
3,44.7688,13.8015,0.1035,0.0000
4,44.7688,13.8015,0.0724,0.0000
5,31.3381,13.8015,0.0724,0.0000
6,21.9367,13.8015,0.0724,0.0000
0,21.9367,13.8015,0.0724,0.0000
1,77.1557,13.8015,0.0724,0.0000
2,54.0090,13.8015,0.0724,0.0000
3,37.8063,13.8015,0.0724,0.0000
4,26.4644,13.8015,0.0724,0.0000
5,18.5251,13.8015,0.0724,0.0000
6,12.9676,13.8015,0.0724,0.0000
0,12.9676,13.8015,0.0724,0.0000
1,12.9676,250.8610,0.0724,0.0000
2,12.9676,175.6027,0.0724,0.0000
3,12.9676,122.9219,0.0724,0.0000
4,12.9676,86.0453,0.0724,0.0000
5,12.9676,60.2317,0.0724,0.0000
6,12.9676,60.2317,0.0507,0.0000
0,12.9676,60.2317,0.0507,0.0000
1,12.9676,60.2317,0.0507,0.0000
2,12.9676,109.9622,0.0507,0.0000
3,12.9676,76.9736,0.0507,0.0000
4,12.9676,53.8815,0.0507,0.0000
5,12.9676,37.7170,0.0507,0.0000
6,12.9676,26.4019,0.0507,0.0000
7,12.9676,18.4813,0.0507,0.0000
0,12.9676,18.4813,0.0507,0.0000
1,12.9676,235.5369,0.0507,0.0000
2,12.9676,164.8759,0.0507,0.0000
3,12.9676,115.4131,0.0507,0.0000
4,12.9676,80.7892,0.0507,0.0000
5,12.9676,56.5524,0.0507,0.0000
6,12.9676,39.5867,0.0507,0.0000
0,12.9676,39.5867,0.0507,0.0000
1,12.9676,27.7107,0.0507,0.0000
2,12.9676,19.3975,0.0507,0.0000
3,12.9676,13.5782,0.0507,0.0000
4,12.9676,9.5048,0.0507,0.0000
5,64.8773,9.5048,0.0507,0.0000
6,45.4141,9.5048,0.0507,0.0000
7,31.7899,9.5048,0.0507,0.0000
8,31.7899,9.5048,0.0355,0.0000
9,22.2529,9.5048,0.0355,0.0000
10,15.5770,9.5048,0.0355,0.0000
0,15.5770,9.5048,0.0355,0.0000
1,113.5039,9.5048,0.0355,0.0000
2,79.4527,9.5048,0.0355,0.0000
3,55.6169,9.5048,0.0355,0.0000
4,38.9318,9.5048,0.0355,0.0000
5,27.2523,9.5048,0.0355,0.0000
6,19.0766,9.5048,0.0355,0.0000
0,19.0766,9.5048,0.0355,0.0000
1,308.8536,9.5048,0.0355,0.0000
2,308.8536,9.5048,0.0355,0.0000
3,216.1975,9.5048,0.0355,0.0000
4,151.3383,9.5048,0.0355,0.0000
5,105.9368,9.5048,0.0355,0.0000
6,74.1558,9.5048,0.0355,0.0000
0,74.1558,9.5048,0.0355,0.0000
1,346.5090,9.5048,0.0355,0.0000
2,242.5563,9.5048,0.0355,0.0000
3,169.7894,9.5048,0.0355,0.0000
4,169.7894,9.5048,0.0248,0.0000
5,118.8526,9.5048,0.0248,0.0000
6,83.1968,9.5048,0.0248,0.0000
0,83.1968,9.5048,0.0248,0.0000
1,255.6378,9.5048,0.0248,0.0000
2,178.9464,9.5048,0.0248,0.0000
3,125.2625,9.5048,0.0248,0.0000
4,87.6838,9.5048,0.0248,0.0000
5,61.3786,9.5048,0.0248,0.0000
6,42.9650,9.5048,0.0248,0.0000
0,42.9650,9.5048,0.0248,0.0000
1,236.4755,9.5048,0.0248,0.0000
2,165.5329,9.5048,0.0248,0.0000
3,115.8730,9.5048,0.0248,0.0000
4,81.1111,9.5048,0.0248,0.0000
5,56.7778,9.5048,0.0248,0.0000
6,39.7444,9.5048,0.0248,0.0000
0,39.7444,9.5048,0.0248,0.0000
1,39.7444,35.1533,0.0248,0.0000
2,133.1211,35.1533,0.0248,0.0000
3,133.1211,24.6073,0.0248,0.0000
4,93.1848,24.6073,0.0248,0.0000
5,65.2293,24.6073,0.0248,0.0000
6,45.6605,24.6073,0.0248,0.0000
7,31.9624,24.6073,0.0248,0.0000
0,31.9624,24.6073,0.0248,0.0000
1,128.5737,24.6073,0.0248,0.0000
2,90.0016,24.6073,0.0248,0.0000
3,63.0011,24.6073,0.0248,0.0000
4,44.1008,24.6073,0.0248,0.0000
5,30.8705,24.6073,0.0248,0.0000
6,21.6094,24.6073,0.0248,0.0000
0,21.6094,24.6073,0.0248,0.0000
1,21.6094,85.6251,0.0248,0.0000
2,21.6094,59.9376,0.0248,0.0000
3,21.6094,41.9563,0.0248,0.0000
4,21.6094,29.3694,0.0248,0.0000
5,21.6094,20.5586,0.0248,0.0000
6,156.7266,20.5586,0.0248,0.0000
7,109.7086,20.5586,0.0248,0.0000
8,109.7086,20.5586,0.0248,0.0000
9,76.7960,20.5586,0.0248,0.0000
10,53.7572,20.5586,0.0248,0.0000
0,53.7572,20.5586,0.0248,0.0000
1,142.6300,20.5586,0.0248,0.0000
2,99.8410,20.5586,0.0248,0.0000
3,69.8887,20.5586,0.0248,0.0000
4,48.9221,20.5586,0.0248,0.0000
5,34.2455,20.5586,0.0248,0.0000
6,23.9718,20.5586,0.0248,0.0000
0,23.9718,20.5586,0.0248,0.0000
1,47.9803,20.5586,0.0248,0.0000
2,33.5862,20.5586,0.0248,0.0000
3,23.5103,20.5586,0.0248,0.0000
4,16.4572,20.5586,0.0248,0.0000
5,16.4572,14.3910,0.0248,0.0000
6,11.5201,14.3910,0.0248,0.0000
0,11.5201,14.3910,0.0248,0.0000
1,11.5201,126.4737,0.0248,0.0000
2,11.5201,88.5316,0.0248,0.0000
3,11.5201,61.9721,0.0248,0.0000
4,11.5201,43.3805,0.0248,0.0000
5,11.5201,30.3663,0.0248,0.0000
6,11.5201,21.2564,0.0248,0.0000
0,11.5201,21.2564,0.0248,0.0000
1,11.5201,77.2795,0.0248,0.0000
2,11.5201,54.0957,0.0248,0.0000
3,11.5201,37.8670,0.0248,0.0000
4,11.5201,37.8670,0.0248,0.0000
5,11.5201,26.5069,0.0248,0.0000
6,11.5201,18.5548,0.0248,0.0000
0,11.5201,18.5548,0.0248,0.0000
1,11.5201,16.5884,0.0248,0.0000
2,11.5201,11.6119,0.0248,0.0000
3,11.5201,8.1283,0.0248,0.0000
4,182.6640,8.1283,0.0248,0.0000
5,127.8648,8.1283,0.0248,0.0000
6,89.5054,8.1283,0.0248,0.0000
7,89.5054,8.1283,0.0174,0.0000
8,62.6538,8.1283,0.0174,0.0000
9,43.8576,8.1283,0.0174,0.0000
0,43.8576,8.1283,0.0174,0.0000
1,199.6003,8.1283,0.0174,0.0000
2,139.7202,8.1283,0.0174,0.0000
3,97.8042,8.1283,0.0174,0.0000
4,68.4629,8.1283,0.0174,0.0000
5,47.9240,8.1283,0.0174,0.0000
6,33.5468,8.1283,0.0174,0.0000
0,33.5468,8.1283,0.0174,0.0000
1,33.5468,56.3898,0.0174,0.0000
2,33.5468,39.4729,0.0174,0.0000
3,33.5468,39.4729,0.0174,0.0000
4,33.5468,39.4729,0.0122,0.0000
5,33.5468,27.6310,0.0122,0.0000
6,33.5468,27.6310,0.0122,0.0000
0,33.5468,27.6310,0.0122,0.0000
1,23.4828,27.6310,0.0122,0.0000
2,23.4828,376.9417,0.0122,0.0000
3,23.4828,263.8592,0.0122,0.0000
4,23.4828,184.7014,0.0122,0.0000
5,23.4828,129.2910,0.0122,0.0000
6,23.4828,90.5037,0.0122,0.0000
7,23.4828,63.3526,0.0122,0.0000
0,23.4828,63.3526,0.0122,0.0000
1,23.4828,371.0468,0.0122,0.0000
2,23.4828,259.7328,0.0122,0.0000
3,23.4828,181.8129,0.0122,0.0000
4,23.4828,127.2691,0.0122,0.0000
5,23.4828,89.0883,0.0122,0.0000
6,23.4828,89.0883,0.0122,0.0000
0,23.4828,89.0883,0.0122,0.0000
1,23.4828,987.5618,0.0122,0.0000
2,23.4828,987.5618,774.0085,0.0000
3,23.4828,987.5618,774.0085,0.0000
4,23.4828,909.3933,774.0085,0.0000
5,23.4828,636.5753,774.0085,0.0000
6,23.4828,636.5753,541.8060,0.0000
7,23.4828,636.5753,379.2642,0.0000
8,23.4828,445.6027,379.2642,0.0000
9,23.4828,311.9219,379.2642,0.0000
0,23.4828,311.9219,379.2642,0.0000
1,23.4828,311.9219,355.4849,0.0000
2,23.4828,311.9219,248.8394,0.0000
3,23.4828,218.3453,248.8394,0.0000
4,23.4828,218.3453,174.1876,0.0000
5,23.4828,218.3453,174.1876,0.0000
6,23.4828,152.8417,174.1876,0.0000
0,23.4828,152.8417,174.1876,0.0000
1,23.4828,152.8417,841.3313,0.0000
2,23.4828,152.8417,588.9319,0.0000
3,23.4828,152.8417,412.2524,0.0000
4,23.4828,152.8417,288.5766,0.0000
5,23.4828,152.8417,202.0037,0.0000
6,23.4828,152.8417,141.4026,0.0000
0,23.4828,152.8417,141.4026,0.0000
1,23.4828,419.2892,141.4026,0.0000
2,23.4828,293.5024,141.4026,0.0000
3,23.4828,205.4517,141.4026,0.0000
4,23.4828,143.8162,141.4026,0.0000
5,23.4828,100.6713,141.4026,0.0000
6,23.4828,100.6713,501.8818,0.0000
7,23.4828,100.6713,351.3173,0.0000
8,23.4828,100.6713,245.9221,0.0000
9,23.4828,100.6713,172.1455,0.0000
10,23.4828,100.6713,120.5018,0.0000
0,23.4828,100.6713,120.5018,0.0000
1,23.4828,100.6713,192.3513,0.0000
2,23.4828,100.6713,134.6459,0.0000
3,694.7379,100.6713,134.6459,0.0000
4,486.3166,100.6713,134.6459,0.0000
5,340.4216,100.6713,134.6459,0.0000
6,238.2951,100.6713,134.6459,0.0000
7,166.8066,100.6713,134.6459,0.0000
8,116.7646,100.6713,134.6459,0.0000
0,116.7646,100.6713,134.6459,0.0000
1,116.7646,100.6713,325.8521,0.0000
2,116.7646,100.6713,325.8521,0.0000
3,116.7646,100.6713,228.0965,0.0000
4,116.7646,100.6713,159.6675,0.0000
5,116.7646,100.6713,111.7673,0.0000
6,85.9352,100.6713,111.7673,0.0000
7,85.9352,100.6713,78.2371,0.0000
8,85.9352,89.9699,78.2371,0.0000
9,85.9352,62.9790,78.2371,0.0000
10,61.9547,62.9790,78.2371,0.0000
0,61.9547,62.9790,78.2371,0.0000
1,61.9547,62.9790,54.7660,0.0000
2,61.9547,44.0853,54.7660,0.0000
3,102.7683,44.0853,54.7660,0.0000
4,102.7683,30.8597,54.7660,0.0000
5,71.9378,30.8597,54.7660,0.0000
6,50.3564,30.8597,54.7660,0.0000
7,50.3564,30.8597,38.3362,0.0000
8,35.2495,30.8597,38.3362,0.0000
0,35.2495,30.8597,38.3362,0.0000
1,35.2495,30.8597,234.7353,0.0000
2,35.2495,30.8597,234.7353,0.0000
3,162.0747,30.8597,234.7353,0.0000
4,162.0747,30.8597,164.3147,0.0000
5,162.0747,30.8597,115.0203,0.0000
6,113.4523,30.8597,115.0203,0.0000
7,113.4523,30.8597,80.5142,0.0000
8,79.4166,30.8597,80.5142,0.0000
0,79.4166,30.8597,80.5142,0.0000
1,79.4166,30.8597,254.3600,0.0000
2,79.4166,30.8597,178.0520,0.0000
3,79.4166,30.8597,124.6364,0.0000
4,79.4166,30.8597,87.2455,0.0000
5,79.4166,30.8597,61.0718,0.0000
6,234.6916,30.8597,61.0718,0.0000
7,234.6916,21.6018,61.0718,0.0000
8,164.2841,21.6018,61.0718,0.0000
9,114.9989,21.6018,61.0718,0.0000
10,114.9989,21.6018,61.0718,0.0000
0,114.9989,21.6018,61.0718,0.0000
1,114.9989,21.6018,61.0718,0.0000
2,517.8992,21.6018,61.0718,0.0000
3,362.5295,21.6018,61.0718,0.0000
4,253.7706,21.6018,61.0718,0.0000
5,253.7706,21.6018,61.0718,0.0000
6,253.7706,21.6018,61.0718,0.0000
7,177.6394,21.6018,61.0718,0.0000
0,177.6394,21.6018,61.0718,0.0000
1,817.0476,21.6018,61.0718,0.0000
2,571.9333,21.6018,61.0718,0.0000
3,400.3533,21.6018,61.0718,0.0000
4,400.3533,21.6018,42.7503,0.0000
5,280.2473,21.6018,42.7503,0.0000
6,196.1731,21.6018,42.7503,0.0000
0,196.1731,21.6018,42.7503,0.0000
1,196.1731,21.6018,168.5252,0.0000
2,137.3212,21.6018,168.5252,0.0000
3,137.3212,21.6018,117.9676,0.0000
4,96.1248,21.6018,117.9676,0.0000
5,96.1248,21.6018,82.5773,0.0000
6,96.1248,21.6018,57.8041,0.0000
0,96.1248,21.6018,57.8041,0.0000
1,358.2874,21.6018,57.8041,0.0000
2,250.8012,21.6018,57.8041,0.0000
3,175.5608,21.6018,57.8041,0.0000
4,122.8926,21.6018,57.8041,0.0000
5,122.8926,21.6018,57.8041,0.0000
6,86.0248,21.6018,57.8041,0.0000
0,86.0248,21.6018,57.8041,0.0000
1,86.0248,21.6018,57.8041,0.0000
2,431.6174,21.6018,57.8041,0.0000
3,302.1322,21.6018,57.8041,0.0000
4,211.4925,21.6018,57.8041,0.0000
5,148.0448,21.6018,57.8041,0.0000
6,103.6313,21.6018,57.8041,0.0000
7,72.5419,21.6018,57.8041,0.0000
0,72.5419,21.6018,57.8041,0.0000
1,491.7794,21.6018,57.8041,0.0000
2,344.2455,21.6018,57.8041,0.0000
3,240.9719,21.6018,57.8041,0.0000
4,168.6803,21.6018,57.8041,0.0000
5,118.0762,21.6018,57.8041,0.0000
6,82.6534,21.6018,57.8041,0.0000
0,82.6534,21.6018,57.8041,0.0000
1,611.3573,21.6018,57.8041,0.0000
2,427.9501,21.6018,57.8041,0.0000
3,299.5651,21.6018,57.8041,0.0000
4,209.6956,21.6018,57.8041,0.0000
5,146.7869,21.6018,57.8041,0.0000
6,102.7508,21.6018,57.8041,0.0000
0,102.7508,21.6018,57.8041,0.0000
1,194.9256,21.6018,57.8041,0.0000
2,136.4479,21.6018,57.8041,0.0000
3,136.4479,21.6018,40.4629,0.0000
4,95.5135,21.6018,40.4629,0.0000
5,66.8595,21.6018,40.4629,0.0000
6,46.8016,21.6018,40.4629,0.0000
0,46.8016,21.6018,40.4629,0.0000
1,288.3611,21.6018,40.4629,0.0000
2,288.3611,21.6018,40.4629,0.0000
3,201.8528,21.6018,40.4629,0.0000
4,141.2970,21.6018,40.4629,0.0000
5,98.9079,21.6018,40.4629,0.0000
6,69.2355,21.6018,40.4629,0.0000
0,69.2355,21.6018,40.4629,0.0000
1,69.2355,280.9212,40.4629,0.0000
2,69.2355,196.6449,40.4629,0.0000
3,69.2355,137.6514,40.4629,0.0000
4,69.2355,96.3560,40.4629,0.0000
5,69.2355,96.3560,28.3240,0.0000
6,69.2355,67.4492,28.3240,0.0000
0,69.2355,67.4492,28.3240,0.0000
1,870.7649,67.4492,28.3240,0.0000
2,609.5354,67.4492,28.3240,0.0000
3,426.6748,67.4492,28.3240,0.0000
4,298.6723,67.4492,28.3240,0.0000
5,209.0706,67.4492,28.3240,0.0000
6,146.3494,67.4492,28.3240,0.0000
0,146.3494,67.4492,28.3240,0.0000
1,194.2446,67.4492,28.3240,0.0000
2,135.9712,67.4492,28.3240,0.0000
3,95.1799,67.4492,28.3240,0.0000
4,95.1799,79.0144,28.3240,0.0000
5,70.2259,79.0144,28.3240,0.0000
6,70.2259,55.3101,28.3240,0.0000
7,49.1581,55.3101,28.3240,0.0000
8,49.1581,38.7171,28.3240,0.0000
9,34.4107,38.7171,28.3240,0.0000
10,34.4107,27.1020,28.3240,0.0000
0,34.4107,27.1020,28.3240,0.0000
1,135.6875,27.1020,28.3240,0.0000
2,94.9812,27.1020,28.3240,0.0000
3,66.4869,27.1020,28.3240,0.0000
4,46.5408,27.1020,28.3240,0.0000
5,46.5408,18.9714,28.3240,0.0000
6,32.5786,18.9714,28.3240,0.0000
0,32.5786,18.9714,28.3240,0.0000
1,504.6050,18.9714,28.3240,0.0000
2,353.2235,18.9714,28.3240,0.0000
3,247.2564,18.9714,28.3240,0.0000
4,173.0795,18.9714,28.3240,0.0000
5,173.0795,18.9714,28.3240,0.0000
6,121.1557,18.9714,28.3240,0.0000
0,121.1557,18.9714,28.3240,0.0000
1,461.6090,18.9714,28.3240,0.0000
2,461.6090,18.9714,28.3240,0.0000
3,323.1263,18.9714,28.3240,0.0000
4,226.1884,18.9714,28.3240,0.0000
5,158.3319,18.9714,28.3240,0.0000
6,110.8323,18.9714,28.3240,0.0000
0,110.8323,18.9714,28.3240,0.0000
1,531.1826,18.9714,28.3240,0.0000
2,371.8278,18.9714,28.3240,0.0000
3,260.2795,18.9714,28.3240,0.0000
4,260.2795,18.9714,28.3240,0.0000
5,182.1956,18.9714,28.3240,0.0000
6,182.1956,18.9714,28.3240,0.0000
0,182.1956,18.9714,28.3240,0.0000
1,1089.9369,18.9714,28.3240,0.0000
2,762.9559,18.9714,28.3240,0.0000
3,534.0691,18.9714,28.3240,0.0000
4,373.8484,18.9714,28.3240,0.0000
5,261.6939,18.9714,28.3240,0.0000
6,261.6939,18.9714,28.3240,0.0000
0,261.6939,18.9714,28.3240,0.0000
1,261.6939,18.9714,28.3240,0.0000
2,430.6857,18.9714,28.3240,0.0000
3,301.4800,18.9714,28.3240,0.0000
4,301.4800,13.2800,28.3240,0.0000
5,211.0360,13.2800,28.3240,0.0000
6,147.7252,13.2800,28.3240,0.0000
7,147.7252,13.2800,28.3240,0.0000
0,147.7252,13.2800,28.3240,0.0000
1,473.0076,13.2800,28.3240,0.0000
2,331.1053,13.2800,28.3240,0.0000
3,231.7737,13.2800,28.3240,0.0000
4,162.2416,13.2800,28.3240,0.0000
5,113.5691,13.2800,28.3240,0.0000
6,79.4984,13.2800,28.3240,0.0000
0,79.4984,13.2800,28.3240,0.0000
1,693.7489,13.2800,28.3240,0.0000
2,485.6242,13.2800,28.3240,0.0000
3,339.9369,13.2800,28.3240,0.0000
4,237.9559,13.2800,28.3240,0.0000
5,166.5691,13.2800,28.3240,0.0000
6,116.5984,13.2800,28.3240,0.0000
0,116.5984,13.2800,28.3240,0.0000
1,116.5984,13.2800,28.3240,0.0000
2,202.2189,13.2800,28.3240,0.0000
3,141.5532,13.2800,28.3240,0.0000
4,99.0872,13.2800,28.3240,0.0000
5,69.3611,13.2800,28.3240,0.0000
6,48.5527,13.2800,28.3240,0.0000
7,33.9869,13.2800,28.3240,0.0000
0,33.9869,13.2800,28.3240,0.0000
1,386.1908,13.2800,28.3240,0.0000
2,270.3336,13.2800,28.3240,0.0000
3,189.2335,13.2800,28.3240,0.0000
4,132.4635,13.2800,28.3240,0.0000
5,92.7244,13.2800,28.3240,0.0000
6,64.9071,13.2800,28.3240,0.0000
0,64.9071,13.2800,28.3240,0.0000
1,371.5350,13.2800,28.3240,0.0000
2,260.0745,13.2800,28.3240,0.0000
3,182.0521,13.2800,28.3240,0.0000
4,127.4365,13.2800,28.3240,0.0000
5,89.2055,13.2800,28.3240,0.0000
6,62.4439,13.2800,28.3240,0.0000
0,62.4439,13.2800,28.3240,0.0000
1,62.4439,253.4960,28.3240,0.0000
2,62.4439,177.4472,28.3240,0.0000
3,62.4439,124.2130,28.3240,0.0000
4,62.4439,124.2130,28.3240,0.0000
5,62.4439,86.9491,28.3240,0.0000
6,62.4439,60.8644,28.3240,0.0000
0,62.4439,60.8644,28.3240,0.0000
1,497.3107,60.8644,28.3240,0.0000
2,348.1175,60.8644,28.3240,0.0000
3,243.6823,60.8644,28.3240,0.0000
4,243.6823,60.8644,69.0268,0.0000
5,186.7776,60.8644,69.0268,0.0000
6,130.7443,60.8644,69.0268,0.0000
7,91.5210,60.8644,69.0268,0.0000
8,64.0647,60.8644,69.0268,0.0000
9,64.0647,60.8644,48.3188,0.0000
10,44.8453,60.8644,48.3188,0.0000
0,44.8453,60.8644,48.3188,0.0000
1,44.8453,52.2051,48.3188,0.0000
2,44.8453,52.2051,48.3188,0.0000
3,44.8453,36.5435,48.3188,0.0000
4,44.8453,36.5435,111.8231,0.0000
5,44.8453,36.5435,78.2762,0.0000
6,44.8453,36.5435,54.7933,0.0000
7,44.8453,36.5435,38.3553,0.0000
8,37.9917,36.5435,38.3553,0.0000
9,37.9917,36.5435,26.8487,0.0000
10,26.5942,36.5435,26.8487,0.0000
0,26.5942,36.5435,26.8487,0.0000
1,26.5942,149.7805,26.8487,0.0000
2,26.5942,104.8463,26.8487,0.0000
3,26.5942,73.3924,26.8487,0.0000
4,26.5942,51.3747,26.8487,0.0000
5,26.5942,35.9623,26.8487,0.0000
6,26.5942,25.1736,26.8487,0.0000
0,26.5942,25.1736,26.8487,0.0000
1,26.5942,25.1736,191.5941,0.0000
2,26.5942,25.1736,134.1159,0.0000
3,26.5942,25.1736,93.8811,0.0000
4,26.5942,25.1736,65.7168,0.0000
5,26.5942,25.1736,46.0017,0.0000
6,26.5942,25.1736,32.2012,0.0000
0,26.5942,25.1736,32.2012,0.0000
1,26.5942,25.1736,141.9409,0.0000
2,26.5942,25.1736,99.3586,0.0000
3,26.5942,25.1736,99.3586,0.0000
4,26.5942,25.1736,69.5510,0.0000
5,26.5942,22.1215,69.5510,0.0000
6,26.5942,22.1215,48.6857,0.0000
7,26.5942,22.1215,34.0800,0.0000
8,63.9159,22.1215,34.0800,0.0000
9,44.7412,22.1215,34.0800,0.0000
10,31.3188,22.1215,34.0800,0.0000
0,31.3188,22.1215,34.0800,0.0000
1,31.3188,22.1215,34.0800,0.0000
2,108.3232,22.1215,34.0800,0.0000
3,75.8262,22.1215,34.0800,0.0000
4,75.8262,22.1215,34.0800,0.0000
5,75.8262,15.4851,34.0800,0.0000
6,53.0784,15.4851,34.0800,0.0000
7,37.1548,15.4851,34.0800,0.0000
0,37.1548,15.4851,34.0800,0.0000
1,504.5084,15.4851,34.0800,0.0000
2,353.1559,15.4851,34.0800,0.0000
3,247.2091,15.4851,34.0800,0.0000
4,173.0464,15.4851,34.0800,0.0000
5,121.1325,15.4851,34.0800,0.0000
6,84.7927,15.4851,34.0800,0.0000
0,84.7927,15.4851,34.0800,0.0000
1,600.8549,15.4851,34.0800,0.0000
2,420.5984,15.4851,34.0800,0.0000
3,294.4189,15.4851,34.0800,0.0000
4,206.0932,15.4851,34.0800,0.0000
5,206.0932,10.8395,34.0800,0.0000
6,144.2653,10.8395,34.0800,0.0000
0,144.2653,10.8395,34.0800,0.0000
1,901.0857,10.8395,34.0800,0.0000
2,630.7600,10.8395,34.0800,0.0000
3,441.5320,10.8395,34.0800,0.0000
4,441.5320,10.8395,23.8560,0.0000
5,309.0724,10.8395,23.8560,0.0000
6,216.3507,10.8395,23.8560,0.0000
0,216.3507,10.8395,23.8560,0.0000
1,807.5455,10.8395,23.8560,0.0000
2,565.2818,10.8395,23.8560,0.0000
3,565.2818,10.8395,16.6992,0.0000
4,395.6973,10.8395,16.6992,0.0000
5,395.6973,10.8395,16.6992,0.0000
6,276.9881,10.8395,16.6992,0.0000
0,276.9881,10.8395,16.6992,0.0000
1,463.8917,10.8395,16.6992,0.0000
2,324.7242,10.8395,16.6992,0.0000
3,227.3069,10.8395,16.6992,0.0000
4,159.1148,10.8395,16.6992,0.0000
5,111.3804,10.8395,16.6992,0.0000
6,77.9663,10.8395,16.6992,0.0000
0,77.9663,10.8395,16.6992,0.0000
1,211.7764,10.8395,16.6992,0.0000
2,211.7764,10.8395,11.6894,0.0000
3,148.2435,10.8395,11.6894,0.0000
4,103.7704,10.8395,11.6894,0.0000
5,103.7704,10.8395,8.1826,0.0000
6,72.6393,10.8395,8.1826,0.0000
0,72.6393,10.8395,8.1826,0.0000
1,456.4475,10.8395,8.1826,0.0000
2,319.5133,10.8395,8.1826,0.0000
3,223.6593,10.8395,8.1826,0.0000
4,156.5615,10.8395,8.1826,0.0000
5,156.5615,7.5877,8.1826,0.0000
6,109.5930,7.5877,8.1826,0.0000
0,109.5930,7.5877,8.1826,0.0000
1,627.8151,7.5877,8.1826,0.0000
2,439.4706,7.5877,8.1826,0.0000
3,439.4706,5.3114,8.1826,0.0000
4,307.6294,5.3114,8.1826,0.0000
5,215.3406,5.3114,8.1826,0.0000
6,150.7384,5.3114,8.1826,0.0000
0,150.7384,5.3114,8.1826,0.0000
1,150.7384,622.3180,8.1826,0.0000
2,150.7384,622.3180,5.7278,0.0000
3,150.7384,435.6226,5.7278,0.0000
4,150.7384,304.9358,5.7278,0.0000
5,150.7384,213.4551,5.7278,0.0000
6,150.7384,149.4185,5.7278,0.0000
0,150.7384,149.4185,5.7278,0.0000
1,150.7384,149.4185,5.7278,0.0000
2,214.7169,149.4185,5.7278,0.0000
3,150.3018,149.4185,5.7278,0.0000
4,150.3018,149.4185,4.0095,0.0000
5,105.2113,149.4185,4.0095,0.0000
6,105.2113,104.5930,4.0095,0.0000
7,73.6479,104.5930,4.0095,0.0000
0,73.6479,104.5930,4.0095,0.0000
1,73.6479,90.0151,4.0095,0.0000
2,73.6479,63.0106,4.0095,0.0000
3,167.9535,63.0106,4.0095,0.0000
4,117.5675,63.0106,4.0095,0.0000
5,117.5675,44.1074,4.0095,0.0000
6,82.2972,44.1074,4.0095,0.0000
7,57.6081,44.1074,4.0095,0.0000
8,40.3256,44.1074,4.0095,0.0000
0,40.3256,44.1074,4.0095,0.0000
1,40.3256,163.4752,4.0095,0.0000
2,40.3256,114.4326,4.0095,0.0000
3,40.3256,80.1028,4.0095,0.0000
4,40.3256,56.0720,4.0095,0.0000
5,40.3256,39.2504,4.0095,0.0000
6,524.4279,39.2504,4.0095,0.0000
7,524.4279,39.2504,2.8066,0.0000
8,367.0996,39.2504,2.8066,0.0000
9,256.9697,39.2504,2.8066,0.0000
10,179.8788,39.2504,2.8066,0.0000
0,179.8788,39.2504,2.8066,0.0000
1,404.9152,39.2504,2.8066,0.0000
2,404.9152,39.2504,2.8066,0.0000
3,283.4406,39.2504,2.8066,0.0000
4,198.4084,39.2504,2.8066,0.0000
5,198.4084,39.2504,2.8066,0.0000
6,138.8859,39.2504,2.8066,0.0000
0,138.8859,39.2504,2.8066,0.0000
1,138.8859,39.2504,322.3646,0.0000
2,138.8859,39.2504,225.6553,0.0000
3,138.8859,39.2504,157.9587,0.0000
4,138.8859,39.2504,110.5711,0.0000
5,181.2201,39.2504,110.5711,0.0000
6,181.2201,39.2504,77.3998,0.0000
7,126.8541,39.2504,77.3998,0.0000
8,88.7979,39.2504,77.3998,0.0000
9,62.1585,39.2504,77.3998,0.0000
10,62.1585,39.2504,54.1798,0.0000
0,62.1585,39.2504,54.1798,0.0000
1,451.5110,39.2504,54.1798,0.0000
2,316.0577,39.2504,54.1798,0.0000
3,221.2404,39.2504,54.1798,0.0000
4,154.8683,39.2504,54.1798,0.0000
5,108.4078,39.2504,54.1798,0.0000
6,75.8854,39.2504,54.1798,0.0000
0,75.8854,39.2504,54.1798,0.0000
1,651.0198,39.2504,54.1798,0.0000
2,455.7139,39.2504,54.1798,0.0000
3,318.9997,39.2504,54.1798,0.0000
4,223.2998,39.2504,54.1798,0.0000
5,223.2998,27.4753,54.1798,0.0000
6,223.2998,27.4753,37.9259,0.0000
0,223.2998,27.4753,37.9259,0.0000
1,1076.4099,27.4753,37.9259,0.0000
2,1076.4099,19.2327,37.9259,0.0000
3,753.4869,19.2327,37.9259,0.0000
4,527.4408,19.2327,37.9259,0.0000
5,369.2086,19.2327,37.9259,0.0000
6,258.4460,19.2327,37.9259,0.0000
0,258.4460,19.2327,37.9259,0.0000
1,258.4460,19.2327,37.9259,0.0000
2,202.5122,19.2327,37.9259,0.0000
3,141.7585,19.2327,37.9259,0.0000
4,99.2310,19.2327,37.9259,0.0000
5,69.4617,19.2327,37.9259,0.0000
6,48.6232,19.2327,37.9259,0.0000
7,34.0362,19.2327,37.9259,0.0000
0,34.0362,19.2327,37.9259,0.0000
1,34.0362,19.2327,119.5481,0.0000
2,34.0362,19.2327,83.6837,0.0000
3,34.0362,19.2327,58.5786,0.0000
4,34.0362,19.2327,41.0050,0.0000
5,34.0362,19.2327,28.7035,0.0000
6,99.4254,19.2327,28.7035,0.0000
7,69.5978,19.2327,28.7035,0.0000
8,48.7184,19.2327,28.7035,0.0000
9,34.1029,19.2327,28.7035,0.0000
10,23.8720,19.2327,28.7035,0.0000
0,23.8720,19.2327,28.7035,0.0000
1,23.8720,269.0629,28.7035,0.0000
2,23.8720,188.3440,28.7035,0.0000
3,23.8720,131.8408,28.7035,0.0000
4,23.8720,92.2886,28.7035,0.0000
5,23.8720,64.6020,28.7035,0.0000
6,23.8720,45.2214,28.7035,0.0000
0,23.8720,45.2214,28.7035,0.0000
1,23.8720,583.6550,28.7035,0.0000
2,23.8720,408.5585,28.7035,0.0000
3,23.8720,408.5585,20.0925,0.0000
4,23.8720,408.5585,20.0925,0.0000
5,23.8720,285.9909,20.0925,0.0000
6,23.8720,200.1937,20.0925,0.0000
0,23.8720,200.1937,20.0925,0.0000
1,23.8720,498.0356,20.0925,0.0000
2,432.2104,498.0356,20.0925,0.0000
3,432.2104,352.2249,20.0925,0.0000
4,364.3473,352.2249,20.0925,0.0000
5,255.0431,352.2249,20.0925,0.0000
6,255.0431,246.5574,20.0925,0.0000
7,178.5302,246.5574,20.0925,0.0000
8,178.5302,172.5902,20.0925,0.0000
9,124.9711,172.5902,20.0925,0.0000
0,124.9711,172.5902,20.0925,0.0000
1,124.9711,228.2131,20.0925,0.0000
2,124.9711,159.7492,20.0925,0.0000
3,124.9711,111.8244,20.0925,0.0000
4,311.2798,111.8244,20.0925,0.0000
5,217.8958,111.8244,20.0925,0.0000
6,152.5271,111.8244,20.0925,0.0000
7,106.7690,111.8244,20.0925,0.0000
8,106.7690,111.8244,53.6647,0.0000
9,106.7690,80.0771,53.6647,0.0000
10,78.6383,80.0771,53.6647,0.0000
0,78.6383,80.0771,53.6647,0.0000
1,78.6383,104.9540,53.6647,0.0000
2,78.6383,73.4678,53.6647,0.0000
3,139.3468,73.4678,53.6647,0.0000
4,97.5428,73.4678,53.6647,0.0000
5,68.2799,73.4678,53.6647,0.0000
6,47.7960,73.4678,53.6647,0.0000
7,47.7960,51.4274,53.6647,0.0000
8,33.4572,51.4274,53.6647,0.0000
0,33.4572,51.4274,53.6647,0.0000
1,33.4572,51.4274,37.5653,0.0000
2,33.4572,35.9992,37.5653,0.0000
3,33.4572,35.9992,26.2957,0.0000
4,33.4572,35.9992,18.4070,0.0000
5,33.4572,25.1994,18.4070,0.0000
0,33.4572,25.1994,18.4070,0.0000
1,97.8200,25.1994,18.4070,0.0000
2,68.4740,25.1994,18.4070,0.0000
3,47.9318,25.1994,18.4070,0.0000
4,33.5523,25.1994,18.4070,0.0000
5,33.5523,25.1994,18.4070,0.0000
6,23.4866,25.1994,18.4070,0.0000
0,23.4866,25.1994,18.4070,0.0000
1,23.4866,165.5396,18.4070,0.0000
2,23.4866,115.8777,18.4070,0.0000
3,23.4866,81.1144,18.4070,0.0000
4,23.4866,56.7801,18.4070,0.0000
5,23.4866,39.7461,18.4070,0.0000
6,23.4866,27.8222,18.4070,0.0000
0,23.4866,27.8222,18.4070,0.0000
1,23.4866,22.4756,18.4070,0.0000
2,202.7406,22.4756,18.4070,0.0000
3,141.9184,22.4756,18.4070,0.0000
4,99.3429,22.4756,18.4070,0.0000
5,99.3429,15.7329,18.4070,0.0000
6,69.5400,15.7329,18.4070,0.0000
7,48.6780,15.7329,18.4070,0.0000
0,48.6780,15.7329,18.4070,0.0000
1,48.6780,15.7329,103.1849,0.0000
2,48.6780,15.7329,72.2294,0.0000
3,48.6780,15.7329,50.5606,0.0000
4,48.6780,15.7329,35.3924,0.0000
5,48.6780,15.7329,35.3924,0.0000
6,37.0746,15.7329,35.3924,0.0000
7,25.9522,15.7329,35.3924,0.0000
8,25.9522,12.8130,35.3924,0.0000
9,25.9522,12.8130,25.9747,0.0000
10,25.9522,12.8130,18.1823,0.0000
0,25.9522,12.8130,18.1823,0.0000
1,128.5666,12.8130,18.1823,0.0000
2,128.5666,8.9691,18.1823,0.0000
3,89.9966,8.9691,18.1823,0.0000
4,89.9966,6.2784,18.1823,0.0000
5,62.9976,6.2784,18.1823,0.0000
6,44.0983,6.2784,18.1823,0.0000
0,44.0983,6.2784,18.1823,0.0000
1,387.2688,6.2784,18.1823,0.0000
2,271.0882,6.2784,18.1823,0.0000
3,189.7617,6.2784,18.1823,0.0000
4,132.8332,6.2784,18.1823,0.0000
5,92.9832,6.2784,18.1823,0.0000
6,65.0883,6.2784,18.1823,0.0000
0,65.0883,6.2784,18.1823,0.0000
1,426.8618,6.2784,18.1823,0.0000
2,298.8033,6.2784,18.1823,0.0000
3,209.1623,6.2784,18.1823,0.0000
4,146.4136,6.2784,18.1823,0.0000
5,102.4895,6.2784,18.1823,0.0000
6,71.7427,6.2784,18.1823,0.0000
0,71.7427,6.2784,18.1823,0.0000
1,532.3199,6.2784,18.1823,0.0000
2,372.6239,6.2784,18.1823,0.0000
3,260.8367,6.2784,18.1823,0.0000
4,182.5857,6.2784,18.1823,0.0000
5,127.8100,6.2784,18.1823,0.0000
6,89.4670,6.2784,18.1823,0.0000
0,89.4670,6.2784,18.1823,0.0000
1,119.3269,6.2784,18.1823,0.0000
2,83.5288,6.2784,18.1823,0.0000
3,58.4702,6.2784,18.1823,0.0000
4,40.9291,6.2784,18.1823,0.0000
5,28.6504,6.2784,18.1823,0.0000
6,20.0553,6.2784,18.1823,0.0000
0,20.0553,6.2784,18.1823,0.0000
1,302.0387,6.2784,18.1823,0.0000
2,211.4271,6.2784,18.1823,0.0000
3,147.9990,6.2784,18.1823,0.0000
4,103.5993,6.2784,18.1823,0.0000
5,72.5195,6.2784,18.1823,0.0000
6,50.7636,6.2784,18.1823,0.0000
0,50.7636,6.2784,18.1823,0.0000
1,157.3345,6.2784,18.1823,0.0000
2,110.1342,6.2784,18.1823,0.0000
3,110.1342,4.3949,18.1823,0.0000
4,77.0939,4.3949,18.1823,0.0000
5,53.9658,4.3949,18.1823,0.0000
6,37.7760,4.3949,18.1823,0.0000
0,37.7760,4.3949,18.1823,0.0000
1,415.8432,4.3949,18.1823,0.0000
2,291.0903,4.3949,18.1823,0.0000
3,203.7632,4.3949,18.1823,0.0000
4,142.6342,4.3949,18.1823,0.0000
5,99.8440,4.3949,18.1823,0.0000
6,69.8908,4.3949,18.1823,0.0000
0,69.8908,4.3949,18.1823,0.0000
1,359.4235,4.3949,18.1823,0.0000
2,251.5965,4.3949,18.1823,0.0000
3,176.1175,4.3949,18.1823,0.0000
4,123.2823,4.3949,18.1823,0.0000
5,123.2823,4.3949,12.7276,0.0000
6,86.2976,4.3949,12.7276,0.0000
0,86.2976,4.3949,12.7276,0.0000
1,220.9083,4.3949,12.7276,0.0000
2,154.6358,4.3949,12.7276,0.0000
3,108.2451,4.3949,12.7276,0.0000
4,75.7716,4.3949,12.7276,0.0000
5,53.0401,4.3949,12.7276,0.0000
6,37.1281,4.3949,12.7276,0.0000
0,37.1281,4.3949,12.7276,0.0000
1,37.1281,4.3949,351.5093,0.0000
2,37.1281,4.3949,246.0565,0.0000
3,37.1281,4.3949,172.2396,0.0000
4,37.1281,4.3949,120.5677,0.0000
5,37.1281,4.3949,84.3974,0.0000
6,37.1281,4.3949,59.0782,0.0000
0,37.1281,4.3949,59.0782,0.0000
1,37.1281,4.3949,298.7547,0.0000
2,37.1281,4.3949,209.1283,0.0000
3,37.1281,4.3949,146.3898,0.0000
4,37.1281,4.3949,102.4729,0.0000
5,37.1281,4.3949,71.7310,0.0000
6,37.1281,4.3949,50.2117,0.0000
0,37.1281,4.3949,50.2117,0.0000
1,37.1281,4.3949,35.1482,0.0000
2,114.1896,4.3949,35.1482,0.0000
3,79.9327,4.3949,35.1482,0.0000
4,79.9327,4.3949,24.6037,0.0000
5,55.9529,4.3949,24.6037,0.0000
6,39.1670,4.3949,24.6037,0.0000
7,27.4169,4.3949,24.6037,0.0000
0,27.4169,4.3949,24.6037,0.0000
1,191.9919,4.3949,24.6037,0.0000
2,134.3943,4.3949,24.6037,0.0000
3,94.0760,4.3949,24.6037,0.0000
4,65.8532,4.3949,24.6037,0.0000
5,46.0972,4.3949,24.6037,0.0000
6,46.0972,4.3949,24.6037,0.0000
0,46.0972,4.3949,24.6037,0.0000
1,46.0972,4.3949,278.2226,0.0000
2,46.0972,4.3949,194.7558,0.0000
3,46.0972,4.3949,136.3291,0.0000
4,46.0972,4.3949,95.4304,0.0000
5,41.5681,4.3949,95.4304,0.0000
6,41.5681,4.3949,66.8012,0.0000
7,41.5681,4.3949,46.7609,0.0000
8,41.5681,4.3949,32.7326,0.0000
9,29.0976,4.3949,32.7326,0.0000
10,29.0976,4.3949,22.9128,0.0000
0,29.0976,4.3949,22.9128,0.0000
1,284.3684,4.3949,22.9128,0.0000
2,199.0578,4.3949,22.9128,0.0000
3,199.0578,4.3949,16.0390,0.0000
4,139.3405,4.3949,16.0390,0.0000
5,97.5383,4.3949,16.0390,0.0000
6,68.2768,4.3949,16.0390,0.0000
0,68.2768,4.3949,16.0390,0.0000
1,339.3938,4.3949,16.0390,0.0000
2,237.5757,4.3949,16.0390,0.0000
3,166.3030,4.3949,16.0390,0.0000
4,116.4121,4.3949,16.0390,0.0000
5,81.4884,4.3949,16.0390,0.0000
6,81.4884,4.3949,11.2273,0.0000
0,81.4884,4.3949,11.2273,0.0000
1,341.4419,4.3949,11.2273,0.0000
2,239.0093,4.3949,11.2273,0.0000
3,167.3065,4.3949,11.2273,0.0000
4,117.1146,4.3949,11.2273,0.0000
5,81.9802,4.3949,11.2273,0.0000
6,81.9802,4.3949,11.2273,0.0000
0,81.9802,4.3949,11.2273,0.0000
1,476.7861,4.3949,11.2273,0.0000
2,333.7503,4.3949,11.2273,0.0000
3,233.6252,4.3949,11.2273,0.0000
4,163.5376,4.3949,11.2273,0.0000
5,114.4764,4.3949,11.2273,0.0000
6,80.1334,4.3949,11.2273,0.0000
0,80.1334,4.3949,11.2273,0.0000
1,470.0934,4.3949,11.2273,0.0000
2,329.0654,4.3949,11.2273,0.0000
3,329.0654,4.3949,11.2273,0.0000
4,230.3458,4.3949,11.2273,0.0000
5,161.2420,4.3949,11.2273,0.0000
6,112.8694,4.3949,11.2273,0.0000
0,112.8694,4.3949,11.2273,0.0000
1,593.8086,4.3949,11.2273,0.0000
2,415.6660,4.3949,11.2273,0.0000
3,290.9662,4.3949,11.2273,0.0000
4,203.6763,4.3949,11.2273,0.0000
5,142.5734,4.3949,11.2273,0.0000
6,99.8014,4.3949,11.2273,0.0000
0,99.8014,4.3949,11.2273,0.0000
1,360.2610,4.3949,11.2273,0.0000
2,252.1827,4.3949,11.2273,0.0000
3,176.5279,4.3949,11.2273,0.0000
4,176.5279,3.0764,11.2273,0.0000
5,176.5279,3.0764,7.8591,0.0000
6,176.5279,3.0764,5.5014,0.0000
0,176.5279,3.0764,5.5014,0.0000
1,423.8695,3.0764,5.5014,0.0000
2,423.8695,3.0764,3.8510,0.0000
3,296.7087,3.0764,3.8510,0.0000
4,207.6961,3.0764,3.8510,0.0000
5,145.3872,3.0764,3.8510,0.0000
6,101.7711,3.0764,3.8510,0.0000
0,101.7711,3.0764,3.8510,0.0000
1,500.8398,3.0764,3.8510,0.0000
2,350.5878,3.0764,3.8510,0.0000
3,245.4115,3.0764,3.8510,0.0000
4,171.7880,3.0764,3.8510,0.0000
5,171.7880,2.1535,3.8510,0.0000
6,120.2516,2.1535,3.8510,0.0000
0,120.2516,2.1535,3.8510,0.0000
1,120.2516,2.1535,3.8510,0.0000
2,222.1761,2.1535,3.8510,0.0000
3,155.5233,2.1535,3.8510,0.0000
4,108.8663,2.1535,3.8510,0.0000
5,76.2064,2.1535,3.8510,0.0000
6,76.2064,2.1535,3.8510,0.0000
7,53.3445,2.1535,3.8510,0.0000
0,53.3445,2.1535,3.8510,0.0000
1,874.9411,2.1535,3.8510,0.0000
2,612.4588,2.1535,3.8510,0.0000
3,428.7212,2.1535,3.8510,0.0000
4,300.1048,2.1535,3.8510,0.0000
5,210.0734,2.1535,3.8510,0.0000
6,147.0514,2.1535,3.8510,0.0000
0,147.0514,2.1535,3.8510,0.0000
1,147.0514,2.1535,973.1957,0.0000
2,147.0514,2.1535,681.2370,0.0000
3,147.0514,2.1535,476.8659,0.0000
4,147.0514,2.1535,333.8061,0.0000
5,147.0514,2.1535,233.6643,0.0000
6,147.0514,2.1535,163.5650,0.0000
0,147.0514,2.1535,163.5650,0.0000
1,147.0514,2.1535,326.5955,0.0000
2,147.0514,2.1535,228.6168,0.0000
3,147.0514,578.4074,228.6168,0.0000
4,147.0514,404.8852,228.6168,0.0000
5,147.0514,283.4196,228.6168,0.0000
6,147.0514,198.3938,228.6168,0.0000
7,147.0514,198.3938,214.9318,0.0000
8,147.0514,198.3938,150.4523,0.0000
9,147.0514,138.8756,150.4523,0.0000
10,147.0514,138.8756,105.3166,0.0000
0,147.0514,138.8756,105.3166,0.0000
1,572.4360,138.8756,105.3166,0.0000
2,400.7052,138.8756,105.3166,0.0000
3,400.7052,138.8756,79.4216,0.0000
4,334.1936,138.8756,79.4216,0.0000
5,233.9355,138.8756,79.4216,0.0000
6,163.7549,138.8756,79.4216,0.0000
7,163.7549,108.0129,79.4216,0.0000
8,138.6284,108.0129,79.4216,0.0000
9,97.0399,108.0129,79.4216,0.0000
10,97.0399,75.6091,79.4216,0.0000
0,97.0399,75.6091,79.4216,0.0000
1,107.5279,75.6091,79.4216,0.0000
2,75.2695,75.6091,79.4216,0.0000
3,75.2695,75.6091,227.1951,0.0000
4,75.2695,75.6091,159.0366,0.0000
5,266.2887,75.6091,159.0366,0.0000
6,266.2887,52.9263,159.0366,0.0000
7,186.4021,52.9263,159.0366,0.0000
8,186.4021,52.9263,159.0366,0.0000
9,130.4815,52.9263,159.0366,0.0000
10,130.4815,52.9263,153.9256,0.0000
0,130.4815,52.9263,153.9256,0.0000
1,130.4815,52.9263,398.7479,0.0000
2,130.4815,52.9263,279.1235,0.0000
3,130.4815,52.9263,195.3865,0.0000
4,130.4815,52.9263,136.7705,0.0000
5,130.4815,52.9263,95.7394,0.0000
6,138.4370,52.9263,95.7394,0.0000
7,96.9059,52.9263,95.7394,0.0000
8,67.8341,52.9263,95.7394,0.0000
9,67.8341,52.9263,67.0176,0.0000
10,47.4839,52.9263,67.0176,0.0000
0,47.4839,52.9263,67.0176,0.0000
1,47.4839,52.9263,107.2123,0.0000
2,49.4387,52.9263,107.2123,0.0000
3,49.4387,52.9263,75.0486,0.0000
4,49.4387,52.9263,52.5340,0.0000
5,49.4387,52.9263,52.5340,0.0000
6,49.4387,37.0484,52.5340,0.0000
7,49.4387,37.0484,36.7738,0.0000
0,49.4387,37.0484,36.7738,0.0000
1,340.9071,37.0484,36.7738,0.0000
2,238.6350,37.0484,36.7738,0.0000
3,167.0445,37.0484,36.7738,0.0000
4,116.9311,37.0484,36.7738,0.0000
5,81.8518,37.0484,36.7738,0.0000
6,57.2963,37.0484,36.7738,0.0000
0,57.2963,37.0484,36.7738,0.0000
1,591.8074,37.0484,36.7738,0.0000
2,414.2652,37.0484,36.7738,0.0000
3,289.9856,37.0484,36.7738,0.0000
4,202.9899,37.0484,36.7738,0.0000
5,142.0930,37.0484,36.7738,0.0000
6,99.4651,37.0484,36.7738,0.0000
0,99.4651,37.0484,36.7738,0.0000
1,428.7255,37.0484,36.7738,0.0000
2,428.7255,37.0484,25.7417,0.0000
3,300.1079,37.0484,25.7417,0.0000
4,210.0755,37.0484,25.7417,0.0000
5,147.0529,37.0484,25.7417,0.0000
6,102.9370,37.0484,25.7417,0.0000
0,102.9370,37.0484,25.7417,0.0000
1,153.0559,37.0484,25.7417,0.0000
2,153.0559,25.9339,25.7417,0.0000
3,107.1391,25.9339,25.7417,0.0000
4,74.9974,25.9339,25.7417,0.0000
5,74.9974,25.9339,18.0192,0.0000
6,74.9974,25.9339,12.6134,0.0000
0,74.9974,25.9339,12.6134,0.0000
1,248.6982,25.9339,12.6134,0.0000
2,174.0887,25.9339,12.6134,0.0000
3,121.8621,25.9339,12.6134,0.0000
4,85.3035,25.9339,12.6134,0.0000
5,59.7124,25.9339,12.6134,0.0000
6,41.7987,25.9339,12.6134,0.0000
0,41.7987,25.9339,12.6134,0.0000
1,876.1591,25.9339,12.6134,0.0000
2,613.3114,25.9339,12.6134,0.0000
3,613.3114,18.1537,12.6134,0.0000
4,429.3180,18.1537,12.6134,0.0000
5,300.5226,18.1537,12.6134,0.0000
6,300.5226,12.7076,12.6134,0.0000
0,300.5226,12.7076,12.6134,0.0000
1,662.4658,12.7076,12.6134,0.0000
2,463.7261,12.7076,12.6134,0.0000
3,324.6082,12.7076,12.6134,0.0000
4,324.6082,12.7076,12.6134,0.0000
5,324.6082,8.8953,12.6134,0.0000
6,227.2258,8.8953,12.6134,0.0000
0,227.2258,8.8953,12.6134,0.0000
1,845.4580,8.8953,12.6134,0.0000
2,845.4580,6.2267,12.6134,0.0000
3,845.4580,6.2267,12.6134,0.0000
4,845.4580,6.2267,8.8294,0.0000
5,591.8206,6.2267,8.8294,0.0000
6,414.2744,6.2267,8.8294,0.0000
0,414.2744,6.2267,8.8294,0.0000
1,450.1921,6.2267,8.8294,0.0000
2,315.1345,6.2267,8.8294,0.0000
3,220.5941,6.2267,8.8294,0.0000
4,154.4159,6.2267,8.8294,0.0000
5,154.4159,6.2267,8.8294,0.0000
6,108.0911,6.2267,8.8294,0.0000
0,108.0911,6.2267,8.8294,0.0000
1,205.8638,6.2267,8.8294,0.0000
2,144.1047,6.2267,8.8294,0.0000
3,100.8733,6.2267,8.8294,0.0000
4,70.6113,6.2267,8.8294,0.0000
5,49.4279,6.2267,8.8294,0.0000
6,34.5995,6.2267,8.8294,0.0000
0,34.5995,6.2267,8.8294,0.0000
1,482.0197,6.2267,8.8294,0.0000
2,337.4138,6.2267,8.8294,0.0000
3,236.1896,6.2267,8.8294,0.0000
4,165.3327,6.2267,8.8294,0.0000
5,165.3327,6.2267,6.1806,0.0000
6,115.7329,6.2267,6.1806,0.0000
0,115.7329,6.2267,6.1806,0.0000
1,342.6130,6.2267,6.1806,0.0000
2,239.8291,6.2267,6.1806,0.0000
3,239.8291,94.0587,6.1806,0.0000
4,167.8804,94.0587,6.1806,0.0000
5,117.5163,94.0587,6.1806,0.0000
6,82.2614,94.0587,6.1806,0.0000
7,82.2614,65.8411,6.1806,0.0000
8,57.5830,65.8411,6.1806,0.0000
0,57.5830,65.8411,6.1806,0.0000
1,57.5830,203.8888,6.1806,0.0000
2,57.5830,142.7221,6.1806,0.0000
3,57.5830,99.9055,6.1806,0.0000
4,57.5830,69.9338,6.1806,0.0000
5,57.5830,48.9537,6.1806,0.0000
6,247.6081,48.9537,6.1806,0.0000
7,247.6081,34.2676,6.1806,0.0000
8,173.3257,34.2676,6.1806,0.0000
9,121.3280,34.2676,6.1806,0.0000
10,84.9296,34.2676,6.1806,0.0000
0,84.9296,34.2676,6.1806,0.0000
1,282.6507,34.2676,6.1806,0.0000
2,197.8555,34.2676,6.1806,0.0000
3,197.8555,23.9873,6.1806,0.0000
4,138.4988,23.9873,6.1806,0.0000
5,138.4988,23.9873,6.1806,0.0000
6,96.9492,23.9873,6.1806,0.0000
0,96.9492,23.9873,6.1806,0.0000
1,371.4644,23.9873,6.1806,0.0000
2,260.0251,23.9873,6.1806,0.0000
3,182.0176,23.9873,6.1806,0.0000
4,127.4123,23.9873,6.1806,0.0000
5,89.1886,23.9873,6.1806,0.0000
6,89.1886,23.9873,6.1806,0.0000
0,89.1886,23.9873,6.1806,0.0000
1,453.0320,23.9873,6.1806,0.0000
2,453.0320,23.9873,6.1806,0.0000
3,317.1224,23.9873,6.1806,0.0000
4,221.9857,23.9873,6.1806,0.0000
5,155.3900,23.9873,6.1806,0.0000
6,108.7730,23.9873,6.1806,0.0000
0,108.7730,23.9873,6.1806,0.0000
1,505.4411,23.9873,6.1806,0.0000
2,505.4411,23.9873,4.3264,0.0000
3,353.8088,23.9873,4.3264,0.0000
4,247.6661,23.9873,4.3264,0.0000
5,173.3663,23.9873,4.3264,0.0000
6,173.3663,23.9873,3.0285,0.0000
0,173.3663,23.9873,3.0285,0.0000
1,793.9564,23.9873,3.0285,0.0000
2,555.7695,23.9873,3.0285,0.0000
3,389.0386,23.9873,3.0285,0.0000
4,272.3270,23.9873,3.0285,0.0000
5,190.6289,23.9873,3.0285,0.0000
6,133.4403,23.9873,3.0285,0.0000
0,133.4403,23.9873,3.0285,0.0000
1,327.4082,23.9873,3.0285,0.0000
2,229.1857,23.9873,3.0285,0.0000
3,160.4300,23.9873,3.0285,0.0000
4,160.4300,23.9873,2.1199,0.0000
5,112.3010,23.9873,2.1199,0.0000
6,78.6107,23.9873,2.1199,0.0000
0,78.6107,23.9873,2.1199,0.0000
1,78.6107,23.9873,213.8840,0.0000
2,78.6107,23.9873,149.7188,0.0000
3,78.6107,23.9873,104.8031,0.0000
4,78.6107,23.9873,73.3622,0.0000
5,90.1275,23.9873,73.3622,0.0000
6,63.0892,23.9873,73.3622,0.0000
7,63.0892,23.9873,51.3535,0.0000
8,63.0892,23.9873,35.9475,0.0000
9,44.1625,23.9873,35.9475,0.0000
10,30.9137,23.9873,35.9475,0.0000
0,30.9137,23.9873,35.9475,0.0000
1,30.9137,23.9873,25.1632,0.0000
2,307.2396,23.9873,25.1632,0.0000
3,307.2396,23.9873,17.6143,0.0000
4,215.0677,23.9873,17.6143,0.0000
5,150.5474,23.9873,17.6143,0.0000
6,105.3832,23.9873,17.6143,0.0000
7,73.7682,23.9873,17.6143,0.0000
0,73.7682,23.9873,17.6143,0.0000
1,180.6378,23.9873,17.6143,0.0000
2,126.4464,23.9873,17.6143,0.0000
3,88.5125,23.9873,17.6143,0.0000
4,61.9588,23.9873,17.6143,0.0000
5,61.9588,23.9873,12.3300,0.0000
6,43.3711,23.9873,12.3300,0.0000
0,43.3711,23.9873,12.3300,0.0000
1,245.4598,23.9873,12.3300,0.0000
2,171.8219,23.9873,12.3300,0.0000
3,120.2753,23.9873,12.3300,0.0000
4,84.1927,23.9873,12.3300,0.0000
5,58.9349,23.9873,12.3300,0.0000
6,41.2544,23.9873,12.3300,0.0000
0,41.2544,23.9873,12.3300,0.0000
1,761.7781,23.9873,12.3300,0.0000
2,533.2447,23.9873,12.3300,0.0000
3,373.2713,23.9873,12.3300,0.0000
4,261.2899,23.9873,12.3300,0.0000
5,182.9029,23.9873,12.3300,0.0000
6,128.0320,23.9873,12.3300,0.0000
0,128.0320,23.9873,12.3300,0.0000
1,128.0320,416.0911,12.3300,0.0000
2,128.0320,291.2638,12.3300,0.0000
3,128.0320,203.8846,12.3300,0.0000
4,128.0320,142.7193,12.3300,0.0000
5,128.0320,99.9035,12.3300,0.0000
6,279.8224,99.9035,12.3300,0.0000
7,195.8757,99.9035,12.3300,0.0000
8,137.1130,99.9035,12.3300,0.0000
9,95.9791,99.9035,12.3300,0.0000
10,95.9791,71.7324,12.3300,0.0000
0,95.9791,71.7324,12.3300,0.0000
1,830.9854,71.7324,12.3300,0.0000
2,581.6898,71.7324,12.3300,0.0000
3,407.1828,71.7324,12.3300,0.0000
4,285.0280,71.7324,12.3300,0.0000
5,199.5196,71.7324,12.3300,0.0000
6,139.6637,71.7324,12.3300,0.0000
0,139.6637,71.7324,12.3300,0.0000
1,207.2646,71.7324,12.3300,0.0000
2,145.0852,71.7324,12.3300,0.0000
3,101.5597,71.7324,12.3300,0.0000
4,101.5597,71.7324,8.6310,0.0000
5,71.0918,71.7324,8.6310,0.0000
6,71.0918,71.7324,6.0417,0.0000
0,71.0918,71.7324,6.0417,0.0000
1,71.0918,415.9127,6.0417,0.0000
2,71.0918,415.9127,6.0417,0.0000
3,71.0918,291.1389,6.0417,0.0000
4,71.0918,203.7972,6.0417,0.0000
5,71.0918,142.6581,6.0417,0.0000
6,71.0918,99.8606,6.0417,0.0000
0,71.0918,99.8606,6.0417,0.0000
1,71.0918,270.0024,6.0417,0.0000
2,71.0918,189.0017,6.0417,0.0000
3,71.0918,132.3012,6.0417,0.0000
4,71.0918,92.6108,6.0417,0.0000
5,71.0918,64.8276,6.0417,0.0000
6,167.9642,64.8276,6.0417,0.0000
7,117.5750,64.8276,6.0417,0.0000
8,82.3025,64.8276,6.0417,0.0000
9,57.6117,64.8276,6.0417,0.0000
10,57.6117,45.3793,6.0417,0.0000
0,57.6117,45.3793,6.0417,0.0000
1,166.3282,45.3793,6.0417,0.0000
2,116.4297,45.3793,6.0417,0.0000
3,81.5008,45.3793,6.0417,0.0000
4,57.0506,45.3793,6.0417,0.0000
5,39.9354,45.3793,6.0417,0.0000
6,39.9354,31.7655,6.0417,0.0000
0,39.9354,31.7655,6.0417,0.0000
1,526.5548,31.7655,6.0417,0.0000
2,368.5883,31.7655,6.0417,0.0000
3,258.0118,31.7655,6.0417,0.0000
4,180.6083,31.7655,6.0417,0.0000
5,126.4258,31.7655,6.0417,0.0000
6,88.4981,31.7655,6.0417,0.0000
0,88.4981,31.7655,6.0417,0.0000
1,455.2486,31.7655,6.0417,0.0000
2,455.2486,31.7655,6.0417,0.0000
3,455.2486,31.7655,4.2292,0.0000
4,455.2486,22.2359,4.2292,0.0000
5,318.6741,22.2359,4.2292,0.0000
6,223.0718,22.2359,4.2292,0.0000
0,223.0718,22.2359,4.2292,0.0000
1,508.9503,22.2359,4.2292,0.0000
2,356.2652,22.2359,4.2292,0.0000
3,356.2652,22.2359,4.2292,0.0000
4,356.2652,22.2359,4.2292,0.0000
5,356.2652,22.2359,4.2292,0.0000
6,249.3856,22.2359,4.2292,0.0000
0,249.3856,22.2359,4.2292,0.0000
1,1043.6699,22.2359,4.2292,0.0000
2,730.5690,22.2359,4.2292,0.0000
3,511.3983,22.2359,4.2292,0.0000
4,357.9788,22.2359,4.2292,0.0000
5,250.5852,22.2359,4.2292,0.0000
6,250.5852,22.2359,2.9604,0.0000
0,250.5852,22.2359,2.9604,0.0000
1,250.5852,22.2359,2.9604,0.0000
2,377.0096,22.2359,2.9604,0.0000
3,263.9067,22.2359,2.9604,0.0000
4,184.7347,22.2359,2.9604,0.0000
5,129.3143,22.2359,2.9604,0.0000
6,90.5200,22.2359,2.9604,0.0000
7,63.3640,22.2359,2.9604,0.0000
0,63.3640,22.2359,2.9604,0.0000
1,63.3640,494.9651,2.9604,0.0000
2,63.3640,494.9651,2.9604,0.0000
3,63.3640,346.4756,2.9604,0.0000
4,63.3640,242.5329,2.9604,0.0000
5,63.3640,169.7730,2.9604,0.0000
6,63.3640,118.8411,2.9604,0.0000
0,63.3640,118.8411,2.9604,0.0000
1,63.3640,448.5888,2.9604,0.0000
2,63.3640,314.0121,2.9604,0.0000
3,63.3640,219.8085,2.9604,0.0000
4,63.3640,153.8660,2.9604,0.0000
5,63.3640,107.7062,2.9604,0.0000
6,63.3640,75.3943,2.9604,0.0000
0,63.3640,75.3943,2.9604,0.0000
1,63.3640,294.8760,2.9604,0.0000
2,63.3640,206.4132,2.9604,0.0000
3,63.3640,144.4893,2.9604,0.0000
4,63.3640,144.4893,2.0723,0.0000
5,63.3640,101.1425,2.0723,0.0000
6,63.3640,70.7997,2.0723,0.0000
0,63.3640,70.7997,2.0723,0.0000
1,63.3640,272.4598,2.0723,0.0000
2,63.3640,190.7219,2.0723,0.0000
3,63.3640,133.5053,2.0723,0.0000
4,63.3640,93.4537,2.0723,0.0000
5,63.3640,65.4176,2.0723,0.0000
6,63.3640,45.7923,2.0723,0.0000
0,63.3640,45.7923,2.0723,0.0000
1,163.1548,45.7923,2.0723,0.0000
2,114.2084,45.7923,2.0723,0.0000
3,79.9459,45.7923,2.0723,0.0000
4,55.9621,45.7923,2.0723,0.0000
5,39.1735,45.7923,2.0723,0.0000
6,39.1735,56.0546,2.0723,0.0000
7,39.1735,39.2382,2.0723,0.0000
8,39.1735,27.4668,2.0723,0.0000
9,39.1735,27.4668,1.4506,0.0000
10,27.4214,27.4668,1.4506,0.0000
0,27.4214,27.4668,1.4506,0.0000
1,27.4214,49.2267,1.4506,0.0000
2,27.4214,34.4587,1.4506,0.0000
3,27.4214,34.4587,1.4506,0.0000
4,27.4214,24.1211,1.4506,0.0000
5,63.5950,24.1211,1.4506,0.0000
6,44.5165,24.1211,1.4506,0.0000
7,31.1615,24.1211,1.4506,0.0000
8,21.8131,24.1211,1.4506,0.0000
9,21.8131,16.8848,1.4506,0.0000
10,15.2692,16.8848,1.4506,0.0000
0,15.2692,16.8848,1.4506,0.0000
1,15.2692,142.0193,1.4506,0.0000
2,15.2692,99.4135,1.4506,0.0000
3,15.2692,69.5895,1.4506,0.0000
4,15.2692,48.7126,1.4506,0.0000
5,15.2692,34.0988,1.4506,0.0000
6,15.2692,23.8692,1.4506,0.0000
0,15.2692,23.8692,1.4506,0.0000
1,15.2692,203.6084,1.4506,0.0000
2,15.2692,142.5259,1.4506,0.0000
3,15.2692,99.7681,1.4506,0.0000
4,15.2692,69.8377,1.4506,0.0000
5,15.2692,48.8864,1.4506,0.0000
6,15.2692,34.2205,1.4506,0.0000
0,15.2692,34.2205,1.4506,0.0000
1,283.6884,34.2205,1.4506,0.0000
2,198.5819,34.2205,1.4506,0.0000
3,139.0073,34.2205,1.4506,0.0000
4,97.3051,34.2205,1.4506,0.0000
5,68.1136,34.2205,1.4506,0.0000
6,68.1136,34.2205,1.4506,0.0000
0,68.1136,34.2205,1.4506,0.0000
1,155.6795,34.2205,1.4506,0.0000
2,155.6795,34.2205,1.4506,0.0000
3,108.9757,34.2205,1.4506,0.0000
4,76.2830,34.2205,1.4506,0.0000
5,53.3981,34.2205,1.4506,0.0000
6,37.3787,34.2205,1.4506,0.0000
0,37.3787,34.2205,1.4506,0.0000
1,209.4651,34.2205,1.4506,0.0000
2,146.6255,34.2205,1.4506,0.0000
3,146.6255,34.2205,1.4506,0.0000
4,102.6379,34.2205,1.4506,0.0000
5,71.8465,34.2205,1.4506,0.0000
6,50.2926,34.2205,1.4506,0.0000
0,50.2926,34.2205,1.4506,0.0000
1,267.7048,34.2205,1.4506,0.0000
2,187.3934,34.2205,1.4506,0.0000
3,131.1753,34.2205,1.4506,0.0000
4,91.8227,34.2205,1.4506,0.0000
5,64.2759,34.2205,1.4506,0.0000
6,44.9931,34.2205,1.4506,0.0000
0,44.9931,34.2205,1.4506,0.0000
1,44.9931,768.8543,1.4506,0.0000
2,44.9931,538.1980,1.4506,0.0000
3,44.9931,538.1980,1.0154,0.0000
4,44.9931,376.7386,1.0154,0.0000
5,44.9931,263.7170,1.0154,0.0000
6,44.9931,184.6019,1.0154,0.0000
0,44.9931,184.6019,1.0154,0.0000
1,44.9931,459.5213,1.0154,0.0000
2,44.9931,321.6649,1.0154,0.0000
3,44.9931,225.1655,1.0154,0.0000
4,44.9931,157.6158,1.0154,0.0000
5,44.9931,110.3311,1.0154,0.0000
6,44.9931,77.2318,1.0154,0.0000
0,44.9931,77.2318,1.0154,0.0000
1,44.9931,76.5622,1.0154,0.0000
2,44.9931,53.5936,1.0154,0.0000
3,44.9931,37.5155,1.0154,0.0000
4,95.9952,37.5155,1.0154,0.0000
5,67.1966,37.5155,1.0154,0.0000
6,47.0376,37.5155,1.0154,0.0000
7,32.9264,37.5155,1.0154,0.0000
8,32.9264,37.5155,0.7108,0.0000
9,32.9264,26.2608,0.7108,0.0000
0,32.9264,26.2608,0.7108,0.0000
1,276.8484,26.2608,0.7108,0.0000
2,193.7939,26.2608,0.7108,0.0000
3,135.6557,26.2608,0.7108,0.0000
4,94.9590,26.2608,0.7108,0.0000
5,66.4713,26.2608,0.7108,0.0000
6,46.5299,26.2608,0.7108,0.0000
0,46.5299,26.2608,0.7108,0.0000
1,553.6709,26.2608,0.7108,0.0000
2,387.5697,26.2608,0.7108,0.0000
3,271.2988,26.2608,0.7108,0.0000
4,189.9091,26.2608,0.7108,0.0000
5,132.9364,26.2608,0.7108,0.0000
6,93.0555,26.2608,0.7108,0.0000
0,93.0555,26.2608,0.7108,0.0000
1,903.0388,26.2608,0.7108,0.0000
2,632.1272,26.2608,0.7108,0.0000
3,442.4890,26.2608,0.7108,0.0000
4,309.7423,26.2608,0.7108,0.0000
5,216.8196,26.2608,0.7108,0.0000
6,151.7737,26.2608,0.7108,0.0000
0,151.7737,26.2608,0.7108,0.0000
1,618.9416,26.2608,0.7108,0.0000
2,433.2591,26.2608,0.7108,0.0000
3,303.2814,26.2608,0.7108,0.0000
4,212.2970,26.2608,0.7108,0.0000
5,148.6079,26.2608,0.7108,0.0000
6,148.6079,18.3826,0.7108,0.0000
0,148.6079,18.3826,0.7108,0.0000
1,341.0255,18.3826,0.7108,0.0000
2,238.7179,18.3826,0.7108,0.0000
3,167.1025,18.3826,0.7108,0.0000
4,116.9718,18.3826,0.7108,0.0000
5,81.8802,18.3826,0.7108,0.0000
6,57.3162,18.3826,0.7108,0.0000
0,57.3162,18.3826,0.7108,0.0000
1,258.2213,18.3826,0.7108,0.0000
2,180.7549,18.3826,0.7108,0.0000
3,126.5284,18.3826,0.7108,0.0000
4,88.5699,18.3826,0.7108,0.0000
5,88.5699,18.3826,0.7108,0.0000
6,61.9989,18.3826,0.7108,0.0000
0,61.9989,18.3826,0.7108,0.0000
1,414.4993,18.3826,0.7108,0.0000
2,290.1495,18.3826,0.7108,0.0000
3,290.1495,18.3826,0.4976,0.0000
4,203.1046,18.3826,0.4976,0.0000
5,142.1732,18.3826,0.4976,0.0000
6,99.5213,18.3826,0.4976,0.0000
0,99.5213,18.3826,0.4976,0.0000
1,499.2649,18.3826,0.4976,0.0000
2,349.4854,18.3826,0.4976,0.0000
3,244.6398,18.3826,0.4976,0.0000
4,171.2479,18.3826,0.4976,0.0000
5,171.2479,18.3826,0.4976,0.0000
6,171.2479,18.3826,0.4976,0.0000
0,171.2479,18.3826,0.4976,0.0000
1,171.2479,18.3826,629.7483,0.0000
2,171.2479,18.3826,440.8238,0.0000
3,171.2479,18.3826,308.5767,0.0000
4,171.2479,18.3826,308.5767,0.0000
5,171.2479,18.3826,216.0037,0.0000
6,171.2479,18.3826,151.2026,0.0000
0,171.2479,18.3826,151.2026,0.0000
1,174.4735,18.3826,151.2026,0.0000
2,122.1315,18.3826,151.2026,0.0000
3,122.1315,18.3826,105.8418,0.0000
4,85.4920,18.3826,105.8418,0.0000
5,85.4920,18.3826,74.0893,0.0000
6,59.8444,18.3826,74.0893,0.0000
0,59.8444,18.3826,74.0893,0.0000
1,59.8444,18.3826,51.8625,0.0000
2,219.1911,18.3826,51.8625,0.0000
3,153.4338,18.3826,51.8625,0.0000
4,107.4036,18.3826,51.8625,0.0000
5,75.1825,18.3826,51.8625,0.0000
6,52.6278,18.3826,51.8625,0.0000
7,36.8394,18.3826,51.8625,0.0000
0,36.8394,18.3826,51.8625,0.0000
1,36.8394,18.3826,266.7037,0.0000
2,36.8394,18.3826,186.6926,0.0000
3,36.8394,18.3826,130.6848,0.0000
4,36.8394,18.3826,91.4794,0.0000
5,36.8394,18.3826,64.0356,0.0000
6,36.8394,18.3826,44.8249,0.0000
0,36.8394,18.3826,44.8249,0.0000
1,36.8394,18.3826,31.3774,0.0000
2,36.8394,18.3826,21.9642,0.0000
3,36.8394,18.3826,15.3749,0.0000
4,172.4876,18.3826,15.3749,0.0000
5,120.7413,18.3826,15.3749,0.0000
6,84.5189,18.3826,15.3749,0.0000
7,59.1633,18.3826,15.3749,0.0000
8,41.4143,18.3826,15.3749,0.0000
9,41.4143,12.8678,15.3749,0.0000
0,41.4143,12.8678,15.3749,0.0000
1,557.8900,12.8678,15.3749,0.0000
2,390.5230,12.8678,15.3749,0.0000
3,273.3661,12.8678,15.3749,0.0000
4,191.3563,12.8678,15.3749,0.0000
5,133.9494,12.8678,15.3749,0.0000
6,93.7646,12.8678,15.3749,0.0000
0,93.7646,12.8678,15.3749,0.0000
1,146.6352,12.8678,15.3749,0.0000
2,102.6446,12.8678,15.3749,0.0000
3,71.8512,12.8678,15.3749,0.0000
4,71.8512,12.8678,15.3749,0.0000
5,71.8512,9.0075,15.3749,0.0000
6,50.2959,9.0075,15.3749,0.0000
0,50.2959,9.0075,15.3749,0.0000
1,419.8071,9.0075,15.3749,0.0000
2,293.8650,9.0075,15.3749,0.0000
3,205.7055,9.0075,15.3749,0.0000
4,143.9938,9.0075,15.3749,0.0000
5,100.7957,9.0075,15.3749,0.0000
6,70.5570,9.0075,15.3749,0.0000
0,70.5570,9.0075,15.3749,0.0000
1,738.1899,9.0075,15.3749,0.0000
2,516.7329,9.0075,15.3749,0.0000
3,361.7130,9.0075,15.3749,0.0000
4,253.1991,9.0075,15.3749,0.0000
5,177.2394,9.0075,15.3749,0.0000
6,124.0676,9.0075,15.3749,0.0000
0,124.0676,9.0075,15.3749,0.0000
1,692.8473,9.0075,15.3749,0.0000
2,484.9931,9.0075,15.3749,0.0000
3,339.4952,9.0075,15.3749,0.0000
4,237.6466,9.0075,15.3749,0.0000
5,166.3526,9.0075,15.3749,0.0000
6,116.4468,9.0075,15.3749,0.0000
0,116.4468,9.0075,15.3749,0.0000
1,891.8128,9.0075,15.3749,0.0000
2,624.2690,9.0075,15.3749,0.0000
3,436.9883,9.0075,15.3749,0.0000
4,305.8918,9.0075,15.3749,0.0000
5,214.1243,9.0075,15.3749,0.0000
6,149.8870,9.0075,15.3749,0.0000
0,149.8870,9.0075,15.3749,0.0000
1,185.9209,9.0075,15.3749,0.0000
2,130.1446,9.0075,15.3749,0.0000
3,91.1012,9.0075,15.3749,0.0000
4,63.7709,9.0075,15.3749,0.0000
5,44.6396,9.0075,15.3749,0.0000
6,31.2477,9.0075,15.3749,0.0000
0,31.2477,9.0075,15.3749,0.0000
1,409.4734,9.0075,15.3749,0.0000
2,286.6314,9.0075,15.3749,0.0000
3,200.6420,9.0075,15.3749,0.0000
4,140.4494,9.0075,15.3749,0.0000
5,140.4494,6.3052,15.3749,0.0000
6,98.3146,6.3052,15.3749,0.0000
0,98.3146,6.3052,15.3749,0.0000
1,98.3146,216.8137,15.3749,0.0000
2,98.3146,151.7696,15.3749,0.0000
3,98.3146,106.2387,15.3749,0.0000
4,98.3146,74.3671,15.3749,0.0000
5,347.5202,74.3671,15.3749,0.0000
6,243.2641,74.3671,15.3749,0.0000
7,170.2849,74.3671,15.3749,0.0000
8,119.1994,74.3671,15.3749,0.0000
9,83.4396,74.3671,15.3749,0.0000
10,58.4077,74.3671,15.3749,0.0000
0,58.4077,74.3671,15.3749,0.0000
1,58.4077,494.8570,15.3749,0.0000
2,58.4077,346.3999,15.3749,0.0000
3,58.4077,242.4799,15.3749,0.0000
4,58.4077,169.7359,15.3749,0.0000
5,58.4077,118.8152,15.3749,0.0000
6,58.4077,83.1706,15.3749,0.0000
0,58.4077,83.1706,15.3749,0.0000
1,58.4077,506.7194,15.3749,0.0000
2,58.4077,354.7036,15.3749,0.0000
3,58.4077,248.2925,15.3749,0.0000
4,58.4077,173.8048,15.3749,0.0000
5,58.4077,121.6633,15.3749,0.0000
6,58.4077,85.1643,15.3749,0.0000
0,58.4077,85.1643,15.3749,0.0000
1,40.8854,85.1643,15.3749,0.0000
2,40.8854,417.2150,15.3749,0.0000
3,40.8854,292.0505,15.3749,0.0000
4,40.8854,204.4354,15.3749,0.0000
5,40.8854,143.1048,15.3749,0.0000
6,275.8198,143.1048,15.3749,0.0000
7,193.0738,143.1048,15.3749,0.0000
8,135.1517,143.1048,15.3749,0.0000
9,135.1517,118.4733,15.3749,0.0000
10,100.9062,118.4733,15.3749,0.0000
0,100.9062,118.4733,15.3749,0.0000
1,100.9062,90.1313,15.3749,0.0000
2,139.6343,90.1313,15.3749,0.0000
3,97.7440,90.1313,15.3749,0.0000
4,68.4208,90.1313,15.3749,0.0000
5,68.4208,63.0919,15.3749,0.0000
6,47.8946,63.0919,15.3749,0.0000
7,47.8946,44.1644,15.3749,0.0000
0,47.8946,44.1644,15.3749,0.0000
1,220.7262,44.1644,15.3749,0.0000
2,154.5083,44.1644,15.3749,0.0000
3,108.1558,44.1644,15.3749,0.0000
4,75.7091,44.1644,15.3749,0.0000
5,52.9964,44.1644,15.3749,0.0000
6,37.0975,44.1644,15.3749,0.0000
0,37.0975,44.1644,15.3749,0.0000
1,37.0975,322.5150,15.3749,0.0000
2,37.0975,225.7605,15.3749,0.0000
3,37.0975,158.0324,15.3749,0.0000
4,37.0975,110.6227,15.3749,0.0000
5,37.0975,110.6227,890.6625,0.0000
6,37.0975,110.6227,623.4637,0.0000
7,37.0975,110.6227,436.4246,0.0000
8,37.0975,110.6227,305.4972,0.0000
9,37.0975,110.6227,213.8481,0.0000
10,37.0975,110.6227,149.6936,0.0000
0,37.0975,110.6227,149.6936,0.0000
1,37.0975,110.6227,187.5855,0.0000
2,37.0975,110.6227,131.3099,0.0000
3,37.0975,110.6227,91.9169,0.0000
4,37.0975,630.6359,91.9169,0.0000
5,37.0975,630.6359,91.9169,0.0000
6,37.0975,441.4451,91.9169,0.0000
7,37.0975,441.4451,91.9169,0.0000
8,37.0975,309.0116,91.9169,0.0000
9,37.0975,309.0116,112.9418,0.0000
10,37.0975,216.3081,112.9418,0.0000
0,37.0975,216.3081,112.9418,0.0000
1,37.0975,394.7157,112.9418,0.0000
2,37.0975,276.3010,112.9418,0.0000
3,37.0975,193.4107,112.9418,0.0000
4,37.0975,135.3875,112.9418,0.0000
5,37.0975,94.7712,112.9418,0.0000
6,37.0975,94.7712,91.9593,0.0000
7,37.0975,126.9399,91.9593,0.0000
8,37.0975,88.8579,91.9593,0.0000
9,37.0975,88.8579,64.3715,0.0000
10,37.0975,62.2005,64.3715,0.0000
0,37.0975,62.2005,64.3715,0.0000
1,37.0975,62.2005,45.0601,0.0000
2,37.0975,263.7404,45.0601,0.0000
3,37.0975,184.6183,45.0601,0.0000
4,37.0975,129.2328,45.0601,0.0000
5,37.0975,90.4629,45.0601,0.0000
6,37.0975,63.3241,45.0601,0.0000
7,37.0975,44.3268,45.0601,0.0000
0,37.0975,44.3268,45.0601,0.0000
1,354.7682,44.3268,45.0601,0.0000
2,248.3378,44.3268,45.0601,0.0000
3,173.8364,44.3268,45.0601,0.0000
4,121.6855,44.3268,45.0601,0.0000
5,85.1798,44.3268,45.0601,0.0000
6,59.6259,44.3268,45.0601,0.0000
0,59.6259,44.3268,45.0601,0.0000
1,59.6259,206.5288,45.0601,0.0000
2,59.6259,144.5702,45.0601,0.0000
3,59.6259,101.1991,45.0601,0.0000
4,59.6259,70.8394,45.0601,0.0000
5,59.6259,49.5876,45.0601,0.0000
6,207.3381,49.5876,45.0601,0.0000
7,145.1367,49.5876,45.0601,0.0000
8,101.5957,49.5876,45.0601,0.0000
9,71.1170,49.5876,45.0601,0.0000
10,49.7819,49.5876,45.0601,0.0000
0,49.7819,49.5876,45.0601,0.0000
1,80.7473,49.5876,45.0601,0.0000
2,80.7473,34.7113,45.0601,0.0000
3,56.5231,34.7113,45.0601,0.0000
4,39.5662,34.7113,45.0601,0.0000
5,39.5662,34.7113,77.1420,0.0000
6,39.5662,34.7113,53.9994,0.0000
7,39.5662,34.7113,37.7996,0.0000
8,112.2963,34.7113,37.7996,0.0000
9,112.2963,34.7113,37.7996,0.0000
10,78.6074,34.7113,37.7996,0.0000
0,78.6074,34.7113,37.7996,0.0000
1,165.7252,34.7113,37.7996,0.0000
2,165.7252,34.7113,26.4597,0.0000
3,116.0076,34.7113,26.4597,0.0000
4,81.2053,34.7113,26.4597,0.0000
5,56.8437,34.7113,26.4597,0.0000
6,56.8437,34.7113,18.5218,0.0000
0,56.8437,34.7113,18.5218,0.0000
1,471.7906,34.7113,18.5218,0.0000
2,330.2534,34.7113,18.5218,0.0000
3,231.1774,34.7113,18.5218,0.0000
4,161.8242,34.7113,18.5218,0.0000
5,161.8242,34.7113,18.5218,0.0000
6,113.2769,34.7113,18.5218,0.0000
0,113.2769,34.7113,18.5218,0.0000
1,462.6938,34.7113,18.5218,0.0000
2,323.8857,34.7113,18.5218,0.0000
3,226.7200,34.7113,18.5218,0.0000
4,158.7040,34.7113,18.5218,0.0000
5,111.0928,34.7113,18.5218,0.0000
6,77.7650,34.7113,18.5218,0.0000
0,77.7650,34.7113,18.5218,0.0000
1,580.6355,34.7113,18.5218,0.0000
2,580.6355,24.2979,18.5218,0.0000
3,406.4448,24.2979,18.5218,0.0000
4,284.5114,24.2979,18.5218,0.0000
5,199.1580,24.2979,18.5218,0.0000
6,139.4106,24.2979,18.5218,0.0000
0,139.4106,24.2979,18.5218,0.0000
1,214.5874,24.2979,18.5218,0.0000
2,150.2112,24.2979,18.5218,0.0000
3,105.1478,24.2979,18.5218,0.0000
4,73.6035,24.2979,18.5218,0.0000
5,51.5224,24.2979,18.5218,0.0000
6,36.0657,24.2979,18.5218,0.0000
0,36.0657,24.2979,18.5218,0.0000
1,36.0657,24.2979,159.3653,0.0000
2,36.0657,24.2979,111.5557,0.0000
3,36.0657,24.2979,78.0890,0.0000
4,36.0657,24.2979,54.6623,0.0000
5,36.0657,24.2979,38.2636,0.0000
6,36.0657,57.2085,38.2636,0.0000
7,36.0657,40.0460,38.2636,0.0000
8,36.0657,28.0322,38.2636,0.0000
9,36.0657,28.0322,26.7845,0.0000
10,98.7460,28.0322,26.7845,0.0000
0,98.7460,28.0322,26.7845,0.0000
1,90.7222,28.0322,26.7845,0.0000
2,63.5055,28.0322,26.7845,0.0000
3,44.4539,28.0322,26.7845,0.0000
4,31.1177,28.0322,26.7845,0.0000
5,21.7824,28.0322,26.7845,0.0000
6,21.7824,19.6225,26.7845,0.0000
0,21.7824,19.6225,26.7845,0.0000
1,21.7824,19.6225,380.5492,0.0000
2,21.7824,19.6225,266.3844,0.0000
3,21.7824,19.6225,186.4691,0.0000
4,21.7824,19.6225,130.5284,0.0000
5,21.7824,19.6225,91.3699,0.0000
6,21.7824,19.6225,63.9589,0.0000
0,21.7824,19.6225,63.9589,0.0000
1,21.7824,19.6225,164.7712,0.0000
2,21.7824,19.6225,115.3399,0.0000
3,21.7824,19.6225,80.7379,0.0000
4,21.7824,19.6225,56.5165,0.0000
5,21.7824,19.6225,39.5616,0.0000
6,21.7824,19.6225,27.6931,0.0000
0,21.7824,19.6225,27.6931,0.0000
1,21.7824,19.6225,19.3852,0.0000
2,492.8477,19.6225,19.3852,0.0000
3,344.9934,19.6225,19.3852,0.0000
4,241.4954,19.6225,19.3852,0.0000
5,169.0468,19.6225,19.3852,0.0000
6,118.3327,19.6225,19.3852,0.0000
7,82.8329,19.6225,19.3852,0.0000
0,82.8329,19.6225,19.3852,0.0000
1,82.8329,19.6225,19.3852,0.0000
2,152.4830,19.6225,19.3852,0.0000
3,106.7381,19.6225,19.3852,0.0000
4,74.7167,19.6225,19.3852,0.0000
5,52.3017,19.6225,19.3852,0.0000
6,36.6112,19.6225,19.3852,0.0000
7,25.6278,19.6225,19.3852,0.0000
0,25.6278,19.6225,19.3852,0.0000
1,333.5395,19.6225,19.3852,0.0000
2,233.4776,19.6225,19.3852,0.0000
3,163.4343,19.6225,19.3852,0.0000
4,114.4040,19.6225,19.3852,0.0000
5,80.0828,19.6225,19.3852,0.0000
6,56.0580,19.6225,19.3852,0.0000
0,56.0580,19.6225,19.3852,0.0000
1,251.0406,19.6225,19.3852,0.0000
2,175.7284,19.6225,19.3852,0.0000
3,123.0099,19.6225,19.3852,0.0000
4,86.1069,19.6225,19.3852,0.0000
5,60.2748,19.6225,19.3852,0.0000
6,42.1924,19.6225,19.3852,0.0000
0,42.1924,19.6225,19.3852,0.0000
1,183.1347,19.6225,19.3852,0.0000
2,128.1943,19.6225,19.3852,0.0000
3,89.7360,19.6225,19.3852,0.0000
4,62.8152,19.6225,19.3852,0.0000
5,62.8152,19.6225,19.3852,0.0000
6,43.9706,19.6225,19.3852,0.0000
0,43.9706,19.6225,19.3852,0.0000
1,43.9706,19.6225,19.3852,0.0000
2,86.8794,19.6225,19.3852,0.0000
3,60.8156,19.6225,19.3852,0.0000
4,42.5709,19.6225,19.3852,0.0000
5,29.7996,19.6225,19.3852,0.0000
6,20.8598,19.6225,19.3852,0.0000
7,14.6018,19.6225,19.3852,0.0000
0,14.6018,19.6225,19.3852,0.0000
1,14.6018,179.3358,19.3852,0.0000
2,14.6018,125.5350,19.3852,0.0000
3,14.6018,87.8745,19.3852,0.0000
4,14.6018,61.5122,19.3852,0.0000
5,14.6018,43.0585,19.3852,0.0000
6,14.6018,30.1410,19.3852,0.0000
0,14.6018,30.1410,19.3852,0.0000
1,14.6018,215.4987,19.3852,0.0000
2,14.6018,215.4987,19.3852,0.0000
3,14.6018,150.8491,19.3852,0.0000
4,14.6018,105.5944,19.3852,0.0000
5,14.6018,73.9160,19.3852,0.0000
6,14.6018,51.7412,19.3852,0.0000
0,14.6018,51.7412,19.3852,0.0000
1,14.6018,317.9189,19.3852,0.0000
2,14.6018,222.5432,19.3852,0.0000
3,14.6018,155.7802,19.3852,0.0000
4,14.6018,109.0462,19.3852,0.0000
5,14.6018,76.3323,19.3852,0.0000
6,14.6018,53.4326,19.3852,0.0000
0,14.6018,53.4326,19.3852,0.0000
1,14.6018,37.4028,19.3852,0.0000
2,14.6018,26.1820,19.3852,0.0000
3,14.6018,18.3274,19.3852,0.0000
4,14.6018,18.3274,13.5696,0.0000
5,14.6018,12.8292,13.5696,0.0000
0,14.6018,12.8292,13.5696,0.0000
1,352.2213,12.8292,13.5696,0.0000
2,246.5549,12.8292,13.5696,0.0000
3,172.5884,12.8292,13.5696,0.0000
4,120.8119,12.8292,13.5696,0.0000
5,84.5683,12.8292,13.5696,0.0000
6,59.1978,12.8292,13.5696,0.0000
0,59.1978,12.8292,13.5696,0.0000
1,59.1978,12.8292,13.5696,0.0000
2,479.1385,12.8292,13.5696,0.0000
3,479.1385,12.8292,13.5696,0.0000
4,479.1385,12.8292,9.4987,0.0000
5,335.3969,12.8292,9.4987,0.0000
6,234.7779,12.8292,9.4987,0.0000
7,164.3445,12.8292,9.4987,0.0000
0,164.3445,12.8292,9.4987,0.0000
1,584.5411,12.8292,9.4987,0.0000
2,584.5411,12.8292,9.4987,0.0000
3,409.1788,12.8292,9.4987,0.0000
4,286.4252,12.8292,9.4987,0.0000
5,200.4976,12.8292,9.4987,0.0000
6,140.3483,12.8292,9.4987,0.0000
0,140.3483,12.8292,9.4987,0.0000
1,772.0438,12.8292,9.4987,0.0000
2,540.4307,12.8292,9.4987,0.0000
3,378.3015,12.8292,9.4987,0.0000
4,264.8110,12.8292,9.4987,0.0000
5,185.3677,12.8292,9.4987,0.0000
6,129.7574,12.8292,9.4987,0.0000
0,129.7574,12.8292,9.4987,0.0000
1,122.6302,12.8292,9.4987,0.0000
2,85.8411,12.8292,9.4987,0.0000
3,85.8411,12.8292,9.4987,0.0000
4,60.0888,12.8292,9.4987,0.0000
5,42.0622,12.8292,9.4987,0.0000
6,29.4435,12.8292,9.4987,0.0000
0,29.4435,12.8292,9.4987,0.0000
1,403.1105,12.8292,9.4987,0.0000
2,282.1773,12.8292,9.4987,0.0000
3,197.5241,12.8292,9.4987,0.0000
4,138.2669,12.8292,9.4987,0.0000
5,96.7868,12.8292,9.4987,0.0000
6,67.7508,12.8292,9.4987,0.0000
0,67.7508,12.8292,9.4987,0.0000
1,525.3255,12.8292,9.4987,0.0000
2,367.7279,12.8292,9.4987,0.0000
3,257.4095,12.8292,9.4987,0.0000
4,180.1867,12.8292,9.4987,0.0000
5,126.1307,12.8292,9.4987,0.0000
6,88.2915,12.8292,9.4987,0.0000
0,88.2915,12.8292,9.4987,0.0000
1,741.0040,12.8292,9.4987,0.0000
2,518.7028,12.8292,9.4987,0.0000
3,363.0920,12.8292,9.4987,0.0000
4,254.1644,12.8292,9.4987,0.0000
5,177.9151,12.8292,9.4987,0.0000
6,124.5405,12.8292,9.4987,0.0000
0,124.5405,12.8292,9.4987,0.0000
1,713.8784,12.8292,9.4987,0.0000
2,499.7149,12.8292,9.4987,0.0000
3,349.8004,12.8292,9.4987,0.0000
4,349.8004,12.8292,6.6491,0.0000
5,244.8603,12.8292,6.6491,0.0000
6,171.4022,12.8292,6.6491,0.0000
0,171.4022,12.8292,6.6491,0.0000
1,972.5815,12.8292,6.6491,0.0000
2,680.8071,12.8292,6.6491,0.0000
3,476.5650,12.8292,6.6491,0.0000
4,333.5955,12.8292,6.6491,0.0000
5,233.5168,12.8292,6.6491,0.0000
6,233.5168,8.9804,6.6491,0.0000
0,233.5168,8.9804,6.6491,0.0000
1,350.6618,8.9804,6.6491,0.0000
2,245.4632,8.9804,6.6491,0.0000
3,171.8243,8.9804,6.6491,0.0000
4,120.2770,8.9804,6.6491,0.0000
5,120.2770,8.9804,4.6544,0.0000
6,84.1939,8.9804,4.6544,0.0000
0,84.1939,8.9804,4.6544,0.0000
1,351.1357,8.9804,4.6544,0.0000
2,245.7950,8.9804,4.6544,0.0000
3,172.0565,8.9804,4.6544,0.0000
4,172.0565,8.9804,3.2581,0.0000
5,120.4396,8.9804,3.2581,0.0000
6,84.3077,8.9804,3.2581,0.0000
0,84.3077,8.9804,3.2581,0.0000
1,70.7154,8.9804,3.2581,0.0000
2,49.5008,8.9804,3.2581,0.0000
3,34.6505,8.9804,3.2581,0.0000
4,34.6505,8.9804,2.2806,0.0000
5,24.2554,8.9804,2.2806,0.0000
6,16.9788,8.9804,2.2806,0.0000
0,16.9788,8.9804,2.2806,0.0000
1,339.7851,8.9804,2.2806,0.0000
2,237.8496,8.9804,2.2806,0.0000
3,166.4947,8.9804,2.2806,0.0000
4,116.5463,8.9804,2.2806,0.0000
5,81.5824,8.9804,2.2806,0.0000
6,57.1077,8.9804,2.2806,0.0000
0,57.1077,8.9804,2.2806,0.0000
1,1044.6754,8.9804,2.2806,0.0000
2,731.2728,8.9804,2.2806,0.0000
3,511.8909,8.9804,2.2806,0.0000
4,511.8909,8.9804,2.2806,0.0000
5,358.3237,8.9804,2.2806,0.0000
6,250.8266,8.9804,2.2806,0.0000
0,250.8266,8.9804,2.2806,0.0000
1,250.8266,8.9804,410.7965,0.0000
2,250.8266,8.9804,287.5575,0.0000
3,268.8786,8.9804,287.5575,0.0000
4,268.8786,6.2863,287.5575,0.0000
5,268.8786,6.2863,201.2903,0.0000
6,188.2150,6.2863,201.2903,0.0000
7,188.2150,6.2863,140.9032,0.0000
8,131.7505,6.2863,140.9032,0.0000
0,131.7505,6.2863,140.9032,0.0000
1,131.7505,6.2863,212.6322,0.0000
2,131.7505,6.2863,148.8426,0.0000
3,131.7505,6.2863,104.1898,0.0000
4,245.2254,6.2863,104.1898,0.0000
5,171.6577,6.2863,104.1898,0.0000
6,171.6577,24.5004,104.1898,0.0000
7,120.1604,24.5004,104.1898,0.0000
8,84.1123,24.5004,104.1898,0.0000
9,84.1123,24.5004,72.9329,0.0000
10,58.8786,24.5004,72.9329,0.0000
0,58.8786,24.5004,72.9329,0.0000
1,58.8786,24.5004,131.1530,0.0000
2,58.8786,24.5004,91.8071,0.0000
3,58.8786,24.5004,64.2650,0.0000
4,58.8786,24.5004,44.9855,0.0000
5,56.8150,24.5004,44.9855,0.0000
6,39.7705,24.5004,44.9855,0.0000
7,39.7705,24.5004,31.4898,0.0000
8,27.8394,24.5004,31.4898,0.0000
9,27.8394,24.5004,22.0429,0.0000
10,19.4876,24.5004,22.0429,0.0000
0,19.4876,24.5004,22.0429,0.0000
1,19.4876,526.8503,22.0429,0.0000
2,19.4876,526.8503,15.4300,0.0000
3,19.4876,368.7952,15.4300,0.0000
4,19.4876,258.1566,15.4300,0.0000
5,19.4876,180.7096,15.4300,0.0000
6,19.4876,126.4968,15.4300,0.0000
0,19.4876,126.4968,15.4300,0.0000
1,19.4876,126.4968,136.8010,0.0000
2,19.4876,126.4968,136.8010,0.0000
3,19.4876,126.4968,95.7607,0.0000
4,19.4876,130.5477,95.7607,0.0000
5,19.4876,91.3834,95.7607,0.0000
6,19.4876,91.3834,67.0325,0.0000
7,19.4876,63.9684,67.0325,0.0000
8,19.4876,63.9684,46.9227,0.0000
9,19.4876,44.7779,46.9227,0.0000
0,19.4876,44.7779,46.9227,0.0000
1,19.4876,44.7779,375.1459,0.0000
2,19.4876,44.7779,262.6021,0.0000
3,19.4876,44.7779,183.8215,0.0000
4,19.4876,44.7779,128.6751,0.0000
5,19.4876,44.7779,90.0725,0.0000
6,19.4876,44.7779,63.0508,0.0000
0,19.4876,44.7779,63.0508,0.0000
1,696.7413,44.7779,63.0508,0.0000
2,487.7189,44.7779,63.0508,0.0000
3,341.4032,44.7779,63.0508,0.0000
4,238.9823,44.7779,63.0508,0.0000
5,167.2876,44.7779,63.0508,0.0000
6,117.1013,44.7779,63.0508,0.0000
0,117.1013,44.7779,63.0508,0.0000
1,194.4709,44.7779,63.0508,0.0000
2,136.1296,44.7779,63.0508,0.0000
3,95.2907,44.7779,63.0508,0.0000
4,66.7035,44.7779,63.0508,0.0000
5,46.6925,44.7779,63.0508,0.0000
6,46.6925,44.7779,44.1355,0.0000
0,46.6925,44.7779,44.1355,0.0000
1,46.6925,44.7779,266.3949,0.0000
2,46.6925,44.7779,186.4764,0.0000
3,46.6925,44.7779,130.5335,0.0000
4,46.6925,44.7779,91.3734,0.0000
5,46.6925,44.7779,63.9614,0.0000
6,46.6925,44.8445,63.9614,0.0000
7,46.6925,44.8445,44.7730,0.0000
8,48.5847,44.8445,44.7730,0.0000
9,34.0093,44.8445,44.7730,0.0000
10,34.0093,31.3912,44.7730,0.0000
0,34.0093,31.3912,44.7730,0.0000
1,34.0093,334.5738,44.7730,0.0000
2,34.0093,234.2017,44.7730,0.0000
3,229.0065,234.2017,44.7730,0.0000
4,229.0065,163.9412,44.7730,0.0000
5,160.3046,163.9412,44.7730,0.0000
6,160.3046,114.7588,44.7730,0.0000
7,112.2132,114.7588,44.7730,0.0000
8,112.2132,80.3312,44.7730,0.0000
0,112.2132,80.3312,44.7730,0.0000
1,399.8492,80.3312,44.7730,0.0000
2,279.8945,80.3312,44.7730,0.0000
3,195.9261,80.3312,44.7730,0.0000
4,137.1483,80.3312,44.7730,0.0000
5,96.0038,80.3312,44.7730,0.0000
6,67.2027,80.3312,44.7730,0.0000
0,67.2027,80.3312,44.7730,0.0000
1,67.2027,142.0318,44.7730,0.0000
2,67.2027,99.4223,44.7730,0.0000
3,67.2027,69.5956,44.7730,0.0000
4,67.2027,48.7169,44.7730,0.0000
5,67.2027,48.7169,44.7730,0.0000
6,476.0419,48.7169,44.7730,0.0000
7,333.2293,48.7169,44.7730,0.0000
8,233.2605,48.7169,44.7730,0.0000
9,163.2824,48.7169,44.7730,0.0000
10,114.2977,48.7169,44.7730,0.0000
0,114.2977,48.7169,44.7730,0.0000
1,252.8084,48.7169,44.7730,0.0000
2,252.8084,34.1018,44.7730,0.0000
3,176.9658,34.1018,44.7730,0.0000
4,123.8761,34.1018,44.7730,0.0000
5,86.7133,34.1018,44.7730,0.0000
6,60.6993,34.1018,44.7730,0.0000
0,60.6993,34.1018,44.7730,0.0000
1,368.8895,34.1018,44.7730,0.0000
2,258.2227,34.1018,44.7730,0.0000
3,180.7559,34.1018,44.7730,0.0000
4,126.5291,34.1018,44.7730,0.0000
5,88.5704,34.1018,44.7730,0.0000
6,61.9993,34.1018,44.7730,0.0000
0,61.9993,34.1018,44.7730,0.0000
1,908.8995,34.1018,44.7730,0.0000
2,636.2296,34.1018,44.7730,0.0000
3,445.3607,34.1018,44.7730,0.0000
4,311.7525,34.1018,44.7730,0.0000
5,218.2268,34.1018,44.7730,0.0000
6,152.7587,34.1018,44.7730,0.0000
0,152.7587,34.1018,44.7730,0.0000
1,373.3311,34.1018,44.7730,0.0000
2,261.3318,34.1018,44.7730,0.0000
3,182.9322,34.1018,44.7730,0.0000
4,128.0526,34.1018,44.7730,0.0000
5,89.6368,34.1018,44.7730,0.0000
6,62.7458,34.1018,44.7730,0.0000
0,62.7458,34.1018,44.7730,0.0000
1,695.2220,34.1018,44.7730,0.0000
2,486.6554,34.1018,44.7730,0.0000
3,340.6588,34.1018,44.7730,0.0000
4,238.4612,34.1018,44.7730,0.0000
5,166.9228,34.1018,44.7730,0.0000
6,116.8460,34.1018,44.7730,0.0000
0,116.8460,34.1018,44.7730,0.0000
1,589.0922,34.1018,44.7730,0.0000
2,412.3645,34.1018,44.7730,0.0000
3,288.6552,34.1018,44.7730,0.0000
4,202.0586,34.1018,44.7730,0.0000
5,141.4410,34.1018,44.7730,0.0000
6,99.0087,34.1018,44.7730,0.0000
0,99.0087,34.1018,44.7730,0.0000
1,687.6061,34.1018,44.7730,0.0000
2,481.3243,34.1018,44.7730,0.0000
3,336.9270,34.1018,44.7730,0.0000
4,235.8489,34.1018,44.7730,0.0000
5,165.0942,34.1018,44.7730,0.0000
6,165.0942,23.8713,44.7730,0.0000
0,165.0942,23.8713,44.7730,0.0000
1,822.3660,23.8713,44.7730,0.0000
2,575.6562,23.8713,44.7730,0.0000
3,402.9593,23.8713,44.7730,0.0000
4,282.0715,23.8713,44.7730,0.0000
5,282.0715,23.8713,44.7730,0.0000
6,197.4501,23.8713,44.7730,0.0000
0,197.4501,23.8713,44.7730,0.0000
1,513.2150,23.8713,44.7730,0.0000
2,359.2505,23.8713,44.7730,0.0000
3,251.4754,23.8713,44.7730,0.0000
4,176.0328,23.8713,44.7730,0.0000
5,123.2229,23.8713,44.7730,0.0000
6,86.2561,23.8713,44.7730,0.0000
0,86.2561,23.8713,44.7730,0.0000
1,182.1792,23.8713,44.7730,0.0000
2,127.5255,23.8713,44.7730,0.0000
3,89.2678,23.8713,44.7730,0.0000
4,89.2678,16.7099,44.7730,0.0000
5,62.4875,16.7099,44.7730,0.0000
6,62.4875,16.7099,44.7730,0.0000
0,62.4875,16.7099,44.7730,0.0000
1,496.7412,16.7099,44.7730,0.0000
2,347.7189,16.7099,44.7730,0.0000
3,347.7189,16.7099,31.3411,0.0000
4,347.7189,11.6969,31.3411,0.0000
5,243.4032,11.6969,31.3411,0.0000
6,170.3822,11.6969,31.3411,0.0000
0,170.3822,11.6969,31.3411,0.0000
1,629.2676,11.6969,31.3411,0.0000
2,629.2676,8.1879,31.3411,0.0000
3,440.4873,8.1879,31.3411,0.0000
4,308.3411,8.1879,31.3411,0.0000
5,308.3411,8.1879,21.9388,0.0000
6,215.8388,8.1879,21.9388,0.0000
0,215.8388,8.1879,21.9388,0.0000
1,725.8871,8.1879,21.9388,0.0000
2,725.8871,8.1879,15.3571,0.0000
3,508.1210,8.1879,15.3571,0.0000
4,508.1210,8.1879,15.3571,0.0000
5,355.6847,8.1879,15.3571,0.0000
6,248.9793,8.1879,15.3571,0.0000
0,248.9793,8.1879,15.3571,0.0000
1,1098.2855,8.1879,15.3571,0.0000
2,768.7999,8.1879,15.3571,0.0000
3,538.1599,8.1879,15.3571,0.0000
4,376.7119,8.1879,15.3571,0.0000
5,263.6983,8.1879,15.3571,0.0000
6,184.5888,8.1879,15.3571,0.0000
0,184.5888,8.1879,15.3571,0.0000
1,165.2122,8.1879,15.3571,0.0000
2,115.6485,8.1879,15.3571,0.0000
3,115.6485,8.1879,10.7500,0.0000
4,80.9540,8.1879,10.7500,0.0000
5,56.6678,8.1879,10.7500,0.0000
6,39.6674,8.1879,10.7500,0.0000
0,39.6674,8.1879,10.7500,0.0000
1,605.2672,8.1879,10.7500,0.0000
2,423.6870,8.1879,10.7500,0.0000
3,296.5809,8.1879,10.7500,0.0000
4,296.5809,8.1879,10.7500,0.0000
5,207.6067,8.1879,10.7500,0.0000
6,145.3247,8.1879,10.7500,0.0000
0,145.3247,8.1879,10.7500,0.0000
1,443.7273,8.1879,10.7500,0.0000
2,310.6091,8.1879,10.7500,0.0000
3,310.6091,5.7315,10.7500,0.0000
4,217.4264,5.7315,10.7500,0.0000
5,152.1985,5.7315,10.7500,0.0000
6,106.5389,5.7315,10.7500,0.0000
0,106.5389,5.7315,10.7500,0.0000
1,918.4772,5.7315,10.7500,0.0000
2,642.9341,5.7315,10.7500,0.0000
3,450.0538,5.7315,10.7500,0.0000
4,315.0377,5.7315,10.7500,0.0000
5,220.5264,5.7315,10.7500,0.0000
6,154.3685,5.7315,10.7500,0.0000
0,154.3685,5.7315,10.7500,0.0000
1,922.8579,5.7315,10.7500,0.0000
2,646.0006,5.7315,10.7500,0.0000
3,452.2004,5.7315,10.7500,0.0000
4,452.2004,5.7315,10.7500,0.0000
5,316.5403,5.7315,10.7500,0.0000
6,221.5782,5.7315,10.7500,0.0000
0,221.5782,5.7315,10.7500,0.0000
1,320.7047,5.7315,10.7500,0.0000
2,224.4933,5.7315,10.7500,0.0000
3,157.1453,5.7315,10.7500,0.0000
4,110.0017,5.7315,10.7500,0.0000
5,77.0012,5.7315,10.7500,0.0000
6,53.9008,5.7315,10.7500,0.0000
0,53.9008,5.7315,10.7500,0.0000
1,527.3306,5.7315,10.7500,0.0000
2,369.1314,5.7315,10.7500,0.0000
3,258.3920,5.7315,10.7500,0.0000
4,180.8744,5.7315,10.7500,0.0000
5,126.6121,5.7315,10.7500,0.0000
6,88.6285,5.7315,10.7500,0.0000
0,88.6285,5.7315,10.7500,0.0000
1,733.4399,5.7315,10.7500,0.0000
2,513.4079,5.7315,10.7500,0.0000
3,359.3856,5.7315,10.7500,0.0000
4,251.5699,5.7315,10.7500,0.0000
5,176.0989,5.7315,10.7500,0.0000
6,123.2692,5.7315,10.7500,0.0000
0,123.2692,5.7315,10.7500,0.0000
1,203.2885,5.7315,10.7500,0.0000
2,142.3019,5.7315,10.7500,0.0000
3,142.3019,4.0120,10.7500,0.0000
4,99.6114,4.0120,10.7500,0.0000
5,99.6114,2.8084,10.7500,0.0000
6,69.7279,2.8084,10.7500,0.0000
0,69.7279,2.8084,10.7500,0.0000
1,577.7096,2.8084,10.7500,0.0000
2,577.7096,1.9659,10.7500,0.0000
3,404.3967,1.9659,10.7500,0.0000
4,283.0777,1.9659,10.7500,0.0000
5,198.1544,1.9659,10.7500,0.0000
6,138.7081,1.9659,10.7500,0.0000
0,138.7081,1.9659,10.7500,0.0000
1,758.8956,1.9659,10.7500,0.0000
2,531.2270,1.9659,10.7500,0.0000
3,371.8589,1.9659,10.7500,0.0000
4,260.3012,1.9659,10.7500,0.0000
5,182.2108,1.9659,10.7500,0.0000
6,127.5476,1.9659,10.7500,0.0000
0,127.5476,1.9659,10.7500,0.0000
1,491.8833,1.9659,10.7500,0.0000
2,344.3183,1.9659,10.7500,0.0000
3,241.0228,1.9659,10.7500,0.0000
4,168.7160,1.9659,10.7500,0.0000
5,118.1012,1.9659,10.7500,0.0000
6,82.6708,1.9659,10.7500,0.0000
0,82.6708,1.9659,10.7500,0.0000
1,533.6696,1.9659,10.7500,0.0000
2,533.6696,1.3761,10.7500,0.0000
3,373.5687,1.3761,10.7500,0.0000
4,261.4981,1.3761,10.7500,0.0000
5,261.4981,1.3761,10.7500,0.0000
6,183.0487,1.3761,10.7500,0.0000
0,183.0487,1.3761,10.7500,0.0000
1,473.7341,1.3761,10.7500,0.0000
2,331.6138,1.3761,10.7500,0.0000
3,331.6138,1.3761,7.5250,0.0000
4,232.1297,1.3761,7.5250,0.0000
5,162.4908,1.3761,7.5250,0.0000
6,113.7435,1.3761,7.5250,0.0000
0,113.7435,1.3761,7.5250,0.0000
1,760.6205,1.3761,7.5250,0.0000
2,760.6205,0.9633,7.5250,0.0000
3,532.4343,0.9633,7.5250,0.0000
4,372.7040,0.9633,7.5250,0.0000
5,260.8928,0.9633,7.5250,0.0000
6,182.6250,0.9633,7.5250,0.0000
0,182.6250,0.9633,7.5250,0.0000
1,706.8375,0.9633,7.5250,0.0000
2,494.7862,0.9633,7.5250,0.0000
3,346.3504,0.9633,7.5250,0.0000
4,242.4453,0.9633,7.5250,0.0000
5,169.7117,0.9633,7.5250,0.0000
6,169.7117,0.9633,7.5250,0.0000
0,169.7117,0.9633,7.5250,0.0000
1,442.7982,0.9633,7.5250,0.0000
2,309.9587,0.9633,7.5250,0.0000
3,309.9587,0.9633,7.5250,0.0000
4,216.9711,0.9633,7.5250,0.0000
5,151.8798,0.9633,7.5250,0.0000
6,106.3158,0.9633,7.5250,0.0000
0,106.3158,0.9633,7.5250,0.0000
1,945.0211,0.9633,7.5250,0.0000
2,661.5148,0.9633,7.5250,0.0000
3,463.0603,0.9633,7.5250,0.0000
4,324.1422,0.9633,7.5250,0.0000
5,226.8996,0.9633,7.5250,0.0000
6,158.8297,0.9633,7.5250,0.0000
0,158.8297,0.9633,7.5250,0.0000
1,111.1808,0.9633,7.5250,0.0000
2,77.8266,0.9633,7.5250,0.0000
3,54.4786,0.9633,7.5250,0.0000
4,38.1350,0.9633,7.5250,0.0000
5,26.6945,0.9633,7.5250,0.0000
0,26.6945,0.9633,7.5250,0.0000
1,42.6862,0.9633,7.5250,0.0000
2,42.6862,358.2743,7.5250,0.0000
3,42.6862,250.7920,7.5250,0.0000
4,42.6862,250.7920,7.5250,0.0000
5,42.6862,175.5544,7.5250,0.0000
6,42.6862,122.8881,7.5250,0.0000
7,42.6862,86.0217,7.5250,0.0000
0,42.6862,86.0217,7.5250,0.0000
1,42.6862,100.7152,7.5250,0.0000
2,42.6862,70.5006,7.5250,0.0000
3,42.6862,49.3504,7.5250,0.0000
4,42.6862,34.5453,7.5250,0.0000
5,304.0803,34.5453,7.5250,0.0000
6,212.8562,34.5453,7.5250,0.0000
7,148.9994,34.5453,7.5250,0.0000
8,104.2995,34.5453,7.5250,0.0000
9,73.0097,34.5453,7.5250,0.0000
10,51.1068,34.5453,7.5250,0.0000
0,51.1068,34.5453,7.5250,0.0000
1,51.1068,34.5453,7.5250,0.0000
2,83.7747,34.5453,7.5250,0.0000
3,58.6423,34.5453,7.5250,0.0000
4,41.0496,34.5453,7.5250,0.0000
5,28.7347,34.5453,7.5250,0.0000
6,28.7347,42.4817,7.5250,0.0000
7,28.7347,29.7372,7.5250,0.0000
8,28.7347,20.8160,7.5250,0.0000
9,26.4143,20.8160,7.5250,0.0000
10,18.4900,20.8160,7.5250,0.0000
0,18.4900,20.8160,7.5250,0.0000
1,18.4900,198.4712,7.5250,0.0000
2,18.4900,198.4712,953.2675,0.0000
3,18.4900,198.4712,667.2872,0.0000
4,494.7430,198.4712,667.2872,0.0000
5,494.7430,198.4712,509.1011,0.0000
6,494.7430,198.4712,356.3708,0.0000
7,350.8201,198.4712,356.3708,0.0000
8,350.8201,198.4712,249.4595,0.0000
9,245.5741,198.4712,249.4595,0.0000
10,245.5741,198.4712,174.6217,0.0000
0,245.5741,198.4712,174.6217,0.0000
1,245.5741,280.8299,174.6217,0.0000
2,245.5741,196.5809,174.6217,0.0000
3,297.6019,196.5809,174.6217,0.0000
4,208.3213,196.5809,174.6217,0.0000
5,145.8249,196.5809,174.6217,0.0000
6,145.8249,137.6066,174.6217,0.0000
7,145.8249,137.6066,145.0352,0.0000
8,104.4774,137.6066,145.0352,0.0000
9,104.4774,137.6066,101.5246,0.0000
10,104.4774,96.3246,101.5246,0.0000
0,104.4774,96.3246,101.5246,0.0000
1,206.3342,96.3246,101.5246,0.0000
2,206.3342,96.3246,101.5246,0.0000
3,144.4339,96.3246,101.5246,0.0000
4,101.1038,96.3246,101.5246,0.0000
5,101.1038,96.3246,71.0672,0.0000
6,70.7726,96.3246,71.0672,0.0000
0,70.7726,96.3246,71.0672,0.0000
1,70.7726,317.6272,71.0672,0.0000
2,70.7726,222.3391,71.0672,0.0000
3,70.7726,155.6374,71.0672,0.0000
4,70.7726,108.9461,71.0672,0.0000
5,70.7726,76.2623,71.0672,0.0000
6,70.7726,53.3836,71.0672,0.0000
0,70.7726,53.3836,71.0672,0.0000
1,70.7726,53.3836,288.8471,0.0000
2,70.7726,53.3836,202.1929,0.0000
3,70.7726,53.3836,141.5351,0.0000
4,70.7726,53.3836,141.5351,0.0000
5,70.7726,53.3836,99.0745,0.0000
6,70.7726,53.3836,69.3522,0.0000
0,70.7726,53.3836,69.3522,0.0000
1,837.3408,53.3836,69.3522,0.0000
2,586.1386,53.3836,69.3522,0.0000
3,586.1386,53.3836,48.5465,0.0000
4,410.2970,53.3836,48.5465,0.0000
5,287.2079,53.3836,48.5465,0.0000
6,201.0455,53.3836,48.5465,0.0000
0,201.0455,53.3836,48.5465,0.0000
1,1050.0319,53.3836,48.5465,0.0000
2,735.0223,53.3836,48.5465,0.0000
3,514.5156,53.3836,48.5465,0.0000
4,360.1609,53.3836,48.5465,0.0000
5,252.1127,53.3836,48.5465,0.0000
6,176.4789,53.3836,48.5465,0.0000
0,176.4789,53.3836,48.5465,0.0000
1,347.9352,53.3836,48.5465,0.0000
2,347.9352,53.3836,48.5465,0.0000
3,243.5546,53.3836,48.5465,0.0000
4,170.4882,53.3836,48.5465,0.0000
5,119.3418,53.3836,48.5465,0.0000
6,83.5392,53.3836,48.5465,0.0000
0,83.5392,53.3836,48.5465,0.0000
1,123.8775,53.3836,48.5465,0.0000
2,86.7142,53.3836,48.5465,0.0000
3,60.7000,53.3836,48.5465,0.0000
4,42.4900,53.3836,48.5465,0.0000
5,42.4900,37.3685,48.5465,0.0000
6,42.4900,37.3685,33.9826,0.0000
0,42.4900,37.3685,33.9826,0.0000
1,404.4430,37.3685,33.9826,0.0000
2,283.1101,37.3685,33.9826,0.0000
3,283.1101,26.1580,33.9826,0.0000
4,198.1771,26.1580,33.9826,0.0000
5,138.7239,26.1580,33.9826,0.0000
6,97.1068,26.1580,33.9826,0.0000
0,97.1068,26.1580,33.9826,0.0000
1,804.7747,26.1580,33.9826,0.0000
2,563.3423,26.1580,33.9826,0.0000
3,394.3396,26.1580,33.9826,0.0000
4,276.0377,26.1580,33.9826,0.0000
5,193.2264,26.1580,33.9826,0.0000
6,135.2585,26.1580,33.9826,0.0000
0,135.2585,26.1580,33.9826,0.0000
1,1085.5809,26.1580,33.9826,0.0000
2,759.9067,26.1580,33.9826,0.0000
3,531.9347,26.1580,33.9826,0.0000
4,372.3543,26.1580,33.9826,0.0000
5,260.6480,26.1580,33.9826,0.0000
6,182.4536,26.1580,33.9826,0.0000
0,182.4536,26.1580,33.9826,0.0000
1,170.9175,26.1580,33.9826,0.0000
2,170.9175,18.3106,33.9826,0.0000
3,119.6423,18.3106,33.9826,0.0000
4,83.7496,18.3106,33.9826,0.0000
5,83.7496,18.3106,23.7878,0.0000
6,58.6247,18.3106,23.7878,0.0000
0,58.6247,18.3106,23.7878,0.0000
1,491.0373,18.3106,23.7878,0.0000
2,343.7261,18.3106,23.7878,0.0000
3,343.7261,18.3106,16.6515,0.0000
4,240.6083,18.3106,16.6515,0.0000
5,168.4258,18.3106,16.6515,0.0000
6,117.8981,18.3106,16.6515,0.0000
0,117.8981,18.3106,16.6515,0.0000
1,514.5286,18.3106,16.6515,0.0000
2,514.5286,18.3106,16.6515,0.0000
3,360.1700,18.3106,16.6515,0.0000
4,252.1190,18.3106,16.6515,0.0000
5,252.1190,12.8174,16.6515,0.0000
6,176.4833,12.8174,16.6515,0.0000
0,176.4833,12.8174,16.6515,0.0000
1,689.3383,12.8174,16.6515,0.0000
2,482.5368,12.8174,16.6515,0.0000
3,337.7758,12.8174,16.6515,0.0000
4,236.4430,12.8174,16.6515,0.0000
5,165.5101,12.8174,16.6515,0.0000
6,115.8571,12.8174,16.6515,0.0000
0,115.8571,12.8174,16.6515,0.0000
1,115.8571,12.8174,138.8560,0.0000
2,115.8571,12.8174,97.1992,0.0000
3,1034.2000,12.8174,97.1992,0.0000
4,723.9400,12.8174,97.1992,0.0000
5,506.7580,12.8174,97.1992,0.0000
6,354.7306,12.8174,97.1992,0.0000
7,248.3114,12.8174,97.1992,0.0000
8,173.8180,12.8174,97.1992,0.0000
0,173.8180,12.8174,97.1992,0.0000
1,173.8180,12.8174,97.1992,0.0000
2,727.6726,12.8174,97.1992,0.0000
3,727.6726,12.8174,68.0395,0.0000
4,509.3708,12.8174,68.0395,0.0000
5,509.3708,12.8174,47.6276,0.0000
6,356.5596,12.8174,47.6276,0.0000
7,249.5917,12.8174,47.6276,0.0000
0,249.5917,12.8174,47.6276,0.0000
1,685.6142,12.8174,47.6276,0.0000
2,479.9299,12.8174,47.6276,0.0000
3,335.9510,12.8174,47.6276,0.0000
4,235.1657,12.8174,47.6276,0.0000
5,164.6160,12.8174,47.6276,0.0000
6,115.2312,12.8174,47.6276,0.0000
0,115.2312,12.8174,47.6276,0.0000
1,115.2312,291.5722,47.6276,0.0000
2,115.2312,204.1005,47.6276,0.0000
3,115.2312,142.8704,47.6276,0.0000
4,115.2312,100.0093,47.6276,0.0000
5,204.8618,100.0093,47.6276,0.0000
6,143.4033,100.0093,47.6276,0.0000
7,100.3823,100.0093,47.6276,0.0000
8,70.2676,100.0093,47.6276,0.0000
9,70.2676,70.0065,47.6276,0.0000
10,49.1873,70.0065,47.6276,0.0000
0,49.1873,70.0065,47.6276,0.0000
1,49.1873,61.3045,47.6276,0.0000
2,49.1873,42.9132,47.6276,0.0000
3,206.6311,42.9132,47.6276,0.0000
4,206.6311,30.0392,47.6276,0.0000
5,144.6418,30.0392,47.6276,0.0000
6,101.2493,30.0392,47.6276,0.0000
7,70.8745,30.0392,47.6276,0.0000
8,70.8745,21.0275,47.6276,0.0000
0,70.8745,21.0275,47.6276,0.0000
1,328.6121,21.0275,47.6276,0.0000
2,328.6121,21.0275,47.6276,0.0000
3,230.0285,21.0275,47.6276,0.0000
4,161.0199,21.0275,47.6276,0.0000
5,112.7140,21.0275,47.6276,0.0000
6,78.8998,21.0275,47.6276,0.0000
0,78.8998,21.0275,47.6276,0.0000
1,320.1298,21.0275,47.6276,0.0000
2,224.0909,21.0275,47.6276,0.0000
3,156.8636,21.0275,47.6276,0.0000
4,109.8045,21.0275,47.6276,0.0000
5,76.8632,21.0275,47.6276,0.0000
6,53.8042,21.0275,47.6276,0.0000
0,53.8042,21.0275,47.6276,0.0000
1,53.8042,164.1192,47.6276,0.0000
2,53.8042,114.8835,47.6276,0.0000
3,53.8042,80.4184,47.6276,0.0000
4,53.8042,56.2929,47.6276,0.0000
5,53.8042,39.4050,47.6276,0.0000
6,196.9630,39.4050,47.6276,0.0000
7,196.9630,39.4050,47.6276,0.0000
8,137.8741,39.4050,47.6276,0.0000
9,96.5118,39.4050,47.6276,0.0000
10,67.5583,39.4050,47.6276,0.0000
0,67.5583,39.4050,47.6276,0.0000
1,246.1908,39.4050,47.6276,0.0000
2,172.3336,39.4050,47.6276,0.0000
3,120.6335,39.4050,47.6276,0.0000
4,84.4434,39.4050,47.6276,0.0000
5,59.1104,39.4050,47.6276,0.0000
6,41.3773,39.4050,47.6276,0.0000
0,41.3773,39.4050,47.6276,0.0000
1,41.3773,39.4050,285.0393,0.0000
2,41.3773,125.6835,285.0393,0.0000
3,41.3773,125.6835,199.5275,0.0000
4,41.3773,125.6835,139.6693,0.0000
5,41.3773,125.6835,97.7685,0.0000
6,41.3773,87.9785,97.7685,0.0000
7,41.3773,87.9785,68.4379,0.0000
0,41.3773,87.9785,68.4379,0.0000
1,41.3773,322.5849,68.4379,0.0000
2,41.3773,225.8094,68.4379,0.0000
3,173.2641,225.8094,68.4379,0.0000
4,173.2641,158.0666,68.4379,0.0000
5,121.2849,158.0666,68.4379,0.0000
6,121.2849,110.6466,68.4379,0.0000
7,84.8994,110.6466,68.4379,0.0000
8,84.8994,77.4526,68.4379,0.0000
0,84.8994,77.4526,68.4379,0.0000
1,281.4296,77.4526,68.4379,0.0000
2,197.0007,77.4526,68.4379,0.0000
3,137.9005,77.4526,68.4379,0.0000
4,137.9005,54.2168,68.4379,0.0000
5,96.5303,54.2168,68.4379,0.0000
6,67.5712,54.2168,68.4379,0.0000
0,67.5712,54.2168,68.4379,0.0000
1,67.5712,54.2168,47.9066,0.0000
2,132.7999,54.2168,47.9066,0.0000
3,92.9599,54.2168,47.9066,0.0000
4,65.0719,54.2168,47.9066,0.0000
5,65.0719,37.9518,47.9066,0.0000
6,45.5504,37.9518,47.9066,0.0000
7,45.5504,37.9518,33.5346,0.0000
0,45.5504,37.9518,33.5346,0.0000
1,315.0852,37.9518,33.5346,0.0000
2,220.5597,37.9518,33.5346,0.0000
3,154.3918,37.9518,33.5346,0.0000
4,108.0742,37.9518,33.5346,0.0000
5,75.6520,37.9518,33.5346,0.0000
6,52.9564,37.9518,33.5346,0.0000
0,52.9564,37.9518,33.5346,0.0000
1,286.3695,37.9518,33.5346,0.0000
2,200.4586,37.9518,33.5346,0.0000
3,140.3210,37.9518,33.5346,0.0000
4,98.2247,37.9518,33.5346,0.0000
5,68.7573,37.9518,33.5346,0.0000
6,48.1301,37.9518,33.5346,0.0000
0,48.1301,37.9518,33.5346,0.0000
1,705.6911,37.9518,33.5346,0.0000
2,493.9838,37.9518,33.5346,0.0000
3,493.9838,37.9518,33.5346,0.0000
4,345.7886,37.9518,33.5346,0.0000
5,345.7886,37.9518,33.5346,0.0000
6,242.0520,37.9518,33.5346,0.0000
0,242.0520,37.9518,33.5346,0.0000
1,1237.4364,37.9518,33.5346,0.0000
2,1237.4364,37.9518,33.5346,0.0000
3,866.2055,37.9518,33.5346,0.0000
4,606.3439,37.9518,33.5346,0.0000
5,424.4407,37.9518,33.5346,0.0000
6,297.1085,37.9518,33.5346,0.0000
0,297.1085,37.9518,33.5346,0.0000
1,394.8759,37.9518,33.5346,0.0000
2,276.4132,37.9518,33.5346,0.0000
3,276.4132,37.9518,23.4742,0.0000
4,276.4132,37.9518,23.4742,0.0000
5,276.4132,37.9518,23.4742,0.0000
6,276.4132,37.9518,16.4320,0.0000
0,276.4132,37.9518,16.4320,0.0000
1,1027.4892,37.9518,16.4320,0.0000
2,719.2424,37.9518,16.4320,0.0000
3,503.4697,37.9518,16.4320,0.0000
4,352.4288,37.9518,16.4320,0.0000
5,352.4288,37.9518,16.4320,0.0000
6,352.4288,37.9518,16.4320,0.0000
0,352.4288,37.9518,16.4320,0.0000
1,562.9002,37.9518,16.4320,0.0000
2,394.0301,37.9518,16.4320,0.0000
3,394.0301,26.5663,16.4320,0.0000
4,275.8211,26.5663,16.4320,0.0000
5,193.0748,26.5663,16.4320,0.0000
6,135.1523,26.5663,16.4320,0.0000
0,135.1523,26.5663,16.4320,0.0000
1,573.4066,26.5663,16.4320,0.0000
2,401.3846,26.5663,16.4320,0.0000
3,280.9692,26.5663,16.4320,0.0000
4,196.6785,26.5663,16.4320,0.0000
5,137.6749,26.5663,16.4320,0.0000
6,96.3725,26.5663,16.4320,0.0000
0,96.3725,26.5663,16.4320,0.0000
1,1072.1607,26.5663,16.4320,0.0000
2,750.5125,26.5663,16.4320,0.0000
3,525.3588,26.5663,16.4320,0.0000
4,367.7511,26.5663,16.4320,0.0000
5,257.4258,26.5663,16.4320,0.0000
6,180.1981,26.5663,16.4320,0.0000
0,180.1981,26.5663,16.4320,0.0000
1,180.1981,26.5663,16.4320,0.0000
2,140.5386,26.5663,16.4320,0.0000
3,140.5386,26.5663,11.5024,0.0000
4,98.3770,26.5663,11.5024,0.0000
5,98.3770,26.5663,11.5024,0.0000
6,68.8639,26.5663,11.5024,0.0000
7,48.2048,26.5663,11.5024,0.0000
0,48.2048,26.5663,11.5024,0.0000
1,168.7433,26.5663,11.5024,0.0000
2,118.1203,26.5663,11.5024,0.0000
3,82.6842,26.5663,11.5024,0.0000
4,57.8790,26.5663,11.5024,0.0000
5,40.5153,26.5663,11.5024,0.0000
6,28.3607,26.5663,11.5024,0.0000
0,28.3607,26.5663,11.5024,0.0000
1,359.7525,26.5663,11.5024,0.0000
2,251.8267,26.5663,11.5024,0.0000
3,176.2787,26.5663,11.5024,0.0000
4,123.3951,26.5663,11.5024,0.0000
5,86.3766,26.5663,11.5024,0.0000
6,60.4636,26.5663,11.5024,0.0000
0,60.4636,26.5663,11.5024,0.0000
1,629.4245,26.5663,11.5024,0.0000
2,629.4245,26.5663,8.0517,0.0000
3,440.5972,26.5663,8.0517,0.0000
4,308.4180,26.5663,8.0517,0.0000
5,215.8926,26.5663,8.0517,0.0000
6,151.1248,26.5663,8.0517,0.0000
0,151.1248,26.5663,8.0517,0.0000
1,540.1874,26.5663,8.0517,0.0000
2,378.1312,26.5663,8.0517,0.0000
3,264.6918,26.5663,8.0517,0.0000
4,185.2843,26.5663,8.0517,0.0000
5,129.6990,26.5663,8.0517,0.0000
6,90.7893,26.5663,8.0517,0.0000
0,90.7893,26.5663,8.0517,0.0000
1,205.7525,26.5663,8.0517,0.0000
2,144.0268,26.5663,8.0517,0.0000
3,100.8187,26.5663,8.0517,0.0000
4,70.5731,26.5663,8.0517,0.0000
5,49.4012,26.5663,8.0517,0.0000
6,34.5808,26.5663,8.0517,0.0000
0,34.5808,26.5663,8.0517,0.0000
1,329.6066,26.5663,8.0517,0.0000
2,230.7246,26.5663,8.0517,0.0000
3,230.7246,26.5663,5.6362,0.0000
4,230.7246,26.5663,3.9453,0.0000
5,161.5072,26.5663,3.9453,0.0000
6,113.0551,26.5663,3.9453,0.0000
0,113.0551,26.5663,3.9453,0.0000
1,572.0385,26.5663,3.9453,0.0000
2,400.4270,26.5663,3.9453,0.0000
3,280.2989,26.5663,3.9453,0.0000
4,196.2092,26.5663,3.9453,0.0000
5,137.3465,26.5663,3.9453,0.0000
6,96.1425,26.5663,3.9453,0.0000
0,96.1425,26.5663,3.9453,0.0000
1,96.1425,291.5964,3.9453,0.0000
2,96.1425,204.1175,3.9453,0.0000
3,96.1425,142.8822,3.9453,0.0000
4,96.1425,100.0176,3.9453,0.0000
5,96.1425,70.0123,3.9453,0.0000
6,96.1425,70.0123,2.7617,0.0000
0,96.1425,70.0123,2.7617,0.0000
1,994.8998,70.0123,2.7617,0.0000
2,696.4298,70.0123,2.7617,0.0000
3,696.4298,70.0123,2.7617,0.0000
4,696.4298,70.0123,1.9332,0.0000
5,696.4298,70.0123,1.9332,0.0000
6,487.5009,70.0123,1.9332,0.0000
0,487.5009,70.0123,1.9332,0.0000
1,429.4506,70.0123,1.9332,0.0000
2,429.4506,70.0123,1.9332,0.0000
3,300.6154,70.0123,1.9332,0.0000
4,210.4308,70.0123,1.9332,0.0000
5,147.3016,70.0123,1.9332,0.0000
6,147.3016,70.0123,1.9332,0.0000
0,147.3016,70.0123,1.9332,0.0000
1,385.1111,70.0123,1.9332,0.0000
2,269.5778,70.0123,1.9332,0.0000
3,188.7044,70.0123,1.9332,0.0000
4,132.0931,70.0123,1.9332,0.0000
5,92.4652,70.0123,1.9332,0.0000
6,64.7256,70.0123,1.9332,0.0000
0,64.7256,70.0123,1.9332,0.0000
1,64.7256,885.1086,1.9332,0.0000
2,64.7256,885.1086,1.9332,0.0000
3,64.7256,619.5760,1.9332,0.0000
4,64.7256,433.7032,1.9332,0.0000
5,64.7256,303.5923,1.9332,0.0000
6,64.7256,212.5146,1.9332,0.0000
0,64.7256,212.5146,1.9332,0.0000
1,64.7256,202.7602,1.9332,0.0000
2,64.7256,141.9321,1.9332,0.0000
3,64.7256,99.3525,1.9332,0.0000
4,64.7256,69.5467,1.9332,0.0000
5,64.7256,48.6827,1.9332,0.0000
6,481.5079,48.6827,1.9332,0.0000
7,337.0556,48.6827,1.9332,0.0000
8,235.9389,48.6827,1.9332,0.0000
9,165.1572,48.6827,1.9332,0.0000
10,115.6101,48.6827,1.9332,0.0000
0,115.6101,48.6827,1.9332,0.0000
1,1111.4270,48.6827,1.9332,0.0000
2,777.9989,48.6827,1.9332,0.0000
3,544.5992,48.6827,1.9332,0.0000
4,381.2195,48.6827,1.9332,0.0000
5,266.8536,48.6827,1.9332,0.0000
6,186.7975,48.6827,1.9332,0.0000
0,186.7975,48.6827,1.9332,0.0000
1,437.3583,48.6827,1.9332,0.0000
2,306.1508,48.6827,1.9332,0.0000
3,214.3056,48.6827,1.9332,0.0000
4,150.0139,48.6827,1.9332,0.0000
5,105.0097,48.6827,1.9332,0.0000
6,73.5068,48.6827,1.9332,0.0000
0,73.5068,48.6827,1.9332,0.0000
1,241.9548,48.6827,1.9332,0.0000
2,241.9548,34.0779,1.9332,0.0000
3,169.3683,34.0779,1.9332,0.0000
4,118.5578,34.0779,1.9332,0.0000
5,82.9905,34.0779,1.9332,0.0000
6,58.0933,34.0779,1.9332,0.0000
0,58.0933,34.0779,1.9332,0.0000
1,351.7653,34.0779,1.9332,0.0000
2,246.2357,34.0779,1.9332,0.0000
3,172.3650,34.0779,1.9332,0.0000
4,120.6555,34.0779,1.9332,0.0000
5,84.4589,34.0779,1.9332,0.0000
6,59.1212,34.0779,1.9332,0.0000
0,59.1212,34.0779,1.9332,0.0000
1,498.8848,34.0779,1.9332,0.0000
2,349.2194,34.0779,1.9332,0.0000
3,244.4536,34.0779,1.9332,0.0000
4,171.1175,34.0779,1.9332,0.0000
5,119.7823,34.0779,1.9332,0.0000
6,83.8476,34.0779,1.9332,0.0000
0,83.8476,34.0779,1.9332,0.0000
1,1116.4933,34.0779,1.9332,0.0000
2,781.5453,34.0779,1.9332,0.0000
3,547.0817,34.0779,1.9332,0.0000
4,382.9572,34.0779,1.9332,0.0000
5,268.0700,34.0779,1.9332,0.0000
6,187.6490,34.0779,1.9332,0.0000
0,187.6490,34.0779,1.9332,0.0000
1,707.3543,34.0779,1.9332,0.0000
2,495.1480,34.0779,1.9332,0.0000
3,346.6036,34.0779,1.9332,0.0000
4,242.6225,34.0779,1.9332,0.0000
5,169.8358,34.0779,1.9332,0.0000
6,118.8850,34.0779,1.9332,0.0000
0,118.8850,34.0779,1.9332,0.0000
1,118.8850,34.0779,178.3532,0.0000
2,118.8850,34.0779,124.8473,0.0000
3,118.8850,34.0779,87.3931,0.0000
4,494.5195,34.0779,87.3931,0.0000
5,346.1637,34.0779,87.3931,0.0000
6,242.3146,34.0779,87.3931,0.0000
7,242.3146,34.0779,87.3931,0.0000
8,169.6202,34.0779,87.3931,0.0000
9,118.7341,34.0779,87.3931,0.0000
0,118.7341,34.0779,87.3931,0.0000
1,523.2139,34.0779,87.3931,0.0000
2,366.2497,34.0779,87.3931,0.0000
3,256.3748,34.0779,87.3931,0.0000
4,179.4624,34.0779,87.3931,0.0000
5,125.6237,34.0779,87.3931,0.0000
6,87.9366,34.0779,87.3931,0.0000
0,87.9366,34.0779,87.3931,0.0000
1,823.2556,34.0779,87.3931,0.0000
2,576.2789,34.0779,87.3931,0.0000
3,576.2789,23.8545,87.3931,0.0000
4,403.3952,23.8545,87.3931,0.0000
5,282.3767,23.8545,87.3931,0.0000
6,197.6637,23.8545,87.3931,0.0000
0,197.6637,23.8545,87.3931,0.0000
1,858.6646,23.8545,87.3931,0.0000
2,601.0652,23.8545,87.3931,0.0000
3,420.7456,23.8545,87.3931,0.0000
4,294.5219,23.8545,87.3931,0.0000
5,206.1654,23.8545,87.3931,0.0000
6,144.3158,23.8545,87.3931,0.0000
0,144.3158,23.8545,87.3931,0.0000
1,363.2210,23.8545,87.3931,0.0000
2,254.2547,23.8545,87.3931,0.0000
3,177.9783,23.8545,87.3931,0.0000
4,124.5848,23.8545,87.3931,0.0000
5,87.2094,23.8545,87.3931,0.0000
6,87.2094,23.8545,61.1752,0.0000
0,87.2094,23.8545,61.1752,0.0000
1,245.8466,23.8545,61.1752,0.0000
2,172.0926,23.8545,61.1752,0.0000
3,120.4648,23.8545,61.1752,0.0000
4,120.4648,16.6982,61.1752,0.0000
5,84.3254,16.6982,61.1752,0.0000
6,59.0278,16.6982,61.1752,0.0000
0,59.0278,16.6982,61.1752,0.0000
1,59.0278,666.2887,61.1752,0.0000
2,59.0278,466.4021,61.1752,0.0000
3,59.0278,326.4815,61.1752,0.0000
4,59.0278,228.5370,61.1752,0.0000
5,59.0278,159.9759,61.1752,0.0000
6,59.0278,111.9831,61.1752,0.0000
0,59.0278,111.9831,61.1752,0.0000
1,59.0278,538.8882,61.1752,0.0000
2,59.0278,377.2217,61.1752,0.0000
3,59.0278,264.0552,61.1752,0.0000
4,59.0278,264.0552,42.8226,0.0000
5,59.0278,184.8387,42.8226,0.0000
6,59.0278,129.3871,42.8226,0.0000
0,59.0278,129.3871,42.8226,0.0000
1,59.0278,1044.5709,42.8226,0.0000
2,59.0278,731.1997,42.8226,0.0000
3,59.0278,511.8398,42.8226,0.0000
4,59.0278,511.8398,109.1758,0.0000
5,59.0278,511.8398,76.4231,0.0000
6,295.7194,511.8398,76.4231,0.0000
7,295.7194,367.8878,76.4231,0.0000
8,295.7194,257.5215,76.4231,0.0000
9,207.0036,257.5215,76.4231,0.0000
10,207.0036,180.2650,76.4231,0.0000
0,207.0036,180.2650,76.4231,0.0000
1,488.1025,180.2650,76.4231,0.0000
2,488.1025,126.1855,76.4231,0.0000
3,341.6718,126.1855,76.4231,0.0000
4,239.1702,126.1855,76.4231,0.0000
5,239.1702,126.1855,76.4231,0.0000
6,167.4192,126.1855,76.4231,0.0000
0,167.4192,126.1855,76.4231,0.0000
1,167.4192,126.1855,76.4231,0.0000
2,321.1934,126.1855,76.4231,0.0000
3,224.8354,126.1855,76.4231,0.0000
4,157.3848,126.1855,76.4231,0.0000
5,110.1693,126.1855,76.4231,0.0000
6,110.1693,88.3299,76.4231,0.0000
7,77.1185,88.3299,76.4231,0.0000
0,77.1185,88.3299,76.4231,0.0000
1,77.1185,814.5309,76.4231,0.0000
2,77.1185,570.1716,76.4231,0.0000
3,77.1185,399.1201,76.4231,0.0000
4,77.1185,279.3841,76.4231,0.0000
5,77.1185,195.5689,76.4231,0.0000
6,77.1185,136.8982,76.4231,0.0000
0,77.1185,136.8982,76.4231,0.0000
1,77.1185,865.3287,76.4231,0.0000
2,77.1185,865.3287,76.4231,0.0000
3,77.1185,605.7301,76.4231,0.0000
4,77.1185,424.0111,76.4231,0.0000
5,77.1185,296.8078,76.4231,0.0000
6,77.1185,207.7654,76.4231,0.0000
0,77.1185,207.7654,76.4231,0.0000
1,77.1185,665.0358,76.4231,0.0000
2,77.1185,465.5251,76.4231,0.0000
3,77.1185,325.8675,76.4231,0.0000
4,77.1185,228.1073,76.4231,0.0000
5,77.1185,159.6751,76.4231,0.0000
6,77.1185,111.7726,76.4231,0.0000
0,77.1185,111.7726,76.4231,0.0000
1,77.1185,78.2408,76.4231,0.0000
2,77.1185,54.7686,76.4231,0.0000
3,77.1185,54.7686,53.4962,0.0000
4,120.5830,54.7686,53.4962,0.0000
5,84.4081,54.7686,53.4962,0.0000
6,59.0857,54.7686,53.4962,0.0000
7,41.3600,54.7686,53.4962,0.0000
8,41.3600,38.3380,53.4962,0.0000
9,41.3600,38.3380,37.4473,0.0000
0,41.3600,38.3380,37.4473,0.0000
1,421.9520,38.3380,37.4473,0.0000
2,295.3664,38.3380,37.4473,0.0000
3,206.7565,38.3380,37.4473,0.0000
4,144.7295,38.3380,37.4473,0.0000
5,101.3107,38.3380,37.4473,0.0000
6,70.9175,38.3380,37.4473,0.0000
0,70.9175,38.3380,37.4473,0.0000
1,491.2422,38.3380,37.4473,0.0000
2,343.8696,38.3380,37.4473,0.0000
3,343.8696,38.3380,37.4473,0.0000
4,240.7087,38.3380,37.4473,0.0000
5,168.4961,38.3380,37.4473,0.0000
6,117.9473,38.3380,37.4473,0.0000
0,117.9473,38.3380,37.4473,0.0000
1,821.7631,38.3380,37.4473,0.0000
2,575.2342,38.3380,37.4473,0.0000
3,402.6639,38.3380,37.4473,0.0000
4,281.8647,38.3380,37.4473,0.0000
5,197.3053,38.3380,37.4473,0.0000
6,138.1137,38.3380,37.4473,0.0000
0,138.1137,38.3380,37.4473,0.0000
1,869.4796,38.3380,37.4473,0.0000
2,608.6357,38.3380,37.4473,0.0000
3,426.0450,38.3380,37.4473,0.0000
4,298.2315,38.3380,37.4473,0.0000
5,208.7621,38.3380,37.4473,0.0000
6,146.1334,38.3380,37.4473,0.0000
0,146.1334,38.3380,37.4473,0.0000
1,102.2934,38.3380,37.4473,0.0000
2,71.6054,38.3380,37.4473,0.0000
3,50.1238,38.3380,37.4473,0.0000
4,35.0866,38.3380,37.4473,0.0000
5,35.0866,38.3380,996.7131,0.0000
6,35.0866,38.3380,697.6992,0.0000
7,35.0866,38.3380,488.3894,0.0000
8,35.0866,38.3380,341.8726,0.0000
9,35.0866,38.3380,239.3108,0.0000
10,35.0866,38.3380,167.5176,0.0000
0,35.0866,38.3380,167.5176,0.0000
1,35.0866,38.3380,176.0623,0.0000
2,35.0866,38.3380,123.2436,0.0000
3,35.0866,38.3380,86.2705,0.0000
4,35.0866,38.3380,60.3894,0.0000
5,35.0866,38.3380,42.2726,0.0000
6,35.0866,38.3380,29.5908,0.0000
0,35.0866,38.3380,29.5908,0.0000
1,35.0866,730.0366,29.5908,0.0000
2,35.0866,511.0256,29.5908,0.0000
3,35.0866,357.7179,29.5908,0.0000
4,35.0866,250.4026,29.5908,0.0000
5,35.0866,175.2818,29.5908,0.0000
6,35.0866,122.6973,29.5908,0.0000
0,35.0866,122.6973,29.5908,0.0000
1,791.9606,122.6973,29.5908,0.0000
2,554.3725,122.6973,29.5908,0.0000
3,554.3725,107.7881,29.5908,0.0000
4,415.6607,107.7881,29.5908,0.0000
5,290.9625,107.7881,29.5908,0.0000
6,203.6738,107.7881,29.5908,0.0000
7,203.6738,75.4517,29.5908,0.0000
8,142.5716,75.4517,29.5908,0.0000
9,142.5716,75.4517,108.9136,0.0000
10,211.4001,75.4517,108.9136,0.0000
0,211.4001,75.4517,108.9136,0.0000
1,501.9801,75.4517,108.9136,0.0000
2,351.3861,75.4517,108.9136,0.0000
3,351.3861,52.8162,108.9136,0.0000
4,245.9702,52.8162,108.9136,0.0000
5,172.1792,52.8162,108.9136,0.0000
6,120.5254,52.8162,108.9136,0.0000
0,120.5254,52.8162,108.9136,0.0000
1,359.1678,52.8162,108.9136,0.0000
2,251.4175,52.8162,108.9136,0.0000
3,175.9922,52.8162,108.9136,0.0000
4,123.1946,52.8162,108.9136,0.0000
5,86.2362,52.8162,108.9136,0.0000
6,86.2362,52.8162,103.8395,0.0000
7,86.2362,52.8162,72.6876,0.0000
8,87.0653,52.8162,72.6876,0.0000
9,60.9457,52.8162,72.6876,0.0000
10,60.9457,52.8162,50.8813,0.0000
0,60.9457,52.8162,50.8813,0.0000
1,61.8620,52.8162,50.8813,0.0000
2,61.8620,39.0713,50.8813,0.0000
3,43.3034,39.0713,50.8813,0.0000
4,43.3034,39.0713,35.6169,0.0000
5,30.3124,39.0713,35.6169,0.0000
6,30.3124,27.3499,35.6169,0.0000
7,30.3124,27.3499,24.9319,0.0000
0,30.3124,27.3499,24.9319,0.0000
1,29.6187,27.3499,24.9319,0.0000
2,20.7331,27.3499,24.9319,0.0000
3,20.7331,19.1449,24.9319,0.0000
4,20.7331,19.1449,17.4523,0.0000
5,14.5131,19.1449,17.4523,0.0000
6,10.1592,19.1449,17.4523,0.0000
0,10.1592,19.1449,17.4523,0.0000
1,10.1592,13.4015,17.4523,0.0000
2,10.1592,13.4015,172.7166,0.0000
3,10.1592,13.4015,120.9016,0.0000
4,10.1592,13.4015,120.9016,0.0000
5,10.1592,13.4015,84.6311,0.0000
6,10.1592,13.4015,59.2418,0.0000
7,10.1592,13.4015,41.4693,0.0000
0,10.1592,13.4015,41.4693,0.0000
1,10.1592,13.4015,397.4285,0.0000
2,10.1592,13.4015,278.1999,0.0000
3,10.1592,13.4015,194.7400,0.0000
4,10.1592,13.4015,136.3180,0.0000
5,10.1592,13.4015,95.4226,0.0000
6,10.1592,13.4015,66.7958,0.0000
0,10.1592,13.4015,66.7958,0.0000
1,10.1592,13.4015,588.5571,0.0000
2,10.1592,13.4015,411.9899,0.0000
3,10.1592,13.4015,288.3930,0.0000
4,10.1592,130.2810,288.3930,0.0000
5,10.1592,130.2810,288.3930,0.0000
6,10.1592,130.2810,201.8751,0.0000
7,10.1592,130.2810,141.3126,0.0000
8,10.1592,130.2810,98.9188,0.0000
9,10.1592,91.1967,98.9188,0.0000
0,10.1592,91.1967,98.9188,0.0000
1,10.1592,91.1967,398.3431,0.0000
2,10.1592,91.1967,278.8402,0.0000
3,10.1592,91.1967,278.8402,0.0000
4,296.3114,91.1967,278.8402,0.0000
5,207.4180,91.1967,278.8402,0.0000
6,207.4180,91.1967,278.8402,0.0000
7,207.4180,91.1967,195.1881,0.0000
8,145.1926,91.1967,195.1881,0.0000
9,145.1926,91.1967,136.6317,0.0000
0,145.1926,91.1967,136.6317,0.0000
1,145.1926,63.8377,136.6317,0.0000
2,153.2348,63.8377,136.6317,0.0000
3,107.2644,63.8377,136.6317,0.0000
4,107.2644,63.8377,95.6422,0.0000
5,75.0851,63.8377,95.6422,0.0000
6,52.5595,63.8377,95.6422,0.0000
7,52.5595,63.8377,66.9495,0.0000
0,52.5595,63.8377,66.9495,0.0000
1,52.5595,82.4864,66.9495,0.0000
2,52.5595,57.7405,66.9495,0.0000
3,52.5595,57.7405,46.8647,0.0000
4,52.5595,57.7405,32.8053,0.0000
5,52.5595,40.4183,32.8053,0.0000
6,52.5595,40.4183,22.9637,0.0000
0,52.5595,40.4183,22.9637,0.0000
1,453.1917,40.4183,22.9637,0.0000
2,317.2342,40.4183,22.9637,0.0000
3,317.2342,40.4183,22.9637,0.0000
4,222.0639,40.4183,22.9637,0.0000
5,155.4447,40.4183,22.9637,0.0000
6,108.8113,40.4183,22.9637,0.0000
0,108.8113,40.4183,22.9637,0.0000
1,268.1679,40.4183,22.9637,0.0000
2,187.7175,40.4183,22.9637,0.0000
3,131.4023,40.4183,22.9637,0.0000
4,91.9816,40.4183,22.9637,0.0000
5,91.9816,37.8928,22.9637,0.0000
6,64.3871,37.8928,22.9637,0.0000
7,45.0710,37.8928,22.9637,0.0000
8,31.5497,37.8928,22.9637,0.0000
9,31.5497,26.5250,22.9637,0.0000
10,22.0848,26.5250,22.9637,0.0000
0,22.0848,26.5250,22.9637,0.0000
1,22.0848,36.8675,22.9637,0.0000
2,22.0848,25.8072,22.9637,0.0000
3,22.0848,18.0651,22.9637,0.0000
4,22.0848,18.0651,16.0746,0.0000
5,26.8593,18.0651,16.0746,0.0000
6,18.8015,18.0651,16.0746,0.0000
7,13.1611,18.0651,16.0746,0.0000
8,13.1611,12.6455,16.0746,0.0000
9,13.1611,12.6455,11.2522,0.0000
10,9.2128,12.6455,11.2522,0.0000
0,9.2128,12.6455,11.2522,0.0000
1,9.2128,8.8519,11.2522,0.0000
2,9.2128,8.8519,7.8765,0.0000
3,28.0489,8.8519,7.8765,0.0000
4,19.6343,8.8519,7.8765,0.0000
5,13.7440,8.8519,7.8765,0.0000
6,13.7440,8.8519,5.5136,0.0000
7,9.6208,8.8519,5.5136,0.0000
8,6.7345,8.8519,5.5136,0.0000
0,6.7345,8.8519,5.5136,0.0000
1,6.7345,135.7963,5.5136,0.0000
2,6.7345,95.0574,5.5136,0.0000
3,6.7345,66.5402,5.5136,0.0000
4,6.7345,46.5781,5.5136,0.0000
5,6.7345,32.6047,5.5136,0.0000
6,6.7345,22.8233,5.5136,0.0000
0,6.7345,22.8233,5.5136,0.0000
1,6.7345,15.9763,5.5136,0.0000
2,6.7345,11.1834,5.5136,0.0000
3,6.7345,7.8284,5.5136,0.0000
4,6.7345,5.4799,5.5136,0.0000
5,6.7345,3.8359,5.5136,0.0000
0,6.7345,3.8359,5.5136,0.0000
1,151.7142,3.8359,5.5136,0.0000
2,151.7142,3.8359,5.5136,0.0000
3,151.7142,2.6851,5.5136,0.0000
4,106.1999,2.6851,5.5136,0.0000
5,74.3399,2.6851,5.5136,0.0000
6,52.0380,2.6851,5.5136,0.0000
0,52.0380,2.6851,5.5136,0.0000
1,52.0380,2.6851,5.5136,0.0000
2,566.8266,2.6851,5.5136,0.0000
3,396.7786,2.6851,5.5136,0.0000
4,277.7450,2.6851,5.5136,0.0000
5,194.4215,2.6851,5.5136,0.0000
6,136.0951,2.6851,5.5136,0.0000
7,95.2665,2.6851,5.5136,0.0000
0,95.2665,2.6851,5.5136,0.0000
1,380.1866,2.6851,5.5136,0.0000
2,266.1306,2.6851,5.5136,0.0000
3,266.1306,1.8796,5.5136,0.0000
4,186.2914,1.8796,5.5136,0.0000
5,130.4040,1.8796,5.5136,0.0000
6,130.4040,1.8796,3.8595,0.0000
0,130.4040,1.8796,3.8595,0.0000
1,133.5828,1.8796,3.8595,0.0000
2,93.5080,1.8796,3.8595,0.0000
3,65.4556,1.8796,3.8595,0.0000
4,65.4556,1.8796,2.7017,0.0000
5,45.8189,1.8796,2.7017,0.0000
6,32.0732,1.8796,2.7017,0.0000
0,32.0732,1.8796,2.7017,0.0000
1,167.9513,1.8796,2.7017,0.0000
2,117.5659,1.8796,2.7017,0.0000
3,82.2961,1.8796,2.7017,0.0000
4,57.6073,1.8796,2.7017,0.0000
5,40.3251,1.8796,2.7017,0.0000
6,28.2276,1.8796,2.7017,0.0000
0,28.2276,1.8796,2.7017,0.0000
1,301.7593,1.8796,2.7017,0.0000
2,211.2315,1.8796,2.7017,0.0000
3,147.8621,1.8796,2.7017,0.0000
4,103.5034,1.8796,2.7017,0.0000
5,72.4524,1.8796,2.7017,0.0000
6,50.7167,1.8796,2.7017,0.0000
0,50.7167,1.8796,2.7017,0.0000
1,238.0017,1.8796,2.7017,0.0000
2,166.6012,1.8796,2.7017,0.0000
3,116.6208,1.8796,2.7017,0.0000
4,81.6346,1.8796,2.7017,0.0000
5,57.1442,1.8796,2.7017,0.0000
6,40.0009,1.8796,2.7017,0.0000
0,40.0009,1.8796,2.7017,0.0000
1,434.2007,1.8796,2.7017,0.0000
2,303.9405,1.8796,2.7017,0.0000
3,303.9405,1.8796,2.7017,0.0000
4,303.9405,1.3157,2.7017,0.0000
5,212.7583,1.3157,2.7017,0.0000
6,148.9308,1.3157,2.7017,0.0000
0,148.9308,1.3157,2.7017,0.0000
1,440.5516,1.3157,2.7017,0.0000
2,308.3861,1.3157,2.7017,0.0000
3,215.8703,1.3157,2.7017,0.0000
4,215.8703,0.9210,2.7017,0.0000
5,151.1092,0.9210,2.7017,0.0000
6,105.7764,0.9210,2.7017,0.0000
0,105.7764,0.9210,2.7017,0.0000
1,683.0435,0.9210,2.7017,0.0000
2,683.0435,0.9210,2.7017,0.0000
3,478.1305,0.9210,2.7017,0.0000
4,334.6913,0.9210,2.7017,0.0000
5,234.2839,0.9210,2.7017,0.0000
6,163.9987,0.9210,2.7017,0.0000
0,163.9987,0.9210,2.7017,0.0000
1,171.4991,0.9210,2.7017,0.0000
2,120.0494,0.9210,2.7017,0.0000
3,84.0346,0.9210,2.7017,0.0000
4,58.8242,0.9210,2.7017,0.0000
5,41.1769,0.9210,2.7017,0.0000
6,28.8239,0.9210,2.7017,0.0000
0,28.8239,0.9210,2.7017,0.0000
1,237.6767,0.9210,2.7017,0.0000
2,166.3737,0.9210,2.7017,0.0000
3,116.4616,0.9210,2.7017,0.0000
4,116.4616,0.9210,1.8912,0.0000
5,81.5231,0.9210,1.8912,0.0000
6,57.0662,0.9210,1.8912,0.0000
0,57.0662,0.9210,1.8912,0.0000
1,633.9463,0.9210,1.8912,0.0000
2,443.7624,0.9210,1.8912,0.0000
3,310.6337,0.9210,1.8912,0.0000
4,217.4436,0.9210,1.8912,0.0000
5,152.2105,0.9210,1.8912,0.0000
6,106.5474,0.9210,1.8912,0.0000
0,106.5474,0.9210,1.8912,0.0000
1,583.9832,0.9210,1.8912,0.0000
2,408.7882,0.9210,1.8912,0.0000
3,286.1517,0.9210,1.8912,0.0000
4,200.3062,0.9210,1.8912,0.0000
5,140.2144,0.9210,1.8912,0.0000
6,98.1500,0.9210,1.8912,0.0000
0,98.1500,0.9210,1.8912,0.0000
1,630.3050,0.9210,1.8912,0.0000
2,630.3050,0.6447,1.8912,0.0000
3,441.2135,0.6447,1.8912,0.0000
4,441.2135,0.4513,1.8912,0.0000
5,308.8495,0.4513,1.8912,0.0000
6,216.1946,0.4513,1.8912,0.0000
0,216.1946,0.4513,1.8912,0.0000
1,216.1946,0.4513,1.3238,0.0000
2,180.4362,0.4513,1.3238,0.0000
3,126.3054,0.4513,1.3238,0.0000
4,88.4138,0.4513,1.3238,0.0000
5,61.8896,0.4513,1.3238,0.0000
6,61.8896,0.4513,1.3238,0.0000
7,43.3227,0.4513,1.3238,0.0000
0,43.3227,0.4513,1.3238,0.0000
1,292.2259,0.4513,1.3238,0.0000
2,204.5581,0.4513,1.3238,0.0000
3,143.1907,0.4513,1.3238,0.0000
4,100.2335,0.4513,1.3238,0.0000
5,70.1634,0.4513,1.3238,0.0000
6,70.1634,0.3159,1.3238,0.0000
0,70.1634,0.3159,1.3238,0.0000
1,70.1634,219.8211,1.3238,0.0000
2,70.1634,153.8748,1.3238,0.0000
3,70.1634,107.7124,1.3238,0.0000
4,70.1634,75.3986,1.3238,0.0000
5,70.1634,52.7791,1.3238,0.0000
6,209.0144,52.7791,1.3238,0.0000
7,146.3101,52.7791,1.3238,0.0000
8,102.4171,52.7791,1.3238,0.0000
9,71.6919,52.7791,1.3238,0.0000
10,50.1844,52.7791,1.3238,0.0000
0,50.1844,52.7791,1.3238,0.0000
1,50.1844,36.9453,1.3238,0.0000
2,38.7291,36.9453,1.3238,0.0000
3,27.1103,36.9453,1.3238,0.0000
4,27.1103,25.8617,1.3238,0.0000
5,18.9772,25.8617,1.3238,0.0000
6,18.9772,18.1032,1.3238,0.0000
7,13.2841,18.1032,1.3238,0.0000
0,13.2841,18.1032,1.3238,0.0000
1,13.2841,24.9723,1.3238,0.0000
2,13.2841,24.9723,1.3238,0.0000
3,233.9988,24.9723,1.3238,0.0000
4,163.7992,24.9723,1.3238,0.0000
5,114.6594,24.9723,1.3238,0.0000
6,80.2616,24.9723,1.3238,0.0000
7,56.1831,24.9723,1.3238,0.0000
8,39.3282,24.9723,1.3238,0.0000
0,39.3282,24.9723,1.3238,0.0000
1,93.5297,24.9723,1.3238,0.0000
2,65.4708,24.9723,1.3238,0.0000
3,45.8296,24.9723,1.3238,0.0000
4,32.0807,24.9723,1.3238,0.0000
5,32.0807,24.9723,1.3238,0.0000
6,22.4565,24.9723,1.3238,0.0000
0,22.4565,24.9723,1.3238,0.0000
1,22.4565,26.1806,1.3238,0.0000
2,22.4565,18.3264,1.3238,0.0000
3,32.2195,18.3264,1.3238,0.0000
4,32.2195,18.3264,1.3238,0.0000
5,22.5537,18.3264,1.3238,0.0000
6,15.7876,18.3264,1.3238,0.0000
7,11.0513,18.3264,1.3238,0.0000
8,11.0513,12.8285,1.3238,0.0000
0,11.0513,12.8285,1.3238,0.0000
1,11.0513,8.9799,1.3238,0.0000
2,8.9359,8.9799,1.3238,0.0000
3,8.9359,6.2860,1.3238,0.0000
4,6.2551,6.2860,1.3238,0.0000
5,6.2551,4.4002,1.3238,0.0000
6,4.3786,4.4002,1.3238,0.0000
7,4.3786,3.0801,1.3238,0.0000
0,4.3786,3.0801,1.3238,0.0000
1,280.5650,3.0801,1.3238,0.0000
2,196.3955,3.0801,1.3238,0.0000
3,137.4769,3.0801,1.3238,0.0000
4,96.2338,3.0801,1.3238,0.0000
5,67.3637,3.0801,1.3238,0.0000
6,47.1546,3.0801,1.3238,0.0000
0,47.1546,3.0801,1.3238,0.0000
1,151.2082,3.0801,1.3238,0.0000
2,105.8457,3.0801,1.3238,0.0000
3,74.0920,3.0801,1.3238,0.0000
4,51.8644,3.0801,1.3238,0.0000
5,36.3051,3.0801,1.3238,0.0000
6,25.4136,3.0801,1.3238,0.0000
0,25.4136,3.0801,1.3238,0.0000
1,273.3895,3.0801,1.3238,0.0000
2,191.3726,3.0801,1.3238,0.0000
3,133.9609,3.0801,1.3238,0.0000
4,133.9609,3.0801,1.3238,0.0000
5,93.7726,3.0801,1.3238,0.0000
6,65.6408,3.0801,1.3238,0.0000
0,65.6408,3.0801,1.3238,0.0000
1,462.0486,3.0801,1.3238,0.0000
2,323.4340,3.0801,1.3238,0.0000
3,226.4038,3.0801,1.3238,0.0000
4,226.4038,3.0801,1.3238,0.0000
5,226.4038,3.0801,0.9267,0.0000
6,226.4038,3.0801,0.6487,0.0000
0,226.4038,3.0801,0.6487,0.0000
1,226.4038,3.0801,0.6487,0.0000
2,226.4038,3.0801,0.6487,0.0000
3,215.1827,3.0801,0.6487,0.0000
4,150.6279,3.0801,0.6487,0.0000
5,105.4395,3.0801,0.6487,0.0000
6,73.8077,3.0801,0.6487,0.0000
7,73.8077,2.1561,0.6487,0.0000
8,51.6654,2.1561,0.6487,0.0000
0,51.6654,2.1561,0.6487,0.0000
1,398.5657,2.1561,0.6487,0.0000
2,398.5657,2.1561,0.6487,0.0000
3,278.9960,2.1561,0.6487,0.0000
4,195.2972,2.1561,0.6487,0.0000
5,136.7081,2.1561,0.6487,0.0000
6,95.6956,2.1561,0.6487,0.0000
0,95.6956,2.1561,0.6487,0.0000
1,468.3869,2.1561,0.6487,0.0000
2,327.8709,2.1561,0.6487,0.0000
3,229.5096,2.1561,0.6487,0.0000
4,160.6567,2.1561,0.6487,0.0000
5,112.4597,2.1561,0.6487,0.0000
6,78.7218,2.1561,0.6487,0.0000
0,78.7218,2.1561,0.6487,0.0000
1,312.5053,2.1561,0.6487,0.0000
2,218.7537,2.1561,0.6487,0.0000
3,153.1276,2.1561,0.6487,0.0000
4,107.1893,2.1561,0.6487,0.0000
5,75.0325,2.1561,0.6487,0.0000
6,52.5228,2.1561,0.6487,0.0000
0,52.5228,2.1561,0.6487,0.0000
1,344.2659,2.1561,0.6487,0.0000
2,240.9862,2.1561,0.6487,0.0000
3,168.6903,2.1561,0.6487,0.0000
4,118.0832,2.1561,0.6487,0.0000
5,82.6582,2.1561,0.6487,0.0000
6,57.8608,2.1561,0.6487,0.0000
0,57.8608,2.1561,0.6487,0.0000
1,150.0025,2.1561,0.6487,0.0000
2,105.0018,2.1561,0.6487,0.0000
3,73.5012,2.1561,0.6487,0.0000
4,73.5012,2.1561,0.6487,0.0000
5,51.4509,2.1561,0.6487,0.0000
6,36.0156,2.1561,0.6487,0.0000
0,36.0156,2.1561,0.6487,0.0000
1,36.0156,207.6093,0.6487,0.0000
2,36.0156,145.3265,0.6487,0.0000
3,36.0156,101.7285,0.6487,0.0000
4,36.0156,71.2100,0.6487,0.0000
5,36.0156,71.2100,0.4541,0.0000
6,36.0156,49.8470,0.4541,0.0000
0,36.0156,49.8470,0.4541,0.0000
1,36.0156,171.9929,0.4541,0.0000
2,36.0156,171.9929,0.4541,0.0000
3,36.0156,120.3950,0.4541,0.0000
4,36.0156,84.2765,0.4541,0.0000
5,36.0156,58.9936,0.4541,0.0000
6,217.5109,58.9936,0.4541,0.0000
7,152.2576,58.9936,0.4541,0.0000
8,106.5804,58.9936,0.4541,0.0000
9,74.6062,58.9936,0.4541,0.0000
10,52.2244,58.9936,0.4541,0.0000
0,52.2244,58.9936,0.4541,0.0000
1,52.2244,75.4955,0.4541,0.0000
2,52.2244,52.8468,0.4541,0.0000
3,52.2244,36.9928,0.4541,0.0000
4,114.5571,36.9928,0.4541,0.0000
5,80.1899,36.9928,0.4541,0.0000
6,80.1899,36.9928,0.4541,0.0000
7,56.1330,36.9928,0.4541,0.0000
8,39.2931,36.9928,0.4541,0.0000
9,27.5052,36.9928,0.4541,0.0000
0,27.5052,36.9928,0.4541,0.0000
1,27.5052,25.8950,0.4541,0.0000
2,71.4536,25.8950,0.4541,0.0000
3,50.0175,25.8950,0.4541,0.0000
4,35.0123,25.8950,0.4541,0.0000
5,35.0123,25.8950,0.3178,0.0000
6,24.5086,25.8950,0.3178,0.0000
7,24.5086,18.1265,0.3178,0.0000
0,24.5086,18.1265,0.3178,0.0000
1,167.7560,18.1265,0.3178,0.0000
2,117.4292,18.1265,0.3178,0.0000
3,82.2004,18.1265,0.3178,0.0000
4,57.5403,18.1265,0.3178,0.0000
5,40.2782,18.1265,0.3178,0.0000
6,28.1948,18.1265,0.3178,0.0000
0,28.1948,18.1265,0.3178,0.0000
1,407.0363,18.1265,0.3178,0.0000
2,284.9254,18.1265,0.3178,0.0000
3,199.4478,18.1265,0.3178,0.0000
4,139.6135,18.1265,0.3178,0.0000
5,97.7294,18.1265,0.3178,0.0000
6,68.4106,18.1265,0.3178,0.0000
0,68.4106,18.1265,0.3178,0.0000
1,221.8874,18.1265,0.3178,0.0000
2,155.3212,18.1265,0.3178,0.0000
3,108.7248,18.1265,0.3178,0.0000
4,76.1074,18.1265,0.3178,0.0000
5,53.2752,18.1265,0.3178,0.0000
6,37.2926,18.1265,0.3178,0.0000
0,37.2926,18.1265,0.3178,0.0000
1,896.1048,18.1265,0.3178,0.0000
2,627.2734,18.1265,0.3178,0.0000
3,439.0914,18.1265,0.3178,0.0000
4,307.3640,18.1265,0.3178,0.0000
5,215.1548,18.1265,0.3178,0.0000
6,150.6083,18.1265,0.3178,0.0000
0,150.6083,18.1265,0.3178,0.0000
1,260.8258,18.1265,0.3178,0.0000
2,182.5781,18.1265,0.3178,0.0000
3,127.8047,18.1265,0.3178,0.0000
4,89.4633,18.1265,0.3178,0.0000
5,62.6243,18.1265,0.3178,0.0000
6,43.8370,18.1265,0.3178,0.0000
0,43.8370,18.1265,0.3178,0.0000
1,173.4859,18.1265,0.3178,0.0000
2,121.4401,18.1265,0.3178,0.0000
3,85.0081,18.1265,0.3178,0.0000
4,59.5057,18.1265,0.3178,0.0000
5,41.6540,18.1265,0.3178,0.0000
6,41.6540,18.1265,0.2225,0.0000
0,41.6540,18.1265,0.2225,0.0000
1,154.5578,18.1265,0.2225,0.0000
2,108.1904,18.1265,0.2225,0.0000
3,75.7333,18.1265,0.2225,0.0000
4,53.0133,18.1265,0.2225,0.0000
5,37.1093,18.1265,0.2225,0.0000
6,25.9765,18.1265,0.2225,0.0000
0,25.9765,18.1265,0.2225,0.0000
1,25.9765,18.1265,0.1557,0.0000
2,506.8836,18.1265,0.1557,0.0000
3,354.8185,18.1265,0.1557,0.0000
4,248.3729,18.1265,0.1557,0.0000
5,248.3729,12.6885,0.1557,0.0000
6,173.8611,12.6885,0.1557,0.0000
7,121.7027,12.6885,0.1557,0.0000
0,121.7027,12.6885,0.1557,0.0000
1,522.8919,12.6885,0.1557,0.0000
2,366.0243,12.6885,0.1557,0.0000
3,256.2170,12.6885,0.1557,0.0000
4,179.3519,12.6885,0.1557,0.0000
5,125.5464,12.6885,0.1557,0.0000
6,87.8824,12.6885,0.1557,0.0000
0,87.8824,12.6885,0.1557,0.0000
1,69.6177,12.6885,0.1557,0.0000
2,48.7324,12.6885,0.1557,0.0000
3,34.1127,12.6885,0.1557,0.0000
4,23.8789,12.6885,0.1557,0.0000
5,16.7152,12.6885,0.1557,0.0000
6,11.7006,12.6885,0.1557,0.0000
0,11.7006,12.6885,0.1557,0.0000
1,11.7006,90.7820,0.1557,0.0000
2,11.7006,63.5474,0.1557,0.0000
3,11.7006,44.4832,0.1557,0.0000
4,144.3905,44.4832,0.1557,0.0000
5,101.0733,44.4832,0.1557,0.0000
6,101.0733,44.4832,0.1557,0.0000
7,70.7513,44.4832,0.1557,0.0000
8,70.7513,44.4832,0.1557,0.0000
9,49.5259,44.4832,0.1557,0.0000
0,49.5259,44.4832,0.1557,0.0000
1,267.4681,44.4832,0.1557,0.0000
2,187.2277,44.4832,0.1557,0.0000
3,131.0594,44.4832,0.1557,0.0000
4,91.7416,44.4832,0.1557,0.0000
5,64.2191,44.4832,0.1557,0.0000
6,44.9534,44.4832,0.1557,0.0000
0,44.9534,44.4832,0.1557,0.0000
1,229.7674,44.4832,0.1557,0.0000
2,160.8372,44.4832,0.1557,0.0000
3,112.5860,44.4832,0.1557,0.0000
4,78.8102,44.4832,0.1557,0.0000
5,55.1671,44.4832,0.1557,0.0000
6,38.6170,44.4832,0.1557,0.0000
0,38.6170,44.4832,0.1557,0.0000
1,38.6170,134.9382,0.1557,0.0000
2,38.6170,94.4568,0.1557,0.0000
3,38.6170,66.1197,0.1557,0.0000
4,38.6170,46.2838,0.1557,0.0000
5,38.6170,32.3987,0.1557,0.0000
6,160.5319,32.3987,0.1557,0.0000
7,112.3723,32.3987,0.1557,0.0000
8,78.6606,32.3987,0.1557,0.0000
9,78.6606,32.3987,0.1557,0.0000
10,55.0624,32.3987,0.1557,0.0000
0,55.0624,32.3987,0.1557,0.0000
1,246.4437,32.3987,0.1557,0.0000
2,172.5106,32.3987,0.1557,0.0000
3,120.7574,32.3987,0.1557,0.0000
4,120.7574,22.6791,0.1557,0.0000
5,84.5302,22.6791,0.1557,0.0000
6,59.1711,22.6791,0.1557,0.0000
0,59.1711,22.6791,0.1557,0.0000
1,200.7198,22.6791,0.1557,0.0000
2,140.5039,22.6791,0.1557,0.0000
3,98.3527,22.6791,0.1557,0.0000
4,68.8469,22.6791,0.1557,0.0000
5,48.1928,22.6791,0.1557,0.0000
6,48.1928,15.8753,0.1557,0.0000
0,48.1928,15.8753,0.1557,0.0000
1,230.8350,15.8753,0.1557,0.0000
2,161.5845,15.8753,0.1557,0.0000
3,113.1091,15.8753,0.1557,0.0000
4,79.1764,15.8753,0.1557,0.0000
5,79.1764,15.8753,0.1090,0.0000
6,55.4235,15.8753,0.1090,0.0000
0,55.4235,15.8753,0.1090,0.0000
1,65.1964,15.8753,0.1090,0.0000
2,45.6375,15.8753,0.1090,0.0000
3,31.9463,15.8753,0.1090,0.0000
4,22.3624,15.8753,0.1090,0.0000
5,22.3624,15.8753,0.1090,0.0000
6,15.6537,15.8753,0.1090,0.0000
0,15.6537,15.8753,0.1090,0.0000
1,15.6537,131.7127,0.1090,0.0000
2,15.6537,131.7127,48.3763,0.0000
3,15.6537,247.5989,48.3763,0.0000
4,15.6537,173.3192,48.3763,0.0000
5,15.6537,121.3235,48.3763,0.0000
6,15.6537,84.9264,48.3763,0.0000
7,15.6537,59.4485,48.3763,0.0000
8,15.6537,41.6140,48.3763,0.0000
0,15.6537,41.6140,48.3763,0.0000
1,15.6537,41.6140,33.8634,0.0000
2,15.6537,55.5298,33.8634,0.0000
3,15.6537,38.8708,33.8634,0.0000
4,15.6537,27.2096,33.8634,0.0000
5,15.6537,27.2096,23.7044,0.0000
6,15.6537,19.0467,23.7044,0.0000
7,15.6537,19.0467,16.5931,0.0000
0,15.6537,19.0467,16.5931,0.0000
1,15.6537,69.4327,16.5931,0.0000
2,15.6537,48.6029,16.5931,0.0000
3,15.6537,34.0220,16.5931,0.0000
4,15.6537,23.8154,16.5931,0.0000
5,15.6537,16.6708,16.5931,0.0000
6,15.6537,16.6708,16.5931,0.0000
0,15.6537,16.6708,16.5931,0.0000
1,15.6537,16.6708,16.5931,0.0000
2,358.3576,16.6708,16.5931,0.0000
3,250.8503,16.6708,16.5931,0.0000
4,250.8503,16.6708,16.5931,0.0000
5,175.5952,16.6708,16.5931,0.0000
6,122.9166,16.6708,16.5931,0.0000
7,86.0417,16.6708,16.5931,0.0000
0,86.0417,16.6708,16.5931,0.0000
1,217.7292,16.6708,16.5931,0.0000
2,152.4104,16.6708,16.5931,0.0000
3,152.4104,16.6708,11.6152,0.0000
4,106.6873,16.6708,11.6152,0.0000
5,74.6811,16.6708,11.6152,0.0000
6,52.2768,16.6708,11.6152,0.0000
0,52.2768,16.6708,11.6152,0.0000
1,233.9937,16.6708,11.6152,0.0000
2,233.9937,16.6708,11.6152,0.0000
3,163.7956,16.6708,11.6152,0.0000
4,114.6569,16.6708,11.6152,0.0000
5,80.2599,16.6708,11.6152,0.0000
6,56.1819,16.6708,11.6152,0.0000
0,56.1819,16.6708,11.6152,0.0000
1,321.3273,16.6708,11.6152,0.0000
2,224.9291,16.6708,11.6152,0.0000
3,157.4504,16.6708,11.6152,0.0000
4,110.2153,16.6708,11.6152,0.0000
5,77.1507,16.6708,11.6152,0.0000
6,54.0055,16.6708,11.6152,0.0000
0,54.0055,16.6708,11.6152,0.0000
1,54.0055,16.6708,11.6152,0.0000
2,670.5038,16.6708,11.6152,0.0000
3,469.3527,16.6708,11.6152,0.0000
4,328.5469,16.6708,11.6152,0.0000
5,328.5469,11.6696,11.6152,0.0000
6,229.9828,11.6696,11.6152,0.0000
7,160.9880,11.6696,11.6152,0.0000
0,160.9880,11.6696,11.6152,0.0000
1,519.4916,11.6696,11.6152,0.0000
2,363.6441,11.6696,11.6152,0.0000
3,254.5509,11.6696,11.6152,0.0000
4,178.1856,11.6696,11.6152,0.0000
5,124.7299,11.6696,11.6152,0.0000
6,87.3109,11.6696,11.6152,0.0000
0,87.3109,11.6696,11.6152,0.0000
1,69.5177,11.6696,11.6152,0.0000
2,48.6624,11.6696,11.6152,0.0000
3,34.0637,11.6696,11.6152,0.0000
4,23.8446,11.6696,11.6152,0.0000
5,16.6912,11.6696,11.6152,0.0000
6,16.6912,11.6696,11.6152,0.0000
0,16.6912,11.6696,11.6152,0.0000
1,284.6838,11.6696,11.6152,0.0000
2,199.2787,11.6696,11.6152,0.0000
3,139.4951,11.6696,11.6152,0.0000
4,97.6466,11.6696,11.6152,0.0000
5,97.6466,11.6696,11.6152,0.0000
6,97.6466,11.6696,8.1306,0.0000
0,97.6466,11.6696,8.1306,0.0000
1,500.6526,11.6696,8.1306,0.0000
2,350.4568,11.6696,8.1306,0.0000
3,245.3198,11.6696,8.1306,0.0000
4,171.7238,11.6696,8.1306,0.0000
5,171.7238,11.6696,8.1306,0.0000
6,120.2067,11.6696,8.1306,0.0000
0,120.2067,11.6696,8.1306,0.0000
1,422.2447,11.6696,8.1306,0.0000
2,295.5713,11.6696,8.1306,0.0000
3,206.8999,11.6696,8.1306,0.0000
4,144.8299,11.6696,8.1306,0.0000
5,101.3809,11.6696,8.1306,0.0000
6,70.9667,11.6696,8.1306,0.0000
0,70.9667,11.6696,8.1306,0.0000
1,70.9667,116.1687,8.1306,0.0000
2,70.9667,81.3181,8.1306,0.0000
3,70.9667,56.9227,8.1306,0.0000
4,178.0767,56.9227,8.1306,0.0000
5,124.6537,56.9227,8.1306,0.0000
6,87.2576,56.9227,8.1306,0.0000
7,61.0803,56.9227,8.1306,0.0000
8,42.7562,56.9227,8.1306,0.0000
9,42.7562,39.8459,8.1306,0.0000
0,42.7562,39.8459,8.1306,0.0000
1,137.9293,39.8459,8.1306,0.0000
2,96.5505,39.8459,8.1306,0.0000
3,96.5505,27.8921,8.1306,0.0000
4,67.5854,27.8921,8.1306,0.0000
5,47.3098,27.8921,8.1306,0.0000
6,33.1168,27.8921,8.1306,0.0000
0,33.1168,27.8921,8.1306,0.0000
1,336.3818,27.8921,8.1306,0.0000
2,235.4672,27.8921,8.1306,0.0000
3,164.8271,27.8921,8.1306,0.0000
4,115.3790,27.8921,8.1306,0.0000
5,80.7653,27.8921,8.1306,0.0000
6,80.7653,19.5245,8.1306,0.0000
0,80.7653,19.5245,8.1306,0.0000
1,238.9357,19.5245,8.1306,0.0000
2,167.2550,19.5245,8.1306,0.0000
3,117.0785,19.5245,8.1306,0.0000
4,81.9549,19.5245,8.1306,0.0000
5,57.3685,19.5245,8.1306,0.0000
6,40.1579,19.5245,8.1306,0.0000
0,40.1579,19.5245,8.1306,0.0000
1,336.5105,19.5245,8.1306,0.0000
2,235.5574,19.5245,8.1306,0.0000
3,164.8902,19.5245,8.1306,0.0000
4,115.4231,19.5245,8.1306,0.0000
5,80.7962,19.5245,8.1306,0.0000
6,56.5573,19.5245,8.1306,0.0000
0,56.5573,19.5245,8.1306,0.0000
1,56.5573,19.5245,5.6914,0.0000
2,517.4901,19.5245,5.6914,0.0000
3,362.2431,19.5245,5.6914,0.0000
4,253.5702,19.5245,5.6914,0.0000
5,177.4991,19.5245,5.6914,0.0000
6,124.2494,19.5245,5.6914,0.0000
7,86.9746,19.5245,5.6914,0.0000
0,86.9746,19.5245,5.6914,0.0000
1,77.6822,19.5245,5.6914,0.0000
2,54.3775,19.5245,5.6914,0.0000
3,38.0643,19.5245,5.6914,0.0000
4,26.6450,19.5245,5.6914,0.0000
5,18.6515,19.5245,5.6914,0.0000
6,18.6515,13.6671,5.6914,0.0000
0,18.6515,13.6671,5.6914,0.0000
1,18.6515,13.6671,5.6914,0.0000
2,90.1560,13.6671,5.6914,0.0000
3,90.1560,13.6671,5.6914,0.0000
4,90.1560,13.6671,3.9840,0.0000
5,63.1092,13.6671,3.9840,0.0000
6,44.1765,13.6671,3.9840,0.0000
7,30.9235,13.6671,3.9840,0.0000
0,30.9235,13.6671,3.9840,0.0000
1,558.9465,13.6671,3.9840,0.0000
2,391.2625,13.6671,3.9840,0.0000
3,273.8838,13.6671,3.9840,0.0000
4,191.7186,13.6671,3.9840,0.0000
5,134.2030,13.6671,3.9840,0.0000
6,93.9421,13.6671,3.9840,0.0000
0,93.9421,13.6671,3.9840,0.0000
1,474.9595,13.6671,3.9840,0.0000
2,332.4716,13.6671,3.9840,0.0000
3,332.4716,13.6671,3.9840,0.0000
4,332.4716,13.6671,3.9840,0.0000
5,232.7302,13.6671,3.9840,0.0000
6,162.9111,13.6671,3.9840,0.0000
0,162.9111,13.6671,3.9840,0.0000
1,574.8378,13.6671,3.9840,0.0000
2,402.3864,13.6671,3.9840,0.0000
3,281.6705,13.6671,3.9840,0.0000
4,197.1694,13.6671,3.9840,0.0000
5,138.0185,13.6671,3.9840,0.0000
6,96.6130,13.6671,3.9840,0.0000
0,96.6130,13.6671,3.9840,0.0000
1,67.6291,13.6671,3.9840,0.0000
2,47.3404,13.6671,3.9840,0.0000
3,47.3404,13.6671,973.2888,0.0000
4,47.3404,13.6671,681.3022,0.0000
5,47.3404,620.0670,681.3022,0.0000
6,47.3404,620.0670,585.8115,0.0000
7,47.3404,467.3469,585.8115,0.0000
8,47.3404,467.3469,410.0681,0.0000
9,47.3404,327.1428,410.0681,0.0000
10,47.3404,327.1428,287.0476,0.0000
0,47.3404,327.1428,287.0476,0.0000
1,47.3404,316.6000,287.0476,0.0000
2,47.3404,221.6200,287.0476,0.0000
3,47.3404,221.6200,287.0476,0.0000
4,702.7383,221.6200,287.0476,0.0000
5,491.9168,221.6200,287.0476,0.0000
6,344.3417,221.6200,287.0476,0.0000
7,241.0392,221.6200,287.0476,0.0000
8,241.0392,221.6200,206.6333,0.0000
9,241.0392,221.6200,144.6433,0.0000
10,257.2275,221.6200,144.6433,0.0000
0,257.2275,221.6200,144.6433,0.0000
1,267.0592,221.6200,144.6433,0.0000
2,267.0592,221.6200,144.6433,0.0000
3,186.9415,221.6200,144.6433,0.0000
4,186.9415,221.6200,256.0503,0.0000
5,186.9415,221.6200,179.2352,0.0000
6,186.9415,206.4340,179.2352,0.0000
7,186.9415,206.4340,179.2352,0.0000
8,186.9415,144.5038,179.2352,0.0000
9,177.9590,144.5038,179.2352,0.0000
10,177.9590,144.5038,168.0647,0.0000
0,177.9590,144.5038,168.0647,0.0000
1,313.8713,144.5038,168.0647,0.0000
2,219.7099,144.5038,168.0647,0.0000
3,153.7969,144.5038,168.0647,0.0000
4,153.7969,144.5038,117.6453,0.0000
5,107.6579,144.5038,117.6453,0.0000
6,107.6579,101.1527,117.6453,0.0000
0,107.6579,101.1527,117.6453,0.0000
1,107.6579,101.1527,154.9517,0.0000
2,107.6579,101.1527,108.4662,0.0000
3,107.6579,101.1527,75.9263,0.0000
4,75.3605,101.1527,75.9263,0.0000
5,75.3605,70.8069,75.9263,0.0000
6,75.3605,49.5648,75.9263,0.0000
0,75.3605,49.5648,75.9263,0.0000
1,75.3605,49.5648,101.4484,0.0000
2,75.3605,49.5648,101.4484,0.0000
3,75.3605,49.3954,101.4484,0.0000
4,75.3605,49.3954,101.4484,0.0000
5,75.3605,49.3954,101.4484,0.0000
6,75.3605,49.3954,71.0139,0.0000
7,125.3524,49.3954,71.0139,0.0000
8,87.7466,49.3954,71.0139,0.0000
9,61.4227,49.3954,71.0139,0.0000
10,61.4227,49.3954,51.5097,0.0000
0,61.4227,49.3954,51.5097,0.0000
1,86.1959,49.3954,51.5097,0.0000
2,60.3371,49.3954,51.5097,0.0000
3,42.2360,49.3954,51.5097,0.0000
4,42.2360,49.2768,51.5097,0.0000
5,32.8652,49.2768,51.5097,0.0000
6,32.8652,49.2768,36.0568,0.0000
7,23.0056,49.2768,36.0568,0.0000
8,23.0056,34.4937,36.0568,0.0000
9,23.0056,34.4937,25.2398,0.0000
10,23.0056,24.1456,25.2398,0.0000
0,23.0056,24.1456,25.2398,0.0000
1,23.0056,24.1456,17.6678,0.0000
2,23.0056,47.5019,17.6678,0.0000
3,23.0056,33.2513,17.6678,0.0000
4,23.0056,23.2759,17.6678,0.0000
5,23.0056,16.2932,17.6678,0.0000
6,99.8039,16.2932,17.6678,0.0000
7,69.8628,16.2932,17.6678,0.0000
8,48.9039,16.2932,17.6678,0.0000
9,34.2328,16.2932,17.6678,0.0000
10,23.9629,16.2932,17.6678,0.0000
0,23.9629,16.2932,17.6678,0.0000
1,49.7740,16.2932,17.6678,0.0000
2,34.8418,16.2932,17.6678,0.0000
3,24.3893,16.2932,17.6678,0.0000
4,17.0725,16.2932,17.6678,0.0000
5,17.0725,16.2932,12.3675,0.0000
6,11.9507,16.2932,12.3675,0.0000
0,11.9507,16.2932,12.3675,0.0000
1,11.9507,56.7052,12.3675,0.0000
2,102.5655,56.7052,12.3675,0.0000
3,102.5655,56.7052,12.3675,0.0000
4,71.7959,56.7052,12.3675,0.0000
5,71.7959,56.7052,12.3675,0.0000
6,50.2571,56.7052,12.3675,0.0000
7,50.2571,39.6936,12.3675,0.0000
0,50.2571,39.6936,12.3675,0.0000
1,257.1800,39.6936,12.3675,0.0000
2,180.0260,39.6936,12.3675,0.0000
3,180.0260,27.7856,12.3675,0.0000
4,126.0182,27.7856,12.3675,0.0000
5,88.2127,27.7856,12.3675,0.0000
6,61.7489,27.7856,12.3675,0.0000
0,61.7489,27.7856,12.3675,0.0000
1,88.2242,27.7856,12.3675,0.0000
2,61.7570,27.7856,12.3675,0.0000
3,43.2299,27.7856,12.3675,0.0000
4,30.2609,27.7856,12.3675,0.0000
5,21.1826,27.7856,12.3675,0.0000
6,21.1826,19.4499,12.3675,0.0000
0,21.1826,19.4499,12.3675,0.0000
1,150.7278,19.4499,12.3675,0.0000
2,105.5095,19.4499,12.3675,0.0000
3,73.8566,19.4499,12.3675,0.0000
4,51.6997,19.4499,12.3675,0.0000
5,36.1898,19.4499,12.3675,0.0000
6,25.3328,19.4499,12.3675,0.0000
0,25.3328,19.4499,12.3675,0.0000
1,414.3330,19.4499,12.3675,0.0000
2,290.0331,19.4499,12.3675,0.0000
3,203.0232,19.4499,12.3675,0.0000
4,142.1162,19.4499,12.3675,0.0000
5,99.4813,19.4499,12.3675,0.0000
6,69.6369,19.4499,12.3675,0.0000
0,69.6369,19.4499,12.3675,0.0000
1,480.7459,19.4499,12.3675,0.0000
2,336.5221,19.4499,12.3675,0.0000
3,235.5655,19.4499,12.3675,0.0000
4,164.8958,19.4499,12.3675,0.0000
5,164.8958,19.4499,12.3675,0.0000
6,115.4271,19.4499,12.3675,0.0000
0,115.4271,19.4499,12.3675,0.0000
1,484.8990,19.4499,12.3675,0.0000
2,484.8990,19.4499,8.6572,0.0000
3,339.4293,19.4499,8.6572,0.0000
4,237.6005,19.4499,8.6572,0.0000
5,166.3203,19.4499,8.6572,0.0000
6,166.3203,13.6149,8.6572,0.0000
0,166.3203,13.6149,8.6572,0.0000
1,122.4242,13.6149,8.6572,0.0000
2,85.6970,13.6149,8.6572,0.0000
3,59.9879,13.6149,8.6572,0.0000
4,41.9915,13.6149,8.6572,0.0000
5,29.3941,13.6149,8.6572,0.0000
6,20.5758,13.6149,8.6572,0.0000
0,20.5758,13.6149,8.6572,0.0000
1,213.3031,13.6149,8.6572,0.0000
2,149.3122,13.6149,8.6572,0.0000
3,104.5185,13.6149,8.6572,0.0000
4,73.1630,13.6149,8.6572,0.0000
5,51.2141,13.6149,8.6572,0.0000
6,35.8499,13.6149,8.6572,0.0000
0,35.8499,13.6149,8.6572,0.0000
1,178.0949,13.6149,8.6572,0.0000
2,124.6664,13.6149,8.6572,0.0000
3,87.2665,13.6149,8.6572,0.0000
4,61.0865,13.6149,8.6572,0.0000
5,42.7606,13.6149,8.6572,0.0000
6,42.7606,9.5304,8.6572,0.0000
0,42.7606,9.5304,8.6572,0.0000
1,42.7606,9.5304,208.8601,0.0000
2,42.7606,9.5304,146.2020,0.0000
3,42.7606,9.5304,102.3414,0.0000
4,42.7606,9.5304,71.6390,0.0000
5,42.7606,9.5304,50.1473,0.0000
6,42.7606,9.5304,35.1031,0.0000
0,42.7606,9.5304,35.1031,0.0000
1,431.9324,9.5304,35.1031,0.0000
2,302.3527,9.5304,35.1031,0.0000
3,302.3527,24.9713,35.1031,0.0000
4,224.2469,24.9713,35.1031,0.0000
5,156.9728,24.9713,35.1031,0.0000
6,109.8810,24.9713,35.1031,0.0000
7,76.9167,24.9713,35.1031,0.0000
8,53.8417,24.9713,35.1031,0.0000
9,37.6892,24.9713,35.1031,0.0000
0,37.6892,24.9713,35.1031,0.0000
1,50.3824,24.9713,35.1031,0.0000
2,50.3824,24.9713,35.1031,0.0000
3,50.3824,24.9713,35.1031,0.0000
4,50.3824,24.9713,24.5722,0.0000
5,50.3824,24.9713,17.2005,0.0000
6,35.2677,24.9713,17.2005,0.0000
0,35.2677,24.9713,17.2005,0.0000
1,35.2677,17.4799,17.2005,0.0000
2,202.8874,17.4799,17.2005,0.0000
3,142.0212,17.4799,17.2005,0.0000
4,99.4148,17.4799,17.2005,0.0000
5,69.5904,17.4799,17.2005,0.0000
6,48.7133,17.4799,17.2005,0.0000
7,34.0993,17.4799,17.2005,0.0000
0,34.0993,17.4799,17.2005,0.0000
1,378.7695,17.4799,17.2005,0.0000
2,265.1386,17.4799,17.2005,0.0000
3,185.5971,17.4799,17.2005,0.0000
4,129.9179,17.4799,17.2005,0.0000
5,90.9426,17.4799,17.2005,0.0000
6,63.6598,17.4799,17.2005,0.0000
0,63.6598,17.4799,17.2005,0.0000
1,63.6598,17.4799,12.0404,0.0000
2,330.7619,17.4799,12.0404,0.0000
3,231.5333,17.4799,12.0404,0.0000
4,162.0733,17.4799,12.0404,0.0000
5,113.4513,17.4799,12.0404,0.0000
6,79.4159,17.4799,12.0404,0.0000
7,55.5911,17.4799,12.0404,0.0000
0,55.5911,17.4799,12.0404,0.0000
1,59.9138,17.4799,12.0404,0.0000
2,41.9397,17.4799,12.0404,0.0000
3,29.3578,17.4799,12.0404,0.0000
4,20.5504,17.4799,12.0404,0.0000
5,14.3853,17.4799,12.0404,0.0000
6,14.3853,16.7359,12.0404,0.0000
7,14.3853,11.7152,12.0404,0.0000
8,10.0697,11.7152,12.0404,0.0000
9,10.0697,11.7152,8.4283,0.0000
10,10.0697,8.2006,8.4283,0.0000
0,10.0697,8.2006,8.4283,0.0000
1,19.0488,8.2006,8.4283,0.0000
2,13.3342,8.2006,8.4283,0.0000
3,9.3339,8.2006,8.4283,0.0000
4,9.3339,8.2006,8.4283,0.0000
5,6.5337,8.2006,8.4283,0.0000
6,6.5337,8.2006,5.8998,0.0000
0,6.5337,8.2006,5.8998,0.0000
1,6.5337,18.3404,5.8998,0.0000
2,6.5337,18.3404,4.1298,0.0000
3,6.5337,12.8383,4.1298,0.0000
4,6.5337,8.9868,4.1298,0.0000
5,6.5337,6.2908,4.1298,0.0000
6,117.9736,6.2908,4.1298,0.0000
7,82.5815,6.2908,4.1298,0.0000
8,57.8071,6.2908,4.1298,0.0000
9,40.4650,6.2908,4.1298,0.0000
10,28.3255,6.2908,4.1298,0.0000
0,28.3255,6.2908,4.1298,0.0000
1,382.2278,6.2908,4.1298,0.0000
2,267.5595,6.2908,4.1298,0.0000
3,267.5595,4.4035,4.1298,0.0000
4,187.2916,4.4035,4.1298,0.0000
5,131.1041,4.4035,4.1298,0.0000
6,91.7729,4.4035,4.1298,0.0000
0,91.7729,4.4035,4.1298,0.0000
1,91.7729,235.2825,4.1298,0.0000
2,91.7729,164.6977,4.1298,0.0000
3,91.7729,115.2884,4.1298,0.0000
4,91.7729,80.7019,4.1298,0.0000
5,189.3410,80.7019,4.1298,0.0000
6,132.5387,80.7019,4.1298,0.0000
7,92.7771,80.7019,4.1298,0.0000
8,64.9440,80.7019,4.1298,0.0000
9,64.9440,80.7019,2.8909,0.0000
10,64.9440,56.4913,2.8909,0.0000
0,64.9440,56.4913,2.8909,0.0000
1,64.9440,39.5439,2.8909,0.0000
2,76.9608,39.5439,2.8909,0.0000
3,76.9608,39.5439,2.8909,0.0000
4,53.8725,39.5439,2.8909,0.0000
5,37.7108,39.5439,2.8909,0.0000
6,37.7108,27.6807,2.8909,0.0000
7,26.3975,27.6807,2.8909,0.0000
0,26.3975,27.6807,2.8909,0.0000
1,26.3975,23.5765,2.8909,0.0000
2,101.8783,23.5765,2.8909,0.0000
3,71.3148,23.5765,2.8909,0.0000
4,49.9204,23.5765,2.8909,0.0000
5,34.9443,23.5765,2.8909,0.0000
6,24.4610,23.5765,2.8909,0.0000
7,17.1227,23.5765,2.8909,0.0000
0,17.1227,23.5765,2.8909,0.0000
1,17.1227,127.8036,2.8909,0.0000
2,17.1227,89.4625,2.8909,0.0000
3,17.1227,62.6237,2.8909,0.0000
4,17.1227,43.8366,2.8909,0.0000
5,17.1227,30.6856,2.8909,0.0000
6,17.1227,21.4799,2.8909,0.0000
0,17.1227,21.4799,2.8909,0.0000
1,17.1227,238.5360,2.8909,0.0000
2,17.1227,166.9752,2.8909,0.0000
3,17.1227,116.8826,2.8909,0.0000
4,17.1227,81.8178,2.8909,0.0000
5,17.1227,57.2725,2.8909,0.0000
6,17.1227,40.0907,2.8909,0.0000
0,17.1227,40.0907,2.8909,0.0000
1,17.1227,54.7635,2.8909,0.0000
2,17.1227,38.3345,2.8909,0.0000
3,17.1227,26.8341,2.8909,0.0000
4,17.1227,18.7839,2.8909,0.0000
5,17.1227,13.1487,2.8909,0.0000
6,142.7859,13.1487,2.8909,0.0000
7,142.7859,13.1487,2.0236,0.0000
8,99.9501,13.1487,2.0236,0.0000
9,69.9651,13.1487,2.0236,0.0000
10,48.9756,13.1487,2.0236,0.0000
0,48.9756,13.1487,2.0236,0.0000
1,199.8829,13.1487,2.0236,0.0000
2,139.9180,13.1487,2.0236,0.0000
3,97.9426,13.1487,2.0236,0.0000
4,68.5598,13.1487,2.0236,0.0000
5,47.9919,13.1487,2.0236,0.0000
6,33.5943,13.1487,2.0236,0.0000
0,33.5943,13.1487,2.0236,0.0000
1,303.4160,13.1487,2.0236,0.0000
2,212.3912,13.1487,2.0236,0.0000
3,148.6739,13.1487,2.0236,0.0000
4,104.0717,13.1487,2.0236,0.0000
5,72.8502,13.1487,2.0236,0.0000
6,72.8502,9.2041,2.0236,0.0000
0,72.8502,9.2041,2.0236,0.0000
1,247.1951,9.2041,2.0236,0.0000
2,173.0366,9.2041,2.0236,0.0000
3,121.1256,9.2041,2.0236,0.0000
4,84.7879,9.2041,2.0236,0.0000
5,84.7879,6.4429,2.0236,0.0000
6,59.3516,6.4429,2.0236,0.0000
0,59.3516,6.4429,2.0236,0.0000
1,211.0461,6.4429,2.0236,0.0000
2,147.7323,6.4429,2.0236,0.0000
3,103.4126,6.4429,2.0236,0.0000
4,72.3888,6.4429,2.0236,0.0000
5,72.3888,4.5100,2.0236,0.0000
6,50.6722,4.5100,2.0236,0.0000
0,50.6722,4.5100,2.0236,0.0000
1,141.9705,4.5100,2.0236,0.0000
2,141.9705,4.5100,1.4165,0.0000
3,99.3794,4.5100,1.4165,0.0000
4,99.3794,4.5100,1.4165,0.0000
5,69.5656,4.5100,1.4165,0.0000
6,48.6959,4.5100,1.4165,0.0000
0,48.6959,4.5100,1.4165,0.0000
1,160.9871,4.5100,1.4165,0.0000
2,112.6910,4.5100,1.4165,0.0000
3,78.8837,4.5100,1.4165,0.0000
4,55.2186,4.5100,1.4165,0.0000
5,38.6530,4.5100,1.4165,0.0000
6,27.0571,4.5100,1.4165,0.0000
0,27.0571,4.5100,1.4165,0.0000
1,175.8400,4.5100,1.4165,0.0000
2,123.0880,4.5100,1.4165,0.0000
3,86.1616,4.5100,1.4165,0.0000
4,60.3131,4.5100,1.4165,0.0000
5,42.2192,4.5100,1.4165,0.0000
6,42.2192,4.5100,1.4165,0.0000
0,42.2192,4.5100,1.4165,0.0000
1,473.5534,4.5100,1.4165,0.0000
2,331.4874,4.5100,1.4165,0.0000
3,232.0412,4.5100,1.4165,0.0000
4,162.4288,4.5100,1.4165,0.0000
5,162.4288,4.5100,1.4165,0.0000
6,162.4288,3.1570,1.4165,0.0000
0,162.4288,3.1570,1.4165,0.0000
1,633.0002,3.1570,1.4165,0.0000
2,443.1001,3.1570,1.4165,0.0000
3,310.1701,3.1570,1.4165,0.0000
4,217.1191,3.1570,1.4165,0.0000
5,151.9833,3.1570,1.4165,0.0000
6,151.9833,3.1570,1.4165,0.0000
0,151.9833,3.1570,1.4165,0.0000
1,179.8883,3.1570,1.4165,0.0000
2,125.9218,3.1570,1.4165,0.0000
3,88.1453,3.1570,1.4165,0.0000
4,61.7017,3.1570,1.4165,0.0000
5,43.1912,3.1570,1.4165,0.0000
6,30.2338,3.1570,1.4165,0.0000
0,30.2338,3.1570,1.4165,0.0000
1,165.4637,3.1570,1.4165,0.0000
2,115.8246,3.1570,1.4165,0.0000
3,81.0772,3.1570,1.4165,0.0000
4,56.7540,3.1570,1.4165,0.0000
5,39.7278,3.1570,1.4165,0.0000
6,27.8095,3.1570,1.4165,0.0000
0,27.8095,3.1570,1.4165,0.0000
1,201.8666,3.1570,1.4165,0.0000
2,141.3066,3.1570,1.4165,0.0000
3,98.9147,3.1570,1.4165,0.0000
4,69.2403,3.1570,1.4165,0.0000
5,48.4682,3.1570,1.4165,0.0000
6,33.9277,3.1570,1.4165,0.0000
0,33.9277,3.1570,1.4165,0.0000
1,33.9277,3.1570,264.9916,0.0000
2,33.9277,3.1570,185.4941,0.0000
3,33.9277,3.1570,129.8459,0.0000
4,33.9277,3.1570,90.8921,0.0000
5,33.9277,3.1570,90.8921,0.0000
6,33.9277,3.1570,63.6245,0.0000
0,33.9277,3.1570,63.6245,0.0000
1,491.1494,3.1570,63.6245,0.0000
2,343.8046,3.1570,63.6245,0.0000
3,240.6632,3.1570,63.6245,0.0000
4,168.4642,3.1570,63.6245,0.0000
5,117.9250,3.1570,63.6245,0.0000
6,117.9250,3.1570,44.5371,0.0000
0,117.9250,3.1570,44.5371,0.0000
1,156.0475,3.1570,44.5371,0.0000
2,109.2332,3.1570,44.5371,0.0000
3,76.4633,3.1570,44.5371,0.0000
4,53.5243,3.1570,44.5371,0.0000
5,37.4670,3.1570,44.5371,0.0000
6,37.4670,3.1570,31.1760,0.0000
0,37.4670,3.1570,31.1760,0.0000
1,241.3269,3.1570,31.1760,0.0000
2,241.3269,2.2099,31.1760,0.0000
3,168.9288,2.2099,31.1760,0.0000
4,118.2502,2.2099,31.1760,0.0000
5,82.7751,2.2099,31.1760,0.0000
6,57.9426,2.2099,31.1760,0.0000
0,57.9426,2.2099,31.1760,0.0000
1,222.9598,2.2099,31.1760,0.0000
2,156.0719,2.2099,31.1760,0.0000
3,109.2503,2.2099,31.1760,0.0000
4,76.4752,2.2099,31.1760,0.0000
5,53.5327,2.2099,31.1760,0.0000
6,37.4729,2.2099,31.1760,0.0000
0,37.4729,2.2099,31.1760,0.0000
1,37.4729,2.2099,30.8232,0.0000
2,257.8310,2.2099,30.8232,0.0000
3,180.4817,2.2099,30.8232,0.0000
4,126.3372,2.2099,30.8232,0.0000
5,88.4360,2.2099,30.8232,0.0000
6,61.9052,2.2099,30.8232,0.0000
7,43.3337,2.2099,30.8232,0.0000
0,43.3337,2.2099,30.8232,0.0000
1,475.5336,2.2099,30.8232,0.0000
2,475.5336,2.2099,30.8232,0.0000
3,332.8735,2.2099,30.8232,0.0000
4,233.0114,2.2099,30.8232,0.0000
5,163.1080,2.2099,30.8232,0.0000
6,114.1756,2.2099,30.8232,0.0000
0,114.1756,2.2099,30.8232,0.0000
1,107.5229,2.2099,30.8232,0.0000
2,75.2660,2.2099,30.8232,0.0000
3,52.6862,2.2099,30.8232,0.0000
4,52.6862,1.5469,30.8232,0.0000
5,36.8804,1.5469,30.8232,0.0000
6,25.8163,1.5469,30.8232,0.0000
0,25.8163,1.5469,30.8232,0.0000
1,25.8163,1.5469,128.6762,0.0000
2,25.8163,1.5469,90.0734,0.0000
3,25.8163,3.1829,90.0734,0.0000
4,68.7714,3.1829,90.0734,0.0000
5,48.1400,3.1829,90.0734,0.0000
6,48.1400,3.1829,63.0514,0.0000
7,48.1400,3.1829,44.1359,0.0000
8,33.6980,3.1829,44.1359,0.0000
9,33.6980,2.2280,44.1359,0.0000
0,33.6980,2.2280,44.1359,0.0000
1,33.6980,2.2280,233.0952,0.0000
2,183.7886,2.2280,233.0952,0.0000
3,183.7886,2.2280,163.1666,0.0000
4,128.6520,2.2280,163.1666,0.0000
5,90.0564,2.2280,163.1666,0.0000
6,90.0564,2.2280,114.2166,0.0000
7,90.0564,2.2280,79.9516,0.0000
0,90.0564,2.2280,79.9516,0.0000
1,371.1395,2.2280,79.9516,0.0000
2,259.7976,2.2280,79.9516,0.0000
3,181.8583,2.2280,79.9516,0.0000
4,127.3008,2.2280,79.9516,0.0000
5,89.1106,2.2280,79.9516,0.0000
6,62.3774,2.2280,79.9516,0.0000
0,62.3774,2.2280,79.9516,0.0000
1,62.3774,2.2280,55.9661,0.0000
2,62.3774,156.3596,55.9661,0.0000
3,62.3774,109.4517,55.9661,0.0000
4,62.3774,76.6162,55.9661,0.0000
5,62.3774,53.6313,55.9661,0.0000
6,253.3642,53.6313,55.9661,0.0000
7,253.3642,53.6313,55.9661,0.0000
8,177.3549,53.6313,55.9661,0.0000
9,124.1485,53.6313,55.9661,0.0000
10,86.9039,53.6313,55.9661,0.0000
0,86.9039,53.6313,55.9661,0.0000
1,210.2327,53.6313,55.9661,0.0000
2,147.1629,53.6313,55.9661,0.0000
3,103.0140,53.6313,55.9661,0.0000
4,72.1098,53.6313,55.9661,0.0000
5,50.4769,53.6313,55.9661,0.0000
6,50.4769,53.6313,39.1763,0.0000
0,50.4769,53.6313,39.1763,0.0000
1,50.4769,79.5419,39.1763,0.0000
2,50.4769,79.5419,39.1763,0.0000
3,50.4769,55.6794,39.1763,0.0000
4,50.4769,38.9756,39.1763,0.0000
5,161.3338,38.9756,39.1763,0.0000
6,112.9337,38.9756,39.1763,0.0000
7,112.9337,27.2829,39.1763,0.0000
8,79.0536,27.2829,39.1763,0.0000
9,79.0536,27.2829,27.4234,0.0000
10,79.0536,27.2829,19.1964,0.0000
0,79.0536,27.2829,19.1964,0.0000
1,129.7375,27.2829,19.1964,0.0000
2,129.7375,19.0980,19.1964,0.0000
3,90.8162,19.0980,19.1964,0.0000
4,90.8162,13.3686,19.1964,0.0000
5,63.5714,13.3686,19.1964,0.0000
6,44.5000,13.3686,19.1964,0.0000
0,44.5000,13.3686,19.1964,0.0000
1,164.9500,13.3686,19.1964,0.0000
2,115.4650,13.3686,19.1964,0.0000
3,80.8255,13.3686,19.1964,0.0000
4,56.5778,13.3686,19.1964,0.0000
5,39.6045,13.3686,19.1964,0.0000
6,39.6045,13.3686,19.1964,0.0000
0,39.6045,13.3686,19.1964,0.0000
1,384.7231,13.3686,19.1964,0.0000
2,269.3062,13.3686,19.1964,0.0000
3,188.5143,13.3686,19.1964,0.0000
4,131.9600,13.3686,19.1964,0.0000
5,92.3720,13.3686,19.1964,0.0000
6,64.6604,13.3686,19.1964,0.0000
0,64.6604,13.3686,19.1964,0.0000
1,228.8623,13.3686,19.1964,0.0000
2,160.2036,13.3686,19.1964,0.0000
3,112.1425,13.3686,19.1964,0.0000
4,78.4998,13.3686,19.1964,0.0000
5,78.4998,9.3580,19.1964,0.0000
6,54.9498,9.3580,19.1964,0.0000
0,54.9498,9.3580,19.1964,0.0000
1,280.5649,9.3580,19.1964,0.0000
2,196.3954,9.3580,19.1964,0.0000
3,137.4768,9.3580,19.1964,0.0000
4,96.2338,9.3580,19.1964,0.0000
5,67.3636,9.3580,19.1964,0.0000
6,47.1545,9.3580,19.1964,0.0000
0,47.1545,9.3580,19.1964,0.0000
1,200.4082,9.3580,19.1964,0.0000
2,200.4082,9.3580,19.1964,0.0000
3,140.2857,9.3580,19.1964,0.0000
4,98.2000,9.3580,19.1964,0.0000
5,68.7400,9.3580,19.1964,0.0000
6,48.1180,9.3580,19.1964,0.0000
0,48.1180,9.3580,19.1964,0.0000
1,150.9826,9.3580,19.1964,0.0000
2,105.6878,9.3580,19.1964,0.0000
3,73.9815,9.3580,19.1964,0.0000
4,51.7870,9.3580,19.1964,0.0000
5,36.2509,9.3580,19.1964,0.0000
6,25.3756,9.3580,19.1964,0.0000
0,25.3756,9.3580,19.1964,0.0000
1,367.5630,9.3580,19.1964,0.0000
2,257.2941,9.3580,19.1964,0.0000
3,180.1058,9.3580,19.1964,0.0000
4,126.0741,9.3580,19.1964,0.0000
5,88.2519,9.3580,19.1964,0.0000
6,88.2519,9.3580,13.4375,0.0000
0,88.2519,9.3580,13.4375,0.0000
1,322.1763,9.3580,13.4375,0.0000
2,225.5234,9.3580,13.4375,0.0000
3,157.8664,9.3580,13.4375,0.0000
4,110.5065,9.3580,13.4375,0.0000
5,77.3545,9.3580,13.4375,0.0000
6,54.1482,9.3580,13.4375,0.0000
0,54.1482,9.3580,13.4375,0.0000
1,54.1482,9.3580,13.4375,0.0000
2,496.6037,9.3580,13.4375,0.0000
3,347.6226,9.3580,13.4375,0.0000
4,243.3358,9.3580,13.4375,0.0000
5,170.3351,9.3580,13.4375,0.0000
6,119.2346,9.3580,13.4375,0.0000
7,83.4642,9.3580,13.4375,0.0000
0,83.4642,9.3580,13.4375,0.0000
1,83.4642,9.3580,206.5062,0.0000
2,83.4642,9.3580,144.5544,0.0000
3,83.4642,9.3580,101.1881,0.0000
4,83.4642,9.3580,70.8316,0.0000
5,58.4249,9.3580,70.8316,0.0000
6,58.4249,9.3580,49.5821,0.0000
0,58.4249,9.3580,49.5821,0.0000
1,95.1975,9.3580,49.5821,0.0000
2,66.6382,9.3580,49.5821,0.0000
3,46.6468,9.3580,49.5821,0.0000
4,46.6468,9.3580,34.7075,0.0000
5,32.6527,9.3580,34.7075,0.0000
6,32.6527,9.3580,24.2953,0.0000
0,32.6527,9.3580,24.2953,0.0000
1,189.9569,9.3580,24.2953,0.0000
2,132.9698,9.3580,24.2953,0.0000
3,93.0789,9.3580,24.2953,0.0000
4,65.1552,9.3580,24.2953,0.0000
5,45.6087,9.3580,24.2953,0.0000
6,31.9261,9.3580,24.2953,0.0000
0,31.9261,9.3580,24.2953,0.0000
1,163.3482,9.3580,24.2953,0.0000
2,114.3438,9.3580,24.2953,0.0000
3,114.3438,9.3580,24.2953,0.0000
4,80.0406,9.3580,24.2953,0.0000
5,56.0284,9.3580,24.2953,0.0000
6,39.2199,9.3580,24.2953,0.0000
0,39.2199,9.3580,24.2953,0.0000
1,252.4539,9.3580,24.2953,0.0000
2,252.4539,6.5506,24.2953,0.0000
3,176.7178,6.5506,24.2953,0.0000
4,123.7024,6.5506,24.2953,0.0000
5,123.7024,4.5854,24.2953,0.0000
6,123.7024,3.2098,24.2953,0.0000
0,123.7024,3.2098,24.2953,0.0000
1,401.8917,3.2098,24.2953,0.0000
2,281.3242,3.2098,24.2953,0.0000
3,196.9269,3.2098,24.2953,0.0000
4,137.8489,3.2098,24.2953,0.0000
5,96.4942,3.2098,24.2953,0.0000
6,67.5459,3.2098,24.2953,0.0000
0,67.5459,3.2098,24.2953,0.0000
1,162.4822,3.2098,24.2953,0.0000
2,113.7375,3.2098,24.2953,0.0000
3,79.6163,3.2098,24.2953,0.0000
4,55.7314,3.2098,24.2953,0.0000
5,39.0120,3.2098,24.2953,0.0000
6,27.3084,3.2098,24.2953,0.0000
0,27.3084,3.2098,24.2953,0.0000
1,27.3084,3.2098,147.2067,0.0000
2,27.3084,51.4469,147.2067,0.0000
3,27.3084,51.4469,103.0447,0.0000
4,27.3084,51.4469,72.1313,0.0000
5,27.3084,51.4469,50.4919,0.0000
6,27.3084,36.0128,50.4919,0.0000
7,27.3084,36.0128,35.3443,0.0000
0,27.3084,36.0128,35.3443,0.0000
1,27.3084,51.3090,35.3443,0.0000
2,27.3084,51.3090,24.7410,0.0000
3,27.3084,35.9163,24.7410,0.0000
4,27.3084,25.1414,24.7410,0.0000
5,63.8159,25.1414,24.7410,0.0000
6,44.6711,25.1414,24.7410,0.0000
7,31.2698,25.1414,24.7410,0.0000
8,21.8888,25.1414,24.7410,0.0000
9,21.8888,17.5990,24.7410,0.0000
10,21.8888,17.5990,17.3187,0.0000
0,21.8888,17.5990,17.3187,0.0000
1,122.4222,17.5990,17.3187,0.0000
2,85.6955,17.5990,17.3187,0.0000
3,59.9869,17.5990,17.3187,0.0000
4,41.9908,17.5990,17.3187,0.0000
5,29.3936,17.5990,17.3187,0.0000
6,20.5755,17.5990,17.3187,0.0000
0,20.5755,17.5990,17.3187,0.0000
1,170.4028,17.5990,17.3187,0.0000
2,119.2820,17.5990,17.3187,0.0000
3,119.2820,17.5990,12.1231,0.0000
4,83.4974,17.5990,12.1231,0.0000
5,58.4482,17.5990,12.1231,0.0000
6,58.4482,12.3193,12.1231,0.0000
0,58.4482,12.3193,12.1231,0.0000
1,451.6137,12.3193,12.1231,0.0000
2,316.1296,12.3193,12.1231,0.0000
3,221.2907,12.3193,12.1231,0.0000
4,154.9035,12.3193,12.1231,0.0000
5,108.4325,12.3193,12.1231,0.0000
6,75.9027,12.3193,12.1231,0.0000
0,75.9027,12.3193,12.1231,0.0000
1,75.9027,199.7235,12.1231,0.0000
2,75.9027,139.8064,12.1231,0.0000
3,75.9027,97.8645,12.1231,0.0000
4,75.9027,68.5052,12.1231,0.0000
5,406.8319,68.5052,12.1231,0.0000
6,406.8319,68.5052,12.1231,0.0000
7,284.7823,68.5052,12.1231,0.0000
8,284.7823,47.9536,12.1231,0.0000
9,199.3476,47.9536,12.1231,0.0000
10,139.5433,47.9536,12.1231,0.0000
0,139.5433,47.9536,12.1231,0.0000
1,158.5803,47.9536,12.1231,0.0000
2,111.0062,47.9536,12.1231,0.0000
3,77.7044,47.9536,12.1231,0.0000
4,54.3931,47.9536,12.1231,0.0000
5,38.0751,47.9536,12.1231,0.0000
6,38.0751,33.5675,12.1231,0.0000
0,38.0751,33.5675,12.1231,0.0000
1,241.4526,33.5675,12.1231,0.0000
2,169.0168,33.5675,12.1231,0.0000
3,118.3118,33.5675,12.1231,0.0000
4,118.3118,23.4973,12.1231,0.0000
5,82.8182,23.4973,12.1231,0.0000
6,57.9728,23.4973,12.1231,0.0000
0,57.9728,23.4973,12.1231,0.0000
1,266.1809,23.4973,12.1231,0.0000
2,186.3267,23.4973,12.1231,0.0000
3,130.4287,23.4973,12.1231,0.0000
4,91.3001,23.4973,12.1231,0.0000
5,63.9100,23.4973,12.1231,0.0000
6,44.7370,23.4973,12.1231,0.0000
0,44.7370,23.4973,12.1231,0.0000
1,44.7370,23.4973,8.4862,0.0000
2,258.7159,23.4973,8.4862,0.0000
3,181.1011,23.4973,8.4862,0.0000
4,181.1011,23.4973,5.9403,0.0000
5,126.7708,23.4973,5.9403,0.0000
6,88.7396,23.4973,5.9403,0.0000
7,62.1177,23.4973,5.9403,0.0000
0,62.1177,23.4973,5.9403,0.0000
1,509.9824,23.4973,5.9403,0.0000
2,356.9877,23.4973,5.9403,0.0000
3,249.8914,23.4973,5.9403,0.0000
4,174.9240,23.4973,5.9403,0.0000
5,122.4468,23.4973,5.9403,0.0000
6,85.7127,23.4973,5.9403,0.0000
0,85.7127,23.4973,5.9403,0.0000
1,87.5989,23.4973,5.9403,0.0000
2,61.3192,23.4973,5.9403,0.0000
3,42.9235,23.4973,5.9403,0.0000
4,30.0464,23.4973,5.9403,0.0000
5,21.0325,23.4973,5.9403,0.0000
6,21.0325,23.4973,5.9403,0.0000
0,21.0325,23.4973,5.9403,0.0000
1,21.0325,102.2481,5.9403,0.0000
2,21.0325,71.5737,5.9403,0.0000
3,21.0325,50.1016,5.9403,0.0000
4,21.0325,35.0711,5.9403,0.0000
5,21.0325,24.5498,5.9403,0.0000
6,21.0325,17.1848,5.9403,0.0000
0,21.0325,17.1848,5.9403,0.0000
1,21.0325,17.1848,5.9403,0.0000
2,280.2228,17.1848,5.9403,0.0000
3,196.1559,17.1848,5.9403,0.0000
4,137.3091,17.1848,5.9403,0.0000
5,96.1164,17.1848,5.9403,0.0000
6,96.1164,17.1848,5.9403,0.0000
7,67.2815,17.1848,5.9403,0.0000
0,67.2815,17.1848,5.9403,0.0000
1,487.7970,17.1848,5.9403,0.0000
2,341.4579,17.1848,5.9403,0.0000
3,239.0205,17.1848,5.9403,0.0000
4,167.3144,17.1848,5.9403,0.0000
5,117.1201,17.1848,5.9403,0.0000
6,117.1201,17.1848,4.1582,0.0000
0,117.1201,17.1848,4.1582,0.0000
1,501.0840,17.1848,4.1582,0.0000
2,501.0840,38.4294,4.1582,0.0000
3,350.7588,38.4294,4.1582,0.0000
4,245.5312,38.4294,4.1582,0.0000
5,171.8718,38.4294,4.1582,0.0000
6,120.3103,38.4294,4.1582,0.0000
7,84.2172,38.4294,4.1582,0.0000
0,84.2172,38.4294,4.1582,0.0000
1,236.5520,38.4294,4.1582,0.0000
2,165.5864,38.4294,4.1582,0.0000
3,115.9105,38.4294,4.1582,0.0000
4,81.1373,38.4294,4.1582,0.0000
5,56.7961,38.4294,4.1582,0.0000
6,56.7961,38.4294,2.9108,0.0000
0,56.7961,38.4294,2.9108,0.0000
1,282.4573,38.4294,2.9108,0.0000
2,197.7201,38.4294,2.9108,0.0000
3,138.4041,38.4294,2.9108,0.0000
4,96.8829,38.4294,2.9108,0.0000
5,67.8180,38.4294,2.9108,0.0000
6,67.8180,26.9006,2.9108,0.0000
0,67.8180,26.9006,2.9108,0.0000
1,90.6726,26.9006,2.9108,0.0000
2,63.4708,26.9006,2.9108,0.0000
3,44.4296,26.9006,2.9108,0.0000
4,31.1007,26.9006,2.9108,0.0000
5,21.7705,26.9006,2.9108,0.0000
6,21.7705,18.8304,2.9108,0.0000
0,21.7705,18.8304,2.9108,0.0000
1,362.0393,18.8304,2.9108,0.0000
2,253.4275,18.8304,2.9108,0.0000
3,177.3993,18.8304,2.9108,0.0000
4,177.3993,18.8304,2.9108,0.0000
5,124.1795,18.8304,2.9108,0.0000
6,86.9256,18.8304,2.9108,0.0000
0,86.9256,18.8304,2.9108,0.0000
1,514.1480,18.8304,2.9108,0.0000
2,359.9036,18.8304,2.9108,0.0000
3,251.9325,18.8304,2.9108,0.0000
4,176.3527,18.8304,2.9108,0.0000
5,123.4469,18.8304,2.9108,0.0000
6,123.4469,13.1813,2.9108,0.0000
0,123.4469,13.1813,2.9108,0.0000
1,149.4128,13.1813,2.9108,0.0000
2,104.5890,13.1813,2.9108,0.0000
3,73.2123,13.1813,2.9108,0.0000
4,51.2486,13.1813,2.9108,0.0000
5,35.8740,13.1813,2.9108,0.0000
6,25.1118,13.1813,2.9108,0.0000
0,25.1118,13.1813,2.9108,0.0000
1,25.1118,9.2269,2.9108,0.0000
2,25.1118,6.4588,2.9108,0.0000
3,25.1118,4.5212,2.9108,0.0000
4,48.7783,4.5212,2.9108,0.0000
5,34.1448,4.5212,2.9108,0.0000
6,23.9014,4.5212,2.9108,0.0000
7,16.7309,4.5212,2.9108,0.0000
8,11.7117,4.5212,2.9108,0.0000
9,11.7117,4.5212,2.9108,0.0000
0,11.7117,4.5212,2.9108,0.0000
1,288.3982,4.5212,2.9108,0.0000
2,201.8787,4.5212,2.9108,0.0000
3,141.3151,4.5212,2.9108,0.0000
4,98.9206,4.5212,2.9108,0.0000
5,69.2444,4.5212,2.9108,0.0000
6,48.4711,4.5212,2.9108,0.0000
0,48.4711,4.5212,2.9108,0.0000
1,479.7298,4.5212,2.9108,0.0000
2,335.8108,4.5212,2.9108,0.0000
3,335.8108,3.1648,2.9108,0.0000
4,335.8108,3.1648,2.9108,0.0000
5,235.0676,3.1648,2.9108,0.0000
6,164.5473,3.1648,2.9108,0.0000
0,164.5473,3.1648,2.9108,0.0000
1,521.3831,3.1648,2.9108,0.0000
2,364.9682,3.1648,2.9108,0.0000
3,255.4777,3.1648,2.9108,0.0000
4,178.8344,3.1648,2.9108,0.0000
5,125.1841,3.1648,2.9108,0.0000
6,87.6289,3.1648,2.9108,0.0000
0,87.6289,3.1648,2.9108,0.0000
1,87.6289,3.1648,2.9108,0.0000
2,61.3402,3.1648,2.9108,0.0000
3,42.9381,3.1648,2.9108,0.0000
4,30.0567,3.1648,2.9108,0.0000
5,21.0397,3.1648,2.9108,0.0000
0,21.0397,3.1648,2.9108,0.0000
1,69.3278,3.1648,2.9108,0.0000
2,48.5294,3.1648,2.9108,0.0000
3,33.9706,3.1648,2.9108,0.0000
4,23.7794,3.1648,2.9108,0.0000
5,16.6456,3.1648,2.9108,0.0000
6,11.6519,3.1648,2.9108,0.0000
0,11.6519,3.1648,2.9108,0.0000
1,11.6519,891.7154,2.9108,0.0000
2,11.6519,624.2008,2.9108,0.0000
3,11.6519,624.2008,2.9108,0.0000
4,11.6519,436.9405,2.9108,0.0000
5,11.6519,436.9405,2.9108,0.0000
6,11.6519,436.9405,972.8375,0.0000
7,11.6519,436.9405,680.9863,0.0000
8,11.6519,436.9405,476.6904,0.0000
9,11.6519,436.9405,333.6833,0.0000
10,11.6519,621.7584,333.6833,0.0000
0,11.6519,621.7584,333.6833,0.0000
1,11.6519,621.7584,333.6833,0.0000
2,11.6519,755.3309,333.6833,0.0000
3,11.6519,528.7316,333.6833,0.0000
4,11.6519,370.1121,333.6833,0.0000
5,11.6519,259.0785,333.6833,0.0000
6,11.6519,259.0785,233.5783,0.0000
7,11.6519,259.0785,163.5048,0.0000
0,11.6519,259.0785,163.5048,0.0000
1,11.6519,259.0785,163.5048,0.0000
2,11.6519,372.4549,163.5048,0.0000
3,11.6519,260.7185,163.5048,0.0000
4,11.6519,182.5029,163.5048,0.0000
5,11.6519,127.7520,163.5048,0.0000
6,11.6519,127.7520,169.0534,0.0000
7,11.6519,127.7520,118.3374,0.0000
8,11.6519,89.4264,118.3374,0.0000
9,11.6519,89.4264,82.8361,0.0000
10,11.6519,62.5985,82.8361,0.0000
0,11.6519,62.5985,82.8361,0.0000
1,792.9563,62.5985,82.8361,0.0000
2,555.0694,62.5985,82.8361,0.0000
3,555.0694,62.5985,82.8361,0.0000
4,388.5486,62.5985,82.8361,0.0000
5,388.5486,62.5985,57.9853,0.0000
6,271.9840,62.5985,57.9853,0.0000
0,271.9840,62.5985,57.9853,0.0000
1,315.7888,62.5985,57.9853,0.0000
2,221.0522,62.5985,57.9853,0.0000
3,154.7365,62.5985,57.9853,0.0000
4,108.3156,62.5985,57.9853,0.0000
5,108.3156,44.1190,57.9853,0.0000
6,80.6209,44.1190,57.9853,0.0000
7,80.6209,44.1190,40.5897,0.0000
8,56.4346,44.1190,40.5897,0.0000
9,56.4346,30.8833,40.5897,0.0000
10,39.5042,30.8833,40.5897,0.0000
0,39.5042,30.8833,40.5897,0.0000
1,39.5042,30.8833,328.1128,0.0000
2,39.5042,30.8833,229.6790,0.0000
3,39.5042,30.8833,160.7753,0.0000
4,39.5042,30.8833,112.5427,0.0000
5,39.5042,30.8833,78.7799,0.0000
6,39.5042,30.8833,55.1459,0.0000
0,39.5042,30.8833,55.1459,0.0000
1,39.5042,30.8833,38.6021,0.0000
2,132.0530,30.8833,38.6021,0.0000
3,92.4371,30.8833,38.6021,0.0000
4,64.7060,30.8833,38.6021,0.0000
5,45.2942,30.8833,38.6021,0.0000
6,31.7059,30.8833,38.6021,0.0000
7,31.7059,30.8833,27.0215,0.0000
0,31.7059,30.8833,27.0215,0.0000
1,696.5941,30.8833,27.0215,0.0000
2,696.5941,30.8833,27.0215,0.0000
3,487.6159,30.8833,27.0215,0.0000
4,341.3311,30.8833,27.0215,0.0000
5,238.9318,30.8833,27.0215,0.0000
6,167.2523,30.8833,27.0215,0.0000
0,167.2523,30.8833,27.0215,0.0000
1,167.2523,853.8183,27.0215,0.0000
2,167.2523,597.6728,27.0215,0.0000
3,167.2523,418.3710,27.0215,0.0000
4,167.2523,292.8597,27.0215,0.0000
5,167.2523,205.0018,27.0215,0.0000
6,167.2523,143.5012,27.0215,0.0000
0,167.2523,143.5012,27.0215,0.0000
1,167.2523,746.3509,27.0215,0.0000
2,167.2523,522.4456,27.0215,0.0000
3,167.2523,365.7119,27.0215,0.0000
4,167.2523,255.9983,27.0215,0.0000
5,167.2523,179.1988,27.0215,0.0000
6,167.2523,125.4392,27.0215,0.0000
0,167.2523,125.4392,27.0215,0.0000
1,370.5766,125.4392,27.0215,0.0000
2,259.4036,125.4392,27.0215,0.0000
3,181.5825,125.4392,27.0215,0.0000
4,127.1078,125.4392,27.0215,0.0000
5,127.1078,125.4392,18.9150,0.0000
6,88.9754,125.4392,18.9150,0.0000
0,88.9754,125.4392,18.9150,0.0000
1,88.9754,117.8074,18.9150,0.0000
2,88.9754,82.4652,18.9150,0.0000
3,150.4828,82.4652,18.9150,0.0000
4,105.3380,82.4652,18.9150,0.0000
5,73.7366,82.4652,18.9150,0.0000
6,73.7366,82.4652,13.2405,0.0000
7,73.7366,57.7256,13.2405,0.0000
8,73.7366,40.4079,13.2405,0.0000
0,73.7366,40.4079,13.2405,0.0000
1,144.0156,40.4079,13.2405,0.0000
2,100.8109,40.4079,13.2405,0.0000
3,70.5676,40.4079,13.2405,0.0000
4,49.3974,40.4079,13.2405,0.0000
5,34.5781,40.4079,13.2405,0.0000
6,34.5781,40.4079,13.2405,0.0000
0,34.5781,40.4079,13.2405,0.0000
1,34.5781,75.6856,13.2405,0.0000
2,78.8047,75.6856,13.2405,0.0000
3,55.1633,75.6856,13.2405,0.0000
4,55.1633,52.9799,13.2405,0.0000
5,38.6143,52.9799,13.2405,0.0000
6,38.6143,37.0859,13.2405,0.0000
7,27.0300,37.0859,13.2405,0.0000
0,27.0300,37.0859,13.2405,0.0000
1,27.0300,359.5601,13.2405,0.0000
2,27.0300,251.6921,13.2405,0.0000
3,27.0300,176.1845,13.2405,0.0000
4,27.0300,176.1845,79.7684,0.0000
5,27.0300,134.1291,79.7684,0.0000
6,27.0300,93.8904,79.7684,0.0000
7,27.0300,65.7233,79.7684,0.0000
8,27.0300,65.7233,55.8379,0.0000
9,27.0300,46.0063,55.8379,0.0000
10,27.0300,46.0063,39.0865,0.0000
0,27.0300,46.0063,39.0865,0.0000
1,27.0300,153.1044,39.0865,0.0000
2,27.0300,107.1731,39.0865,0.0000
3,27.0300,75.0212,39.0865,0.0000
4,27.0300,52.5148,39.0865,0.0000
5,27.0300,36.7604,39.0865,0.0000
6,27.0300,36.7604,27.3606,0.0000
0,27.0300,36.7604,27.3606,0.0000
1,27.0300,101.9323,27.3606,0.0000
2,27.0300,71.3526,27.3606,0.0000
3,27.0300,49.9468,27.3606,0.0000
4,27.0300,34.9628,27.3606,0.0000
5,27.0300,24.4739,27.3606,0.0000
6,27.0300,24.4739,19.1524,0.0000
0,27.0300,24.4739,19.1524,0.0000
1,777.6210,24.4739,19.1524,0.0000
2,544.3347,24.4739,19.1524,0.0000
3,381.0343,24.4739,19.1524,0.0000
4,266.7240,24.4739,19.1524,0.0000
5,186.7068,24.4739,19.1524,0.0000
6,130.6948,24.4739,19.1524,0.0000
0,130.6948,24.4739,19.1524,0.0000
1,130.6948,269.4318,19.1524,0.0000
2,130.6948,188.6022,19.1524,0.0000
3,130.6948,132.0216,19.1524,0.0000
4,130.6948,92.4151,19.1524,0.0000
5,185.9863,92.4151,19.1524,0.0000
6,130.1904,92.4151,19.1524,0.0000
7,130.1904,92.4151,13.4067,0.0000
8,91.1333,92.4151,13.4067,0.0000
9,91.1333,64.6906,13.4067,0.0000
10,63.7933,64.6906,13.4067,0.0000
0,63.7933,64.6906,13.4067,0.0000
1,63.7933,200.6834,13.4067,0.0000
2,63.7933,140.4784,13.4067,0.0000
3,63.7933,98.3349,13.4067,0.0000
4,63.7933,68.8344,13.4067,0.0000
5,63.7933,68.8344,13.4067,0.0000
6,63.7933,48.1841,13.4067,0.0000
0,63.7933,48.1841,13.4067,0.0000
1,592.4553,48.1841,13.4067,0.0000
2,414.7187,48.1841,13.4067,0.0000
3,290.3031,48.1841,13.4067,0.0000
4,203.2122,48.1841,13.4067,0.0000
5,142.2485,48.1841,13.4067,0.0000
6,99.5740,48.1841,13.4067,0.0000
0,99.5740,48.1841,13.4067,0.0000
1,711.7018,48.1841,13.4067,0.0000
2,498.1912,48.1841,13.4067,0.0000
3,348.7339,48.1841,13.4067,0.0000
4,244.1137,48.1841,13.4067,0.0000
5,170.8796,48.1841,13.4067,0.0000
6,119.6157,48.1841,13.4067,0.0000
0,119.6157,48.1841,13.4067,0.0000
1,400.5310,48.1841,13.4067,0.0000
2,400.5310,48.1841,9.3847,0.0000
3,280.3717,48.1841,9.3847,0.0000
4,196.2602,48.1841,9.3847,0.0000
5,196.2602,33.7289,9.3847,0.0000
6,196.2602,23.6102,9.3847,0.0000
0,196.2602,23.6102,9.3847,0.0000
1,739.4821,23.6102,9.3847,0.0000
2,517.6375,23.6102,9.3847,0.0000
3,362.3462,23.6102,9.3847,0.0000
4,253.6424,23.6102,9.3847,0.0000
5,177.5497,23.6102,9.3847,0.0000
6,124.2848,23.6102,9.3847,0.0000
0,124.2848,23.6102,9.3847,0.0000
1,454.1993,23.6102,9.3847,0.0000
2,317.9395,23.6102,9.3847,0.0000
3,222.5577,23.6102,9.3847,0.0000
4,222.5577,23.6102,6.5693,0.0000
5,155.7904,23.6102,6.5693,0.0000
6,109.0533,23.6102,6.5693,0.0000
0,109.0533,23.6102,6.5693,0.0000
1,206.8373,23.6102,6.5693,0.0000
2,206.8373,23.6102,4.5985,0.0000
3,144.7861,23.6102,4.5985,0.0000
4,144.7861,16.5271,4.5985,0.0000
5,101.3503,16.5271,4.5985,0.0000
6,70.9452,16.5271,4.5985,0.0000
0,70.9452,16.5271,4.5985,0.0000
1,966.1616,16.5271,4.5985,0.0000
2,676.3131,16.5271,4.5985,0.0000
3,473.4192,16.5271,4.5985,0.0000
4,331.3934,16.5271,4.5985,0.0000
5,231.9754,16.5271,4.5985,0.0000
6,162.3828,16.5271,4.5985,0.0000
0,162.3828,16.5271,4.5985,0.0000
1,162.3828,16.5271,3.2189,0.0000
2,459.2679,16.5271,3.2189,0.0000
3,321.4876,16.5271,3.2189,0.0000
4,225.0413,16.5271,3.2189,0.0000
5,157.5289,16.5271,3.2189,0.0000
6,110.2702,16.5271,3.2189,0.0000
7,77.1892,16.5271,3.2189,0.0000
0,77.1892,16.5271,3.2189,0.0000
1,1329.0324,16.5271,3.2189,0.0000
2,930.3227,16.5271,3.2189,0.0000
3,651.2259,16.5271,3.2189,0.0000
4,455.8581,16.5271,3.2189,0.0000
5,319.1007,16.5271,3.2189,0.0000
6,223.3705,16.5271,3.2189,0.0000
0,223.3705,16.5271,3.2189,0.0000
1,525.9593,16.5271,3.2189,0.0000
2,525.9593,16.5271,3.2189,0.0000
3,368.1715,16.5271,3.2189,0.0000
4,257.7201,16.5271,3.2189,0.0000
5,180.4041,16.5271,3.2189,0.0000
6,126.2828,16.5271,3.2189,0.0000
0,126.2828,16.5271,3.2189,0.0000
1,485.2980,16.5271,3.2189,0.0000
2,485.2980,11.5690,3.2189,0.0000
3,339.7086,11.5690,3.2189,0.0000
4,237.7960,11.5690,3.2189,0.0000
5,166.4572,11.5690,3.2189,0.0000
6,116.5200,11.5690,3.2189,0.0000
0,116.5200,11.5690,3.2189,0.0000
1,1251.2640,11.5690,3.2189,0.0000
2,875.8848,11.5690,3.2189,0.0000
3,613.1194,11.5690,3.2189,0.0000
4,429.1836,11.5690,3.2189,0.0000
5,300.4285,11.5690,3.2189,0.0000
6,210.2999,11.5690,3.2189,0.0000
0,210.2999,11.5690,3.2189,0.0000
1,646.7100,11.5690,3.2189,0.0000
2,646.7100,8.0983,3.2189,0.0000
3,452.6970,8.0983,3.2189,0.0000
4,316.8879,8.0983,3.2189,0.0000
5,221.8215,8.0983,3.2189,0.0000
6,155.2751,8.0983,3.2189,0.0000
0,155.2751,8.0983,3.2189,0.0000
1,1044.0925,8.0983,3.2189,0.0000
2,730.8648,8.0983,3.2189,0.0000
3,730.8648,5.6688,3.2189,0.0000
4,511.6053,5.6688,3.2189,0.0000
5,358.1237,5.6688,3.2189,0.0000
6,358.1237,5.6688,3.2189,0.0000
0,358.1237,5.6688,3.2189,0.0000
1,315.4866,5.6688,3.2189,0.0000
2,220.8406,5.6688,3.2189,0.0000
3,154.5884,5.6688,3.2189,0.0000
4,108.2119,5.6688,3.2189,0.0000
5,75.7483,5.6688,3.2189,0.0000
6,53.0238,5.6688,3.2189,0.0000
0,53.0238,5.6688,3.2189,0.0000
1,524.9167,5.6688,3.2189,0.0000
2,367.4417,5.6688,3.2189,0.0000
3,257.2092,5.6688,3.2189,0.0000
4,180.0464,5.6688,3.2189,0.0000
5,126.0325,5.6688,3.2189,0.0000
6,88.2227,5.6688,3.2189,0.0000
0,88.2227,5.6688,3.2189,0.0000
1,575.6559,5.6688,3.2189,0.0000
2,402.9591,5.6688,3.2189,0.0000
3,282.0714,5.6688,3.2189,0.0000
4,282.0714,5.6688,3.2189,0.0000
5,197.4500,5.6688,3.2189,0.0000
6,138.2150,5.6688,3.2189,0.0000
0,138.2150,5.6688,3.2189,0.0000
1,138.2150,929.7682,3.2189,0.0000
2,138.2150,929.7682,73.0533,0.0000
3,138.2150,650.8377,73.0533,0.0000
4,138.2150,455.5864,73.0533,0.0000
5,138.2150,318.9105,73.0533,0.0000
6,138.2150,223.2373,73.0533,0.0000
7,138.2150,156.2661,73.0533,0.0000
0,138.2150,156.2661,73.0533,0.0000
1,138.2150,494.8863,73.0533,0.0000
2,138.2150,346.4204,73.0533,0.0000
3,138.2150,242.4943,73.0533,0.0000
4,138.2150,169.7460,73.0533,0.0000
5,138.2150,118.8222,73.0533,0.0000
6,477.4505,118.8222,73.0533,0.0000
7,334.2153,118.8222,73.0533,0.0000
8,233.9507,118.8222,73.0533,0.0000
9,163.7655,118.8222,73.0533,0.0000
10,114.6359,118.8222,73.0533,0.0000
0,114.6359,118.8222,73.0533,0.0000
1,114.6359,264.3755,73.0533,0.0000
2,114.6359,185.0629,73.0533,0.0000
3,114.6359,185.0629,51.1373,0.0000
4,114.6359,129.5440,51.1373,0.0000
5,114.6359,90.6808,51.1373,0.0000
6,103.0451,90.6808,51.1373,0.0000
7,103.0451,90.6808,51.1373,0.0000
8,72.1316,90.6808,51.1373,0.0000
9,72.1316,63.4766,51.1373,0.0000
10,50.4921,63.4766,51.1373,0.0000
0,50.4921,63.4766,51.1373,0.0000
1,50.4921,212.7336,51.1373,0.0000
2,50.4921,148.9135,51.1373,0.0000
3,50.4921,148.9135,51.1373,0.0000
4,50.4921,104.2395,51.1373,0.0000
5,50.4921,72.9676,51.1373,0.0000
6,50.4921,51.0773,51.1373,0.0000
0,50.4921,51.0773,51.1373,0.0000
1,50.4921,51.0773,628.8961,0.0000
2,50.4921,51.0773,440.2273,0.0000
3,50.4921,51.0773,308.1591,0.0000
4,50.4921,51.0773,215.7114,0.0000
5,50.4921,51.0773,150.9980,0.0000
6,50.4921,51.0773,105.6986,0.0000
0,50.4921,51.0773,105.6986,0.0000
1,50.4921,51.0773,109.6890,0.0000
2,50.4921,51.0773,76.7823,0.0000
3,50.4921,51.0773,53.7476,0.0000
4,50.4921,51.0773,37.6233,0.0000
5,50.4921,147.9541,37.6233,0.0000
6,50.4921,103.5679,37.6233,0.0000
7,50.4921,72.4975,37.6233,0.0000
8,50.4921,50.7483,37.6233,0.0000
9,50.4921,35.5238,37.6233,0.0000
10,164.9445,35.5238,37.6233,0.0000
0,164.9445,35.5238,37.6233,0.0000
1,164.9445,530.9667,37.6233,0.0000
2,164.9445,371.6767,37.6233,0.0000
3,164.9445,260.1737,37.6233,0.0000
4,164.9445,182.1216,37.6233,0.0000
5,243.8611,182.1216,37.6233,0.0000
6,170.7028,182.1216,37.6233,0.0000
7,170.7028,127.4851,37.6233,0.0000
8,119.4920,127.4851,37.6233,0.0000
9,119.4920,89.2396,37.6233,0.0000
10,83.6444,89.2396,37.6233,0.0000
0,83.6444,89.2396,37.6233,0.0000
1,83.6444,62.4677,37.6233,0.0000
2,84.9511,62.4677,37.6233,0.0000
3,84.9511,43.7274,37.6233,0.0000
4,84.9511,43.7274,55.7363,0.0000
5,63.9657,43.7274,55.7363,0.0000
6,44.7760,43.7274,55.7363,0.0000
7,44.7760,43.7274,39.0154,0.0000
8,31.3432,43.7274,39.0154,0.0000
9,31.3432,30.6092,39.0154,0.0000
10,31.3432,30.6092,27.3108,0.0000
0,31.3432,30.6092,27.3108,0.0000
1,506.7402,30.6092,27.3108,0.0000
2,354.7182,30.6092,27.3108,0.0000
3,354.7182,30.6092,19.1176,0.0000
4,248.3027,30.6092,19.1176,0.0000
5,173.8119,30.6092,19.1176,0.0000
6,121.6683,30.6092,19.1176,0.0000
0,121.6683,30.6092,19.1176,0.0000
1,133.4678,30.6092,19.1176,0.0000
2,93.4275,30.6092,19.1176,0.0000
3,65.3992,30.6092,19.1176,0.0000
4,65.3992,30.6092,19.1176,0.0000
5,45.7795,30.6092,19.1176,0.0000
6,32.0456,30.6092,19.1176,0.0000
0,32.0456,30.6092,19.1176,0.0000
1,964.4319,30.6092,19.1176,0.0000
2,675.1024,30.6092,19.1176,0.0000
3,472.5717,30.6092,19.1176,0.0000
4,330.8002,30.6092,19.1176,0.0000
5,330.8002,30.6092,13.3823,0.0000
6,330.8002,21.4264,13.3823,0.0000
0,330.8002,21.4264,13.3823,0.0000
1,558.2601,21.4264,13.3823,0.0000
2,558.2601,21.4264,9.3676,0.0000
3,390.7821,21.4264,9.3676,0.0000
4,390.7821,21.4264,9.3676,0.0000
5,273.5475,21.4264,9.3676,0.0000
6,191.4832,21.4264,9.3676,0.0000
0,191.4832,21.4264,9.3676,0.0000
1,954.2383,21.4264,9.3676,0.0000
2,954.2383,14.9985,9.3676,0.0000
3,667.9668,14.9985,9.3676,0.0000
4,467.5767,14.9985,9.3676,0.0000
5,327.3037,14.9985,9.3676,0.0000
6,229.1126,14.9985,9.3676,0.0000
0,229.1126,14.9985,9.3676,0.0000
1,174.4788,14.9985,9.3676,0.0000
2,122.1352,14.9985,9.3676,0.0000
3,85.4946,14.9985,9.3676,0.0000
4,59.8462,14.9985,9.3676,0.0000
5,41.8924,14.9985,9.3676,0.0000
6,29.3247,14.9985,9.3676,0.0000
0,29.3247,14.9985,9.3676,0.0000
1,29.3247,14.9985,237.5573,0.0000
2,29.3247,14.9985,166.2901,0.0000
3,29.3247,14.9985,116.4031,0.0000
4,29.3247,88.1989,116.4031,0.0000
5,29.3247,88.1989,81.4822,0.0000
6,29.3247,61.7393,81.4822,0.0000
7,29.3247,61.7393,57.0375,0.0000
8,29.3247,43.2175,57.0375,0.0000
9,29.3247,43.2175,39.9263,0.0000
0,29.3247,43.2175,39.9263,0.0000
1,29.3247,92.6522,39.9263,0.0000
2,29.3247,64.8566,39.9263,0.0000
3,29.3247,45.3996,39.9263,0.0000
4,29.3247,31.7797,39.9263,0.0000
5,29.3247,31.7797,27.9484,0.0000
6,29.3247,22.2458,27.9484,0.0000
0,29.3247,22.2458,27.9484,0.0000
1,896.8273,22.2458,27.9484,0.0000
2,896.8273,22.2458,19.5639,0.0000
3,627.7791,22.2458,19.5639,0.0000
4,439.4454,22.2458,19.5639,0.0000
5,307.6117,22.2458,19.5639,0.0000
6,215.3282,22.2458,19.5639,0.0000
0,215.3282,22.2458,19.5639,0.0000
1,215.3282,22.2458,19.5639,0.0000
2,1180.3298,22.2458,19.5639,0.0000
3,826.2308,22.2458,19.5639,0.0000
4,578.3616,22.2458,19.5639,0.0000
5,404.8531,22.2458,19.5639,0.0000
6,283.3972,22.2458,19.5639,0.0000
7,198.3780,22.2458,19.5639,0.0000
0,198.3780,22.2458,19.5639,0.0000
1,268.4646,22.2458,19.5639,0.0000
2,187.9252,22.2458,19.5639,0.0000
3,131.5477,22.2458,19.5639,0.0000
4,92.0834,22.2458,19.5639,0.0000
5,64.4584,22.2458,19.5639,0.0000
6,45.1208,22.2458,19.5639,0.0000
0,45.1208,22.2458,19.5639,0.0000
1,239.4846,22.2458,19.5639,0.0000
2,167.6392,22.2458,19.5639,0.0000
3,167.6392,22.2458,19.5639,0.0000
4,117.3475,22.2458,19.5639,0.0000
5,82.1432,22.2458,19.5639,0.0000
6,57.5003,22.2458,19.5639,0.0000
0,57.5003,22.2458,19.5639,0.0000
1,534.0502,22.2458,19.5639,0.0000
2,534.0502,15.5721,19.5639,0.0000
3,373.8351,15.5721,19.5639,0.0000
4,261.6846,15.5721,19.5639,0.0000
5,183.1792,15.5721,19.5639,0.0000
6,128.2254,15.5721,19.5639,0.0000
0,128.2254,15.5721,19.5639,0.0000
1,377.4578,15.5721,19.5639,0.0000
2,264.2205,15.5721,19.5639,0.0000
3,184.9543,15.5721,19.5639,0.0000
4,129.4680,15.5721,19.5639,0.0000
5,90.6276,15.5721,19.5639,0.0000
6,63.4393,15.5721,19.5639,0.0000
0,63.4393,15.5721,19.5639,0.0000
1,676.8075,15.5721,19.5639,0.0000
2,473.7653,15.5721,19.5639,0.0000
3,331.6357,15.5721,19.5639,0.0000
4,232.1450,15.5721,19.5639,0.0000
5,162.5015,15.5721,19.5639,0.0000
6,113.7510,15.5721,19.5639,0.0000
0,113.7510,15.5721,19.5639,0.0000
1,237.7257,15.5721,19.5639,0.0000
2,166.4080,15.5721,19.5639,0.0000
3,166.4080,15.5721,13.6947,0.0000
4,116.4856,15.5721,13.6947,0.0000
5,81.5399,15.5721,13.6947,0.0000
6,57.0779,15.5721,13.6947,0.0000
0,57.0779,15.5721,13.6947,0.0000
1,512.4546,15.5721,13.6947,0.0000
2,358.7182,15.5721,13.6947,0.0000
3,251.1027,15.5721,13.6947,0.0000
4,175.7719,15.5721,13.6947,0.0000
5,123.0403,15.5721,13.6947,0.0000
6,86.1282,15.5721,13.6947,0.0000
0,86.1282,15.5721,13.6947,0.0000
1,86.1282,15.5721,13.6947,0.0000
2,224.3898,15.5721,13.6947,0.0000
3,157.0728,15.5721,13.6947,0.0000
4,109.9510,15.5721,13.6947,0.0000
5,76.9657,15.5721,13.6947,0.0000
6,53.8760,15.5721,13.6947,0.0000
7,37.7132,15.5721,13.6947,0.0000
0,37.7132,15.5721,13.6947,0.0000
1,1127.9992,15.5721,13.6947,0.0000
2,789.5995,15.5721,13.6947,0.0000
3,552.7196,15.5721,13.6947,0.0000
4,386.9037,15.5721,13.6947,0.0000
5,270.8326,15.5721,13.6947,0.0000
6,189.5828,15.5721,13.6947,0.0000
0,189.5828,15.5721,13.6947,0.0000
1,1286.5080,15.5721,13.6947,0.0000
2,900.5556,15.5721,13.6947,0.0000
3,630.3889,15.5721,13.6947,0.0000
4,441.2722,15.5721,13.6947,0.0000
5,308.8906,15.5721,13.6947,0.0000
6,216.2234,15.5721,13.6947,0.0000
0,216.2234,15.5721,13.6947,0.0000
1,340.0564,15.5721,13.6947,0.0000
2,238.0395,15.5721,13.6947,0.0000
3,166.6276,15.5721,13.6947,0.0000
4,116.6393,15.5721,13.6947,0.0000
5,81.6475,15.5721,13.6947,0.0000
6,57.1533,15.5721,13.6947,0.0000
0,57.1533,15.5721,13.6947,0.0000
1,57.1533,15.5721,13.6947,0.0000
2,57.1533,15.5721,13.6947,0.0000
3,208.0073,15.5721,13.6947,0.0000
4,145.6051,15.5721,13.6947,0.0000
5,101.9236,15.5721,13.6947,0.0000
6,101.9236,15.5721,13.6947,0.0000
7,71.3465,15.5721,13.6947,0.0000
8,71.3465,15.5721,13.6947,0.0000
0,71.3465,15.5721,13.6947,0.0000
1,265.6426,15.5721,13.6947,0.0000
2,185.9498,15.5721,13.6947,0.0000
3,130.1648,15.5721,13.6947,0.0000
4,91.1154,15.5721,13.6947,0.0000
5,63.7808,15.5721,13.6947,0.0000
6,44.6465,15.5721,13.6947,0.0000
0,44.6465,15.5721,13.6947,0.0000
1,117.6526,15.5721,13.6947,0.0000
2,82.3568,15.5721,13.6947,0.0000
3,57.6498,15.5721,13.6947,0.0000
4,40.3548,15.5721,13.6947,0.0000
5,28.2484,15.5721,13.6947,0.0000
6,19.7739,15.5721,13.6947,0.0000
0,19.7739,15.5721,13.6947,0.0000
1,205.2417,15.5721,13.6947,0.0000
2,143.6692,15.5721,13.6947,0.0000
3,100.5684,15.5721,13.6947,0.0000
4,70.3979,15.5721,13.6947,0.0000
5,49.2785,15.5721,13.6947,0.0000
6,49.2785,15.5721,13.6947,0.0000
0,49.2785,15.5721,13.6947,0.0000
1,485.9950,15.5721,13.6947,0.0000
2,340.1965,15.5721,13.6947,0.0000
3,238.1375,15.5721,13.6947,0.0000
4,166.6963,15.5721,13.6947,0.0000
5,166.6963,15.5721,9.5863,0.0000
6,116.6874,15.5721,9.5863,0.0000
0,116.6874,15.5721,9.5863,0.0000
1,116.6874,15.5721,300.1104,0.0000
2,116.6874,15.5721,210.0773,0.0000
3,116.6874,15.5721,147.0541,0.0000
4,116.6874,15.5721,102.9379,0.0000
5,271.5812,15.5721,102.9379,0.0000
6,271.5812,15.5721,72.0565,0.0000
7,190.1068,15.5721,72.0565,0.0000
8,190.1068,15.5721,72.0565,0.0000
9,133.0748,15.5721,72.0565,0.0000
10,93.1523,15.5721,72.0565,0.0000
0,93.1523,15.5721,72.0565,0.0000
1,93.1523,15.5721,296.7396,0.0000
2,93.1523,15.5721,207.7177,0.0000
3,93.1523,15.5721,207.7177,0.0000
4,93.1523,15.5721,145.4024,0.0000
5,93.1523,15.5721,101.7817,0.0000
6,93.1523,15.5721,71.2472,0.0000
0,93.1523,15.5721,71.2472,0.0000
1,67.0066,15.5721,71.2472,0.0000
2,67.0066,15.5721,49.8730,0.0000
3,46.9046,15.5721,49.8730,0.0000
4,46.9046,15.5721,34.9111,0.0000
5,32.8333,15.5721,34.9111,0.0000
6,32.8333,15.5721,24.4378,0.0000
0,32.8333,15.5721,24.4378,0.0000
1,517.9833,15.5721,24.4378,0.0000
2,362.5883,15.5721,24.4378,0.0000
3,253.8118,15.5721,24.4378,0.0000
4,253.8118,10.9004,24.4378,0.0000
5,177.6683,10.9004,24.4378,0.0000
6,124.3678,10.9004,24.4378,0.0000
0,124.3678,10.9004,24.4378,0.0000
1,542.1574,10.9004,24.4378,0.0000
2,379.5102,10.9004,24.4378,0.0000
3,265.6572,10.9004,24.4378,0.0000
4,185.9600,10.9004,24.4378,0.0000
5,130.1720,10.9004,24.4378,0.0000
6,91.1204,10.9004,24.4378,0.0000
0,91.1204,10.9004,24.4378,0.0000
1,91.1204,497.2303,24.4378,0.0000
2,91.1204,348.0612,24.4378,0.0000
3,91.1204,348.0612,120.9064,0.0000
4,91.1204,251.1429,120.9064,0.0000
5,91.1204,175.8000,120.9064,0.0000
6,91.1204,123.0600,120.9064,0.0000
7,91.1204,86.1420,120.9064,0.0000
8,91.1204,86.1420,84.6345,0.0000
9,201.4843,86.1420,84.6345,0.0000
10,141.0390,86.1420,84.6345,0.0000
0,141.0390,86.1420,84.6345,0.0000
1,141.0390,86.1420,59.2442,0.0000
2,263.7273,86.1420,59.2442,0.0000
3,184.6091,86.1420,59.2442,0.0000
4,129.2264,86.1420,59.2442,0.0000
5,129.2264,86.1420,59.2442,0.0000
6,90.4585,86.1420,59.2442,0.0000
7,63.3209,86.1420,59.2442,0.0000
0,63.3209,86.1420,59.2442,0.0000
1,63.3209,308.3994,59.2442,0.0000
2,63.3209,215.8796,59.2442,0.0000
3,63.3209,215.8796,59.2442,0.0000
4,63.3209,151.1157,59.2442,0.0000
5,63.3209,105.7810,59.2442,0.0000
6,63.3209,74.0467,59.2442,0.0000
0,63.3209,74.0467,59.2442,0.0000
1,63.3209,462.2327,59.2442,0.0000
2,63.3209,323.5629,59.2442,0.0000
3,63.3209,226.4940,59.2442,0.0000
4,63.3209,158.5458,59.2442,0.0000
5,63.3209,110.9821,59.2442,0.0000
6,63.3209,77.6874,59.2442,0.0000
0,63.3209,77.6874,59.2442,0.0000
1,63.3209,190.5812,59.2442,0.0000
2,63.3209,133.4068,59.2442,0.0000
3,63.3209,93.3848,59.2442,0.0000
4,63.3209,65.3694,59.2442,0.0000
5,63.3209,45.7585,59.2442,0.0000
6,402.5246,45.7585,59.2442,0.0000
7,281.7673,45.7585,59.2442,0.0000
8,197.2371,45.7585,59.2442,0.0000
9,138.0660,45.7585,59.2442,0.0000
10,96.6462,45.7585,59.2442,0.0000
0,96.6462,45.7585,59.2442,0.0000
1,150.1523,45.7585,59.2442,0.0000
2,105.1066,45.7585,59.2442,0.0000
3,73.5746,45.7585,59.2442,0.0000
4,73.5746,45.7585,41.4709,0.0000
5,51.5022,45.7585,41.4709,0.0000
6,36.0516,45.7585,41.4709,0.0000
0,36.0516,45.7585,41.4709,0.0000
1,36.0516,404.9310,41.4709,0.0000
2,36.0516,283.4517,41.4709,0.0000
3,36.0516,198.4162,41.4709,0.0000
4,36.0516,138.8913,41.4709,0.0000
5,36.0516,138.8913,29.0296,0.0000
6,36.0516,97.2239,29.0296,0.0000
0,36.0516,97.2239,29.0296,0.0000
1,36.0516,755.3568,29.0296,0.0000
2,36.0516,528.7497,29.0296,0.0000
3,36.0516,370.1248,29.0296,0.0000
4,36.0516,259.0874,29.0296,0.0000
5,36.0516,181.3612,29.0296,0.0000
6,36.0516,181.3612,20.3207,0.0000
0,36.0516,181.3612,20.3207,0.0000
1,36.0516,181.3612,25.9245,0.0000
2,36.0516,275.7528,25.9245,0.0000
3,36.0516,193.0270,25.9245,0.0000
4,36.0516,135.1189,25.9245,0.0000
5,36.0516,94.5832,25.9245,0.0000
6,36.0516,66.2082,25.9245,0.0000
7,36.0516,66.2082,18.1472,0.0000
0,36.0516,66.2082,18.1472,0.0000
1,36.0516,476.5458,18.1472,0.0000
2,36.0516,333.5820,18.1472,0.0000
3,36.0516,233.5074,18.1472,0.0000
4,36.0516,163.4552,18.1472,0.0000
5,36.0516,163.4552,12.7030,0.0000
6,36.0516,114.4186,12.7030,0.0000
0,36.0516,114.4186,12.7030,0.0000
1,36.0516,148.7930,12.7030,0.0000
2,36.0516,104.1551,12.7030,0.0000
3,36.0516,72.9086,12.7030,0.0000
4,36.0516,51.0360,12.7030,0.0000
5,36.0516,51.0360,12.7030,0.0000
6,36.0516,35.7252,12.7030,0.0000
0,36.0516,35.7252,12.7030,0.0000
1,251.1361,35.7252,12.7030,0.0000
2,175.7953,35.7252,12.7030,0.0000
3,123.0567,35.7252,12.7030,0.0000
4,86.1397,35.7252,12.7030,0.0000
5,60.2978,35.7252,12.7030,0.0000
6,60.2978,76.0076,12.7030,0.0000
7,60.2978,53.2054,12.7030,0.0000
8,60.2978,37.2437,12.7030,0.0000
9,74.9084,37.2437,12.7030,0.0000
10,52.4359,37.2437,12.7030,0.0000
0,52.4359,37.2437,12.7030,0.0000
1,52.4359,55.1706,12.7030,0.0000
2,52.4359,38.6194,12.7030,0.0000
3,52.4359,38.6194,12.7030,0.0000
4,52.4359,27.0336,12.7030,0.0000
5,52.4359,18.9235,12.7030,0.0000
6,133.6051,18.9235,12.7030,0.0000
7,93.5236,18.9235,12.7030,0.0000
8,65.4665,18.9235,12.7030,0.0000
9,45.8266,18.9235,12.7030,0.0000
10,32.0786,18.9235,12.7030,0.0000
0,32.0786,18.9235,12.7030,0.0000
1,165.5550,18.9235,12.7030,0.0000
2,115.8885,18.9235,12.7030,0.0000
3,81.1220,18.9235,12.7030,0.0000
4,56.7854,18.9235,12.7030,0.0000
5,39.7498,18.9235,12.7030,0.0000
6,39.7498,18.9235,53.2921,0.0000
7,39.7498,18.9235,37.3045,0.0000
8,27.8248,18.9235,37.3045,0.0000
9,27.8248,18.9235,26.1131,0.0000
10,27.8248,49.2465,26.1131,0.0000
0,27.8248,49.2465,26.1131,0.0000
1,27.8248,34.4725,26.1131,0.0000
2,27.8248,24.1308,26.1131,0.0000
3,67.4774,24.1308,26.1131,0.0000
4,47.2342,24.1308,26.1131,0.0000
5,33.0639,24.1308,26.1131,0.0000
6,23.1447,24.1308,26.1131,0.0000
7,23.1447,24.1308,18.2792,0.0000
8,23.1447,16.8915,18.2792,0.0000
0,23.1447,16.8915,18.2792,0.0000
1,139.8013,16.8915,18.2792,0.0000
2,139.8013,16.8915,18.2792,0.0000
3,97.8609,16.8915,18.2792,0.0000
4,68.5026,16.8915,18.2792,0.0000
5,47.9519,16.8915,18.2792,0.0000
6,33.5663,16.8915,18.2792,0.0000
0,33.5663,16.8915,18.2792,0.0000
1,194.7964,16.8915,18.2792,0.0000
2,136.3575,16.8915,18.2792,0.0000
3,95.4502,16.8915,18.2792,0.0000
4,66.8152,16.8915,18.2792,0.0000
5,66.8152,16.8915,12.7954,0.0000
6,46.7706,16.8915,12.7954,0.0000
0,46.7706,16.8915,12.7954,0.0000
1,548.1394,16.8915,12.7954,0.0000
2,548.1394,16.8915,8.9568,0.0000
3,548.1394,13.6241,8.9568,0.0000
4,383.6976,13.6241,8.9568,0.0000
5,383.6976,9.5369,8.9568,0.0000
6,268.5883,9.5369,8.9568,0.0000
7,188.0118,9.5369,8.9568,0.0000
8,131.6083,9.5369,8.9568,0.0000
0,131.6083,9.5369,8.9568,0.0000
1,1119.6258,9.5369,8.9568,0.0000
2,783.7381,9.5369,8.9568,0.0000
3,548.6166,9.5369,8.9568,0.0000
4,548.6166,6.6758,8.9568,0.0000
5,548.6166,6.6758,6.2698,0.0000
6,384.0316,6.6758,6.2698,0.0000
0,384.0316,6.6758,6.2698,0.0000
1,268.8222,6.6758,6.2698,0.0000
2,188.1755,6.6758,6.2698,0.0000
3,131.7229,6.6758,6.2698,0.0000
4,92.2060,6.6758,6.2698,0.0000
5,64.5442,6.6758,6.2698,0.0000
0,64.5442,6.6758,6.2698,0.0000
1,224.5809,6.6758,6.2698,0.0000
2,157.2067,6.6758,6.2698,0.0000
3,157.2067,6.6758,6.2698,0.0000
4,110.0447,6.6758,6.2698,0.0000
5,77.0313,6.6758,6.2698,0.0000
6,53.9219,6.6758,6.2698,0.0000
0,53.9219,6.6758,6.2698,0.0000
1,341.3453,6.6758,6.2698,0.0000
2,238.9417,6.6758,6.2698,0.0000
3,167.2592,6.6758,6.2698,0.0000
4,117.0814,6.6758,6.2698,0.0000
5,81.9570,6.6758,6.2698,0.0000
6,57.3699,6.6758,6.2698,0.0000
0,57.3699,6.6758,6.2698,0.0000
1,267.2589,6.6758,6.2698,0.0000
2,187.0813,6.6758,6.2698,0.0000
3,130.9569,6.6758,6.2698,0.0000
4,91.6698,6.6758,6.2698,0.0000
5,64.1689,6.6758,6.2698,0.0000
6,44.9182,6.6758,6.2698,0.0000
0,44.9182,6.6758,6.2698,0.0000
1,44.9182,6.6758,1206.1888,0.0000
2,44.9182,6.6758,844.3322,0.0000
3,44.9182,6.6758,591.0325,0.0000
4,44.9182,6.6758,591.0325,0.0000
5,44.9182,6.6758,413.7228,0.0000
6,44.9182,6.6758,289.6059,0.0000
0,44.9182,6.6758,289.6059,0.0000
1,44.9182,6.6758,548.3242,0.0000
2,44.9182,6.6758,383.8269,0.0000
3,44.9182,6.6758,268.6788,0.0000
4,44.9182,6.6758,188.0752,0.0000
5,44.9182,6.6758,131.6526,0.0000
6,44.9182,6.6758,92.1568,0.0000
0,44.9182,6.6758,92.1568,0.0000
1,44.9182,1140.7731,92.1568,0.0000
2,954.5427,1140.7731,92.1568,0.0000
3,954.5427,840.8411,92.1568,0.0000
4,687.3799,840.8411,92.1568,0.0000
5,687.3799,588.5888,92.1568,0.0000
6,481.1659,588.5888,92.1568,0.0000
7,481.1659,412.0122,92.1568,0.0000
8,336.8162,412.0122,92.1568,0.0000
9,336.8162,288.4085,92.1568,0.0000
0,336.8162,288.4085,92.1568,0.0000
1,278.9713,288.4085,92.1568,0.0000
2,278.9713,201.8860,92.1568,0.0000
3,195.2799,201.8860,92.1568,0.0000
4,136.6959,201.8860,92.1568,0.0000
5,136.6959,141.3202,92.1568,0.0000
6,136.6959,98.9241,92.1568,0.0000
0,136.6959,98.9241,92.1568,0.0000
1,480.2872,98.9241,92.1568,0.0000
2,336.2010,98.9241,92.1568,0.0000
3,235.3407,98.9241,92.1568,0.0000
4,164.7385,98.9241,92.1568,0.0000
5,115.3169,98.9241,92.1568,0.0000
6,80.7219,98.9241,92.1568,0.0000
0,80.7219,98.9241,92.1568,0.0000
1,80.7219,486.8469,92.1568,0.0000
2,337.0053,486.8469,92.1568,0.0000
3,337.0053,366.5928,92.1568,0.0000
4,337.0053,256.6150,92.1568,0.0000
5,255.1037,256.6150,92.1568,0.0000
6,255.1037,179.6305,92.1568,0.0000
7,178.5726,179.6305,92.1568,0.0000
8,178.5726,125.7413,92.1568,0.0000
9,178.5726,88.0189,92.1568,0.0000
10,125.0008,88.0189,92.1568,0.0000
0,125.0008,88.0189,92.1568,0.0000
1,324.5006,88.0189,92.1568,0.0000
2,227.1504,88.0189,92.1568,0.0000
3,159.0053,88.0189,92.1568,0.0000
4,111.3037,88.0189,92.1568,0.0000
5,77.9126,88.0189,92.1568,0.0000
6,77.9126,61.6133,92.1568,0.0000
0,77.9126,61.6133,92.1568,0.0000
1,77.9126,61.6133,207.6098,0.0000
2,77.9126,137.0293,207.6098,0.0000
3,77.9126,137.0293,152.2269,0.0000
4,77.9126,137.0293,106.5588,0.0000
5,77.9126,95.9205,106.5588,0.0000
6,77.9126,95.9205,74.5912,0.0000
7,77.9126,67.1443,74.5912,0.0000
8,180.2388,67.1443,74.5912,0.0000
9,126.1672,67.1443,74.5912,0.0000
10,88.3170,67.1443,74.5912,0.0000
0,88.3170,67.1443,74.5912,0.0000
1,157.8219,67.1443,74.5912,0.0000
2,110.4753,67.1443,74.5912,0.0000
3,77.3327,67.1443,74.5912,0.0000
4,54.1329,67.1443,74.5912,0.0000
5,54.1329,67.1443,52.2138,0.0000
6,54.1329,67.1443,36.5497,0.0000
0,54.1329,67.1443,36.5497,0.0000
1,54.1329,121.4010,36.5497,0.0000
2,296.4930,121.4010,36.5497,0.0000
3,207.5451,121.4010,36.5497,0.0000
4,145.2816,121.4010,36.5497,0.0000
5,101.6971,121.4010,36.5497,0.0000
6,101.6971,121.4010,25.5848,0.0000
7,101.6971,84.9807,25.5848,0.0000
0,101.6971,84.9807,25.5848,0.0000
1,254.7880,84.9807,25.5848,0.0000
2,178.3516,84.9807,25.5848,0.0000
3,124.8461,84.9807,25.5848,0.0000
4,87.3923,84.9807,25.5848,0.0000
5,87.3923,84.9807,25.5848,0.0000
6,87.3923,84.9807,17.9093,0.0000
0,87.3923,84.9807,17.9093,0.0000
1,323.9746,84.9807,17.9093,0.0000
2,226.7822,84.9807,17.9093,0.0000
3,158.7476,84.9807,17.9093,0.0000
4,158.7476,84.9807,12.5365,0.0000
5,111.1233,84.9807,12.5365,0.0000
6,77.7863,84.9807,12.5365,0.0000
0,77.7863,84.9807,12.5365,0.0000
1,77.7863,209.4865,12.5365,0.0000
2,77.7863,146.6406,12.5365,0.0000
3,77.7863,102.6484,12.5365,0.0000
4,77.7863,71.8539,12.5365,0.0000
5,144.7504,71.8539,12.5365,0.0000
6,101.3253,71.8539,12.5365,0.0000
7,101.3253,71.8539,55.2756,0.0000
8,70.9277,71.8539,55.2756,0.0000
9,70.9277,50.2977,55.2756,0.0000
10,49.6494,50.2977,55.2756,0.0000
0,49.6494,50.2977,55.2756,0.0000
1,49.6494,50.2977,542.9929,0.0000
2,283.1546,50.2977,542.9929,0.0000
3,283.1546,35.2084,542.9929,0.0000
4,283.1546,35.2084,380.0950,0.0000
5,198.2082,35.2084,380.0950,0.0000
6,198.2082,35.2084,266.0665,0.0000
7,198.2082,35.2084,186.2466,0.0000
0,198.2082,35.2084,186.2466,0.0000
1,160.0457,35.2084,186.2466,0.0000
2,160.0457,35.2084,146.5726,0.0000
3,112.0320,35.2084,146.5726,0.0000
4,112.0320,35.2084,102.6008,0.0000
5,78.4224,35.2084,102.6008,0.0000
6,78.4224,35.2084,71.8206,0.0000
7,78.4224,24.6459,71.8206,0.0000
0,78.4224,24.6459,71.8206,0.0000
1,124.4957,24.6459,71.8206,0.0000
2,87.1470,24.6459,71.8206,0.0000
3,61.0029,24.6459,71.8206,0.0000
4,61.0029,24.6459,50.2744,0.0000
5,42.7020,24.6459,50.2744,0.0000
6,42.7020,17.2521,50.2744,0.0000
0,42.7020,17.2521,50.2744,0.0000
1,42.7020,17.2521,35.1921,0.0000
2,42.7020,201.9765,35.1921,0.0000
3,42.7020,141.3835,35.1921,0.0000
4,42.7020,98.9685,35.1921,0.0000
5,42.7020,69.2779,35.1921,0.0000
6,42.7020,48.4946,35.1921,0.0000
7,42.7020,33.9462,35.1921,0.0000
0,42.7020,33.9462,35.1921,0.0000
1,413.2914,33.9462,35.1921,0.0000
2,289.3040,33.9462,35.1921,0.0000
3,202.5128,33.9462,35.1921,0.0000
4,141.7590,33.9462,35.1921,0.0000
5,99.2313,33.9462,35.1921,0.0000
6,69.4619,33.9462,35.1921,0.0000
0,69.4619,33.9462,35.1921,0.0000
1,506.1233,33.9462,35.1921,0.0000
2,354.2863,33.9462,35.1921,0.0000
3,354.2863,23.7623,35.1921,0.0000
4,248.0004,23.7623,35.1921,0.0000
5,173.6003,23.7623,35.1921,0.0000
6,121.5202,23.7623,35.1921,0.0000
0,121.5202,23.7623,35.1921,0.0000
1,713.8641,23.7623,35.1921,0.0000
2,499.7049,23.7623,35.1921,0.0000
3,349.7934,23.7623,35.1921,0.0000
4,244.8554,23.7623,35.1921,0.0000
5,244.8554,23.7623,35.1921,0.0000
6,171.3988,23.7623,35.1921,0.0000
0,171.3988,23.7623,35.1921,0.0000
1,520.4791,23.7623,35.1921,0.0000
2,364.3354,23.7623,35.1921,0.0000
3,255.0348,23.7623,35.1921,0.0000
4,178.5243,23.7623,35.1921,0.0000
5,124.9670,23.7623,35.1921,0.0000
6,87.4769,23.7623,35.1921,0.0000
0,87.4769,23.7623,35.1921,0.0000
1,313.2339,23.7623,35.1921,0.0000
2,219.2637,23.7623,35.1921,0.0000
3,153.4846,23.7623,35.1921,0.0000
4,107.4392,23.7623,35.1921,0.0000
5,107.4392,23.7623,24.6345,0.0000
6,107.4392,23.7623,17.2441,0.0000
0,107.4392,23.7623,17.2441,0.0000
1,230.0074,23.7623,17.2441,0.0000
2,230.0074,23.7623,17.2441,0.0000
3,161.0052,23.7623,17.2441,0.0000
4,112.7036,23.7623,17.2441,0.0000
5,78.8926,23.7623,17.2441,0.0000
6,55.2248,23.7623,17.2441,0.0000
0,55.2248,23.7623,17.2441,0.0000
1,334.7574,23.7623,17.2441,0.0000
2,234.3301,23.7623,17.2441,0.0000
3,164.0311,23.7623,17.2441,0.0000
4,114.8218,23.7623,17.2441,0.0000
5,80.3752,23.7623,17.2441,0.0000
6,56.2627,23.7623,17.2441,0.0000
0,56.2627,23.7623,17.2441,0.0000
1,164.1839,23.7623,17.2441,0.0000
2,114.9287,23.7623,17.2441,0.0000
3,80.4501,23.7623,17.2441,0.0000
4,56.3151,23.7623,17.2441,0.0000
5,39.4205,23.7623,17.2441,0.0000
6,27.5944,23.7623,17.2441,0.0000
0,27.5944,23.7623,17.2441,0.0000
1,238.0161,23.7623,17.2441,0.0000
2,166.6112,23.7623,17.2441,0.0000
3,116.6279,23.7623,17.2441,0.0000
4,81.6395,23.7623,17.2441,0.0000
5,57.1477,23.7623,17.2441,0.0000
6,57.1477,23.7623,17.2441,0.0000
0,57.1477,23.7623,17.2441,0.0000
1,233.5034,23.7623,17.2441,0.0000
2,163.4524,23.7623,17.2441,0.0000
3,114.4166,23.7623,17.2441,0.0000
4,114.4166,16.6336,17.2441,0.0000
5,80.0917,16.6336,17.2441,0.0000
6,56.0642,16.6336,17.2441,0.0000
0,56.0642,16.6336,17.2441,0.0000
1,623.0449,16.6336,17.2441,0.0000
2,436.1314,16.6336,17.2441,0.0000
3,305.2920,16.6336,17.2441,0.0000
4,213.7044,16.6336,17.2441,0.0000
5,149.5931,16.6336,17.2441,0.0000
6,104.7152,16.6336,17.2441,0.0000
0,104.7152,16.6336,17.2441,0.0000
1,104.7152,16.6336,12.0709,0.0000
2,601.9006,16.6336,12.0709,0.0000
3,421.3304,16.6336,12.0709,0.0000
4,421.3304,16.6336,8.4496,0.0000
5,294.9313,16.6336,8.4496,0.0000
6,206.4519,16.6336,8.4496,0.0000
7,144.5163,16.6336,8.4496,0.0000
0,144.5163,16.6336,8.4496,0.0000
1,381.9614,16.6336,8.4496,0.0000
2,267.3730,16.6336,8.4496,0.0000
3,187.1611,16.6336,8.4496,0.0000
4,131.0128,16.6336,8.4496,0.0000
5,131.0128,16.6336,8.4496,0.0000
6,91.7089,16.6336,8.4496,0.0000
0,91.7089,16.6336,8.4496,0.0000
1,532.1963,16.6336,8.4496,0.0000
2,372.5374,16.6336,8.4496,0.0000
3,260.7762,16.6336,8.4496,0.0000
4,182.5433,16.6336,8.4496,0.0000
5,127.7803,16.6336,8.4496,0.0000
6,89.4462,16.6336,8.4496,0.0000
0,89.4462,16.6336,8.4496,0.0000
1,431.0124,16.6336,8.4496,0.0000
2,301.7087,16.6336,8.4496,0.0000
3,211.1961,16.6336,8.4496,0.0000
4,147.8372,16.6336,8.4496,0.0000
5,103.4861,16.6336,8.4496,0.0000
6,72.4402,16.6336,8.4496,0.0000
0,72.4402,16.6336,8.4496,0.0000
1,72.4402,204.5435,8.4496,0.0000
2,72.4402,143.1805,8.4496,0.0000
3,72.4402,100.2263,8.4496,0.0000
4,72.4402,70.1584,8.4496,0.0000
5,317.1082,70.1584,8.4496,0.0000
6,221.9757,70.1584,8.4496,0.0000
7,155.3830,70.1584,8.4496,0.0000
8,108.7681,70.1584,8.4496,0.0000
9,76.1377,70.1584,8.4496,0.0000
10,53.2964,70.1584,8.4496,0.0000
0,53.2964,70.1584,8.4496,0.0000
1,53.2964,70.4109,8.4496,0.0000
2,53.2964,49.2876,8.4496,0.0000
3,185.5075,49.2876,8.4496,0.0000
4,129.8552,49.2876,8.4496,0.0000
5,90.8987,49.2876,8.4496,0.0000
6,63.6291,49.2876,8.4496,0.0000
7,44.5403,49.2876,8.4496,0.0000
8,44.5403,34.5013,8.4496,0.0000
0,44.5403,34.5013,8.4496,0.0000
1,124.7782,34.5013,8.4496,0.0000
2,87.3448,34.5013,8.4496,0.0000
3,61.1413,34.5013,8.4496,0.0000
4,42.7989,34.5013,8.4496,0.0000
5,42.7989,34.5013,8.4496,0.0000
6,29.9593,34.5013,8.4496,0.0000
0,29.9593,34.5013,8.4496,0.0000
1,29.9593,106.0509,8.4496,0.0000
2,29.9593,74.2357,8.4496,0.0000
3,29.9593,51.9650,8.4496,0.0000
4,29.9593,36.3755,8.4496,0.0000
5,29.9593,36.3755,8.4496,0.0000
6,29.9593,25.4628,8.4496,0.0000
0,29.9593,25.4628,8.4496,0.0000
1,119.9715,25.4628,8.4496,0.0000
2,119.9715,25.4628,8.4496,0.0000
3,83.9800,25.4628,8.4496,0.0000
4,83.9800,25.4628,5.9147,0.0000
5,58.7860,25.4628,5.9147,0.0000
6,41.1502,25.4628,5.9147,0.0000
0,41.1502,25.4628,5.9147,0.0000
1,409.2052,25.4628,5.9147,0.0000
2,286.4436,25.4628,5.9147,0.0000
3,200.5105,25.4628,5.9147,0.0000
4,140.3574,25.4628,5.9147,0.0000
5,98.2502,25.4628,5.9147,0.0000
6,68.7751,25.4628,5.9147,0.0000
0,68.7751,25.4628,5.9147,0.0000
1,652.0426,25.4628,5.9147,0.0000
2,456.4298,25.4628,5.9147,0.0000
3,319.5009,25.4628,5.9147,0.0000
4,319.5009,25.4628,4.1403,0.0000
5,223.6506,25.4628,4.1403,0.0000
6,156.5554,25.4628,4.1403,0.0000
0,156.5554,25.4628,4.1403,0.0000
1,156.5554,25.4628,2.8982,0.0000
2,156.5554,25.4628,2.0288,0.0000
3,161.7888,25.4628,2.0288,0.0000
4,113.2522,25.4628,2.0288,0.0000
5,79.2765,25.4628,2.0288,0.0000
6,55.4936,25.4628,2.0288,0.0000
7,38.8455,25.4628,2.0288,0.0000
8,27.1918,25.4628,2.0288,0.0000
0,27.1918,25.4628,2.0288,0.0000
1,136.9343,25.4628,2.0288,0.0000
2,95.8540,25.4628,2.0288,0.0000
3,67.0978,25.4628,2.0288,0.0000
4,46.9685,25.4628,2.0288,0.0000
5,32.8779,25.4628,2.0288,0.0000
6,23.0145,25.4628,2.0288,0.0000
0,23.0145,25.4628,2.0288,0.0000
1,23.0145,25.4628,2.0288,0.0000
2,23.0145,44.8240,2.0288,0.0000
3,23.0145,31.3768,2.0288,0.0000
4,23.0145,21.9638,2.0288,0.0000
5,23.0145,21.9638,1.4201,0.0000
6,166.1102,21.9638,1.4201,0.0000
7,116.2771,21.9638,1.4201,0.0000
8,81.3940,21.9638,1.4201,0.0000
9,56.9758,21.9638,1.4201,0.0000
10,39.8831,21.9638,1.4201,0.0000
0,39.8831,21.9638,1.4201,0.0000
1,125.1181,21.9638,1.4201,0.0000
2,87.5827,21.9638,1.4201,0.0000
3,61.3079,21.9638,1.4201,0.0000
4,61.3079,15.3746,1.4201,0.0000
5,42.9155,15.3746,1.4201,0.0000
6,30.0409,15.3746,1.4201,0.0000
0,30.0409,15.3746,1.4201,0.0000
1,30.0409,15.3746,1.4201,0.0000
2,291.3286,15.3746,1.4201,0.0000
3,203.9300,15.3746,1.4201,0.0000
4,142.7510,15.3746,1.4201,0.0000
5,99.9257,15.3746,1.4201,0.0000
6,69.9480,15.3746,1.4201,0.0000
7,69.9480,15.3746,1.4201,0.0000
0,69.9480,15.3746,1.4201,0.0000
1,274.2636,15.3746,1.4201,0.0000
2,191.9845,15.3746,1.4201,0.0000
3,134.3892,15.3746,1.4201,0.0000
4,94.0724,15.3746,1.4201,0.0000
5,65.8507,15.3746,1.4201,0.0000
6,46.0955,15.3746,1.4201,0.0000
0,46.0955,15.3746,1.4201,0.0000
1,411.7668,15.3746,1.4201,0.0000
2,288.2368,15.3746,1.4201,0.0000
3,201.7658,15.3746,1.4201,0.0000
4,141.2360,15.3746,1.4201,0.0000
5,98.8652,15.3746,1.4201,0.0000
6,69.2057,15.3746,1.4201,0.0000
0,69.2057,15.3746,1.4201,0.0000
1,276.7440,15.3746,1.4201,0.0000
2,193.7208,15.3746,1.4201,0.0000
3,135.6045,15.3746,1.4201,0.0000
4,94.9232,15.3746,1.4201,0.0000
5,66.4462,15.3746,1.4201,0.0000
6,46.5124,15.3746,1.4201,0.0000
0,46.5124,15.3746,1.4201,0.0000
1,46.5124,10.7622,1.4201,0.0000
2,142.9586,10.7622,1.4201,0.0000
3,142.9586,7.5336,1.4201,0.0000
4,100.0711,7.5336,1.4201,0.0000
5,70.0497,7.5336,1.4201,0.0000
6,49.0348,7.5336,1.4201,0.0000
7,34.3244,7.5336,1.4201,0.0000
0,34.3244,7.5336,1.4201,0.0000
1,153.6271,7.5336,1.4201,0.0000
2,107.5389,7.5336,1.4201,0.0000
3,75.2773,7.5336,1.4201,0.0000
4,52.6941,7.5336,1.4201,0.0000
5,36.8859,7.5336,1.4201,0.0000
6,25.8201,7.5336,1.4201,0.0000
0,25.8201,7.5336,1.4201,0.0000
1,385.2741,7.5336,1.4201,0.0000
2,269.6918,7.5336,1.4201,0.0000
3,188.7843,7.5336,1.4201,0.0000
4,132.1490,7.5336,1.4201,0.0000
5,92.5043,7.5336,1.4201,0.0000
6,64.7530,7.5336,1.4201,0.0000
0,64.7530,7.5336,1.4201,0.0000
1,509.7271,7.5336,1.4201,0.0000
2,356.8090,7.5336,1.4201,0.0000
3,356.8090,5.2735,1.4201,0.0000
4,249.7663,5.2735,1.4201,0.0000
5,174.8364,5.2735,1.4201,0.0000
6,122.3855,5.2735,1.4201,0.0000
0,122.3855,5.2735,1.4201,0.0000
1,459.7698,5.2735,1.4201,0.0000
2,321.8389,5.2735,1.4201,0.0000
3,225.2872,5.2735,1.4201,0.0000
4,157.7011,5.2735,1.4201,0.0000
5,110.3907,5.2735,1.4201,0.0000
6,77.2735,5.2735,1.4201,0.0000
0,77.2735,5.2735,1.4201,0.0000
1,156.9915,5.2735,1.4201,0.0000
2,109.8940,5.2735,1.4201,0.0000
3,76.9258,5.2735,1.4201,0.0000
4,53.8481,5.2735,1.4201,0.0000
5,37.6936,5.2735,1.4201,0.0000
6,26.3856,5.2735,1.4201,0.0000
0,26.3856,5.2735,1.4201,0.0000
1,73.9699,5.2735,1.4201,0.0000
2,51.7789,5.2735,1.4201,0.0000
3,36.2452,5.2735,1.4201,0.0000
4,25.3717,5.2735,1.4201,0.0000
5,17.7602,5.2735,1.4201,0.0000
6,12.4321,5.2735,1.4201,0.0000
0,12.4321,5.2735,1.4201,0.0000
1,12.4321,5.2735,1.4201,0.0000
2,71.7025,5.2735,1.4201,0.0000
3,50.1917,5.2735,1.4201,0.0000
4,35.1342,5.2735,1.4201,0.0000
5,24.5940,5.2735,1.4201,0.0000
6,17.2158,5.2735,1.4201,0.0000
7,12.0510,5.2735,1.4201,0.0000
0,12.0510,5.2735,1.4201,0.0000
1,235.2357,5.2735,1.4201,0.0000
2,235.2357,5.2735,0.9941,0.0000
3,235.2357,5.2735,0.9941,0.0000
4,164.6650,5.2735,0.9941,0.0000
5,115.2655,5.2735,0.9941,0.0000
6,80.6859,5.2735,0.9941,0.0000
0,80.6859,5.2735,0.9941,0.0000
1,80.6859,5.2735,0.9941,0.0000
2,91.2801,5.2735,0.9941,0.0000
3,63.8961,5.2735,0.9941,0.0000
4,63.8961,5.2735,0.6959,0.0000
5,44.7272,5.2735,0.6959,0.0000
6,31.3091,5.2735,0.6959,0.0000
7,21.9164,5.2735,0.6959,0.0000
0,21.9164,5.2735,0.6959,0.0000
1,208.5414,5.2735,0.6959,0.0000
2,145.9790,5.2735,0.6959,0.0000
3,102.1853,5.2735,0.6959,0.0000
4,71.5297,5.2735,0.6959,0.0000
5,50.0708,5.2735,0.6959,0.0000
6,35.0496,5.2735,0.6959,0.0000
0,35.0496,5.2735,0.6959,0.0000
1,401.3347,5.2735,0.6959,0.0000
2,280.9343,5.2735,0.6959,0.0000
3,196.6540,5.2735,0.6959,0.0000
4,137.6578,5.2735,0.6959,0.0000
5,96.3605,5.2735,0.6959,0.0000
6,67.4523,5.2735,0.6959,0.0000
0,67.4523,5.2735,0.6959,0.0000
1,150.4166,5.2735,0.6959,0.0000
2,105.2916,5.2735,0.6959,0.0000
3,73.7041,5.2735,0.6959,0.0000
4,51.5929,5.2735,0.6959,0.0000
5,36.1150,5.2735,0.6959,0.0000
6,25.2805,5.2735,0.6959,0.0000
0,25.2805,5.2735,0.6959,0.0000
1,125.0964,5.2735,0.6959,0.0000
2,87.5675,5.2735,0.6959,0.0000
3,61.2972,5.2735,0.6959,0.0000
4,42.9081,5.2735,0.6959,0.0000
5,30.0356,5.2735,0.6959,0.0000
6,21.0249,5.2735,0.6959,0.0000
0,21.0249,5.2735,0.6959,0.0000
1,362.7175,5.2735,0.6959,0.0000
2,253.9022,5.2735,0.6959,0.0000
3,177.7316,5.2735,0.6959,0.0000
4,124.4121,5.2735,0.6959,0.0000
5,87.0885,5.2735,0.6959,0.0000
6,60.9619,5.2735,0.6959,0.0000
0,60.9619,5.2735,0.6959,0.0000
1,164.4733,5.2735,0.6959,0.0000
2,115.1313,5.2735,0.6959,0.0000
3,115.1313,3.6914,0.6959,0.0000
4,80.5919,3.6914,0.6959,0.0000
5,56.4144,3.6914,0.6959,0.0000
6,56.4144,3.6914,0.4871,0.0000
0,56.4144,3.6914,0.4871,0.0000
1,250.6901,3.6914,0.4871,0.0000
2,175.4830,3.6914,0.4871,0.0000
3,122.8381,3.6914,0.4871,0.0000
4,85.9867,3.6914,0.4871,0.0000
5,60.1907,3.6914,0.4871,0.0000
6,42.1335,3.6914,0.4871,0.0000
0,42.1335,3.6914,0.4871,0.0000
1,171.9934,3.6914,0.4871,0.0000
2,171.9934,2.5840,0.4871,0.0000
3,120.3954,2.5840,0.4871,0.0000
4,120.3954,2.5840,0.4871,0.0000
5,84.2768,2.5840,0.4871,0.0000
6,58.9937,2.5840,0.4871,0.0000
0,58.9937,2.5840,0.4871,0.0000
1,291.7956,2.5840,0.4871,0.0000
2,204.2569,2.5840,0.4871,0.0000
3,142.9799,2.5840,0.4871,0.0000
4,100.0859,2.5840,0.4871,0.0000
5,70.0601,2.5840,0.4871,0.0000
6,70.0601,2.5840,0.4871,0.0000
0,70.0601,2.5840,0.4871,0.0000
1,473.5421,2.5840,0.4871,0.0000
2,331.4795,2.5840,0.4871,0.0000
3,232.0356,2.5840,0.4871,0.0000
4,162.4249,2.5840,0.4871,0.0000
5,113.6975,2.5840,0.4871,0.0000
6,79.5882,2.5840,0.4871,0.0000
0,79.5882,2.5840,0.4871,0.0000
1,222.8118,2.5840,0.4871,0.0000
2,155.9682,2.5840,0.4871,0.0000
3,109.1778,2.5840,0.4871,0.0000
4,76.4244,2.5840,0.4871,0.0000
5,53.4971,2.5840,0.4871,0.0000
6,37.4480,2.5840,0.4871,0.0000
0,37.4480,2.5840,0.4871,0.0000
1,179.5136,2.5840,0.4871,0.0000
2,125.6595,2.5840,0.4871,0.0000
3,87.9617,2.5840,0.4871,0.0000
4,61.5732,2.5840,0.4871,0.0000
5,43.1012,2.5840,0.4871,0.0000
6,30.1708,2.5840,0.4871,0.0000
0,30.1708,2.5840,0.4871,0.0000
1,148.6196,2.5840,0.4871,0.0000
2,104.0337,2.5840,0.4871,0.0000
3,72.8236,2.5840,0.4871,0.0000
4,72.8236,1.8088,0.4871,0.0000
5,50.9765,1.8088,0.4871,0.0000
6,35.6836,1.8088,0.4871,0.0000
0,35.6836,1.8088,0.4871,0.0000
1,261.6785,1.8088,0.4871,0.0000
2,183.1749,1.8088,0.4871,0.0000
3,183.1749,1.2662,0.4871,0.0000
4,128.2225,1.2662,0.4871,0.0000
5,89.7557,1.2662,0.4871,0.0000
6,62.8290,1.2662,0.4871,0.0000
0,62.8290,1.2662,0.4871,0.0000
1,680.2803,1.2662,0.4871,0.0000
2,476.1962,1.2662,0.4871,0.0000
3,333.3373,1.2662,0.4871,0.0000
4,233.3361,1.2662,0.4871,0.0000
5,163.3353,1.2662,0.4871,0.0000
6,114.3347,1.2662,0.4871,0.0000
0,114.3347,1.2662,0.4871,0.0000
1,286.4343,1.2662,0.4871,0.0000
2,200.5040,1.2662,0.4871,0.0000
3,140.3528,1.2662,0.4871,0.0000
4,98.2470,1.2662,0.4871,0.0000
5,68.7729,1.2662,0.4871,0.0000
6,48.1410,1.2662,0.4871,0.0000
0,48.1410,1.2662,0.4871,0.0000
1,60.0987,1.2662,0.4871,0.0000
2,42.0691,1.2662,0.4871,0.0000
3,42.0691,1.2662,0.4871,0.0000
4,42.0691,1.2662,0.3410,0.0000
5,29.4484,1.2662,0.3410,0.0000
6,20.6139,1.2662,0.3410,0.0000
0,20.6139,1.2662,0.3410,0.0000
1,20.6139,1.2662,0.3410,0.0000
2,245.7297,1.2662,0.3410,0.0000
3,172.0108,1.2662,0.3410,0.0000
4,120.4076,1.2662,0.3410,0.0000
5,84.2853,1.2662,0.3410,0.0000
6,58.9997,1.2662,0.3410,0.0000
7,58.9997,1.2662,0.2387,0.0000
0,58.9997,1.2662,0.2387,0.0000
1,240.1998,1.2662,0.2387,0.0000
2,168.1399,1.2662,0.2387,0.0000
3,117.6979,1.2662,0.2387,0.0000
4,82.3885,1.2662,0.2387,0.0000
5,57.6720,1.2662,0.2387,0.0000
6,40.3704,1.2662,0.2387,0.0000
0,40.3704,1.2662,0.2387,0.0000
1,483.3593,1.2662,0.2387,0.0000
2,338.3515,1.2662,0.2387,0.0000
3,236.8460,1.2662,0.2387,0.0000
4,165.7922,1.2662,0.2387,0.0000
5,116.0546,1.2662,0.2387,0.0000
6,116.0546,0.8863,0.2387,0.0000
0,116.0546,0.8863,0.2387,0.0000
1,638.0382,0.8863,0.2387,0.0000
2,446.6267,0.8863,0.2387,0.0000
3,312.6387,0.8863,0.2387,0.0000
4,312.6387,0.6204,0.2387,0.0000
5,218.8471,0.6204,0.2387,0.0000
6,153.1930,0.6204,0.2387,0.0000
0,153.1930,0.6204,0.2387,0.0000
1,374.2351,0.6204,0.2387,0.0000
2,261.9646,0.6204,0.2387,0.0000
3,183.3752,0.6204,0.2387,0.0000
4,128.3626,0.6204,0.2387,0.0000
5,89.8538,0.6204,0.2387,0.0000
6,62.8977,0.6204,0.2387,0.0000
0,62.8977,0.6204,0.2387,0.0000
1,263.6284,0.6204,0.2387,0.0000
2,263.6284,0.6204,0.1671,0.0000
3,184.5399,0.6204,0.1671,0.0000
4,129.1779,0.6204,0.1671,0.0000
5,90.4245,0.6204,0.1671,0.0000
6,63.2972,0.6204,0.1671,0.0000
0,63.2972,0.6204,0.1671,0.0000
1,174.8080,0.6204,0.1671,0.0000
2,174.8080,0.6204,0.1671,0.0000
3,122.3656,0.6204,0.1671,0.0000
4,122.3656,0.6204,0.1170,0.0000
5,85.6559,0.6204,0.1170,0.0000
6,59.9592,0.6204,0.1170,0.0000
0,59.9592,0.6204,0.1170,0.0000
1,441.2714,0.6204,0.1170,0.0000
2,308.8900,0.6204,0.1170,0.0000
3,308.8900,0.4343,0.1170,0.0000
4,216.2230,0.4343,0.1170,0.0000
5,151.3561,0.4343,0.1170,0.0000
6,105.9493,0.4343,0.1170,0.0000
0,105.9493,0.4343,0.1170,0.0000
1,887.4645,0.4343,0.1170,0.0000
2,621.2251,0.4343,0.1170,0.0000
3,434.8576,0.4343,0.1170,0.0000
4,304.4003,0.4343,0.1170,0.0000
5,213.0802,0.4343,0.1170,0.0000
6,213.0802,0.4343,0.0819,0.0000
0,213.0802,0.4343,0.0819,0.0000
1,149.1562,0.4343,0.0819,0.0000
2,104.4093,0.4343,0.0819,0.0000
3,73.0865,0.4343,0.0819,0.0000
4,73.0865,357.9040,0.0819,0.0000
5,73.0865,250.5328,0.0819,0.0000
6,73.0865,175.3730,0.0819,0.0000
7,73.0865,122.7611,0.0819,0.0000
8,73.0865,85.9328,0.0819,0.0000
9,73.0865,85.9328,917.7573,0.0000
10,73.0865,85.9328,642.4301,0.0000
0,73.0865,85.9328,642.4301,0.0000
1,73.0865,85.9328,896.7011,0.0000
2,73.0865,85.9328,627.6908,0.0000
3,73.0865,85.9328,439.3835,0.0000
4,73.0865,85.9328,307.5685,0.0000
5,73.0865,152.2529,307.5685,0.0000
6,73.0865,152.2529,215.2979,0.0000
7,73.0865,152.2529,150.7086,0.0000
8,394.6606,152.2529,150.7086,0.0000
9,276.2624,152.2529,150.7086,0.0000
10,193.3837,152.2529,150.7086,0.0000
0,193.3837,152.2529,150.7086,0.0000
1,394.5686,152.2529,150.7086,0.0000
2,276.1980,152.2529,150.7086,0.0000
3,193.3386,152.2529,150.7086,0.0000
4,135.3370,152.2529,150.7086,0.0000
5,135.3370,125.1770,150.7086,0.0000
6,135.3370,125.1770,105.4960,0.0000
7,135.3370,87.6239,105.4960,0.0000
8,105.8359,87.6239,105.4960,0.0000
9,74.0851,87.6239,105.4960,0.0000
10,74.0851,87.6239,73.8472,0.0000
0,74.0851,87.6239,73.8472,0.0000
1,74.0851,130.9368,73.8472,0.0000
2,74.0851,91.6557,73.8472,0.0000
3,74.0851,64.1590,73.8472,0.0000
4,109.4596,64.1590,73.8472,0.0000
5,76.6217,64.1590,73.8472,0.0000
6,53.6352,64.1590,73.8472,0.0000
7,53.6352,64.1590,51.6930,0.0000
8,53.6352,64.1590,36.1851,0.0000
9,53.6352,44.9113,36.1851,0.0000
0,53.6352,44.9113,36.1851,0.0000
1,313.8446,44.9113,36.1851,0.0000
2,219.6912,44.9113,36.1851,0.0000
3,219.6912,31.4379,36.1851,0.0000
4,153.7839,31.4379,36.1851,0.0000
5,107.6487,31.4379,36.1851,0.0000
6,75.3541,31.4379,36.1851,0.0000
0,75.3541,31.4379,36.1851,0.0000
1,429.5479,31.4379,36.1851,0.0000
2,300.6835,31.4379,36.1851,0.0000
3,210.4785,31.4379,36.1851,0.0000
4,147.3349,31.4379,36.1851,0.0000
5,103.1344,31.4379,36.1851,0.0000
6,103.1344,31.4379,36.1851,0.0000
0,103.1344,31.4379,36.1851,0.0000
1,881.2941,31.4379,36.1851,0.0000
2,616.9059,31.4379,36.1851,0.0000
3,431.8341,31.4379,36.1851,0.0000
4,302.2839,31.4379,36.1851,0.0000
5,211.5987,31.4379,36.1851,0.0000
6,148.1191,31.4379,36.1851,0.0000
0,148.1191,31.4379,36.1851,0.0000
1,1158.4834,31.4379,36.1851,0.0000
2,810.9384,31.4379,36.1851,0.0000
3,810.9384,22.0065,36.1851,0.0000
4,810.9384,22.0065,36.1851,0.0000
5,567.6569,22.0065,36.1851,0.0000
6,397.3598,22.0065,36.1851,0.0000
0,397.3598,22.0065,36.1851,0.0000
1,597.3519,22.0065,36.1851,0.0000
2,418.1463,22.0065,36.1851,0.0000
3,292.7024,22.0065,36.1851,0.0000
4,204.8917,22.0065,36.1851,0.0000
5,143.4242,22.0065,36.1851,0.0000
6,143.4242,22.0065,25.3296,0.0000
0,143.4242,22.0065,25.3296,0.0000
1,435.1969,22.0065,25.3296,0.0000
2,304.6378,22.0065,25.3296,0.0000
3,213.2465,22.0065,25.3296,0.0000
4,149.2725,22.0065,25.3296,0.0000
5,104.4908,22.0065,25.3296,0.0000
6,73.1435,22.0065,25.3296,0.0000
0,73.1435,22.0065,25.3296,0.0000
1,865.7005,22.0065,25.3296,0.0000
2,605.9903,22.0065,25.3296,0.0000
3,424.1932,22.0065,25.3296,0.0000
4,296.9353,22.0065,25.3296,0.0000
5,296.9353,22.0065,25.3296,0.0000
6,296.9353,22.0065,25.3296,0.0000
0,296.9353,22.0065,25.3296,0.0000
1,944.3547,22.0065,25.3296,0.0000
2,661.0483,22.0065,25.3296,0.0000
3,661.0483,22.0065,17.7307,0.0000
4,462.7338,22.0065,17.7307,0.0000
5,323.9137,22.0065,17.7307,0.0000
6,226.7396,22.0065,17.7307,0.0000
0,226.7396,22.0065,17.7307,0.0000
1,226.7396,22.0065,17.7307,0.0000
2,963.9177,22.0065,17.7307,0.0000
3,963.9177,22.0065,17.7307,0.0000
4,674.7424,22.0065,17.7307,0.0000
5,472.3197,22.0065,17.7307,0.0000
6,330.6238,22.0065,17.7307,0.0000
7,231.4366,22.0065,17.7307,0.0000
0,231.4366,22.0065,17.7307,0.0000
1,372.6056,22.0065,17.7307,0.0000
2,260.8240,22.0065,17.7307,0.0000
3,182.5768,22.0065,17.7307,0.0000
4,127.8037,22.0065,17.7307,0.0000
5,89.4626,22.0065,17.7307,0.0000
6,62.6238,22.0065,17.7307,0.0000
0,62.6238,22.0065,17.7307,0.0000
1,62.6238,22.0065,156.1115,0.0000
2,62.6238,22.0065,109.2780,0.0000
3,62.6238,22.0065,109.2780,0.0000
4,62.6238,22.0065,76.4946,0.0000
5,62.6238,22.0065,53.5462,0.0000
6,51.0367,22.0065,53.5462,0.0000
7,51.0367,22.0065,104.0824,0.0000
8,87.6257,22.0065,104.0824,0.0000
9,87.6257,22.0065,72.8577,0.0000
10,87.6257,17.5046,72.8577,0.0000
0,87.6257,17.5046,72.8577,0.0000
1,531.4380,17.5046,72.8577,0.0000
2,531.4380,12.2532,72.8577,0.0000
3,372.0066,12.2532,72.8577,0.0000
4,260.4046,12.2532,72.8577,0.0000
5,182.2832,12.2532,72.8577,0.0000
6,127.5983,12.2532,72.8577,0.0000
0,127.5983,12.2532,72.8577,0.0000
1,127.5983,11.2772,72.8577,0.0000
2,132.2188,11.2772,72.8577,0.0000
3,92.5531,11.2772,72.8577,0.0000
4,64.7872,11.2772,72.8577,0.0000
5,64.7872,11.2772,51.0004,0.0000
6,64.7872,11.2772,35.7003,0.0000
7,45.3510,11.2772,35.7003,0.0000
0,45.3510,11.2772,35.7003,0.0000
1,45.3510,11.2772,35.7003,0.0000
2,150.5457,11.2772,35.7003,0.0000
3,105.3820,11.2772,35.7003,0.0000
4,73.7674,11.2772,35.7003,0.0000
5,51.6372,11.2772,35.7003,0.0000
6,36.1460,11.2772,35.7003,0.0000
7,25.3022,11.2772,35.7003,0.0000
0,25.3022,11.2772,35.7003,0.0000
1,25.3022,11.2772,36.3902,0.0000
2,25.3022,11.2772,25.4731,0.0000
3,25.3022,177.3941,25.4731,0.0000
4,243.3116,177.3941,25.4731,0.0000
5,170.3181,177.3941,25.4731,0.0000
6,170.3181,124.1758,25.4731,0.0000
7,119.2227,124.1758,25.4731,0.0000
8,119.2227,86.9231,25.4731,0.0000
9,83.4559,86.9231,25.4731,0.0000
0,83.4559,86.9231,25.4731,0.0000
1,83.4559,629.6462,25.4731,0.0000
2,83.4559,440.7523,25.4731,0.0000
3,83.4559,308.5266,25.4731,0.0000
4,83.4559,215.9686,25.4731,0.0000
5,83.4559,151.1780,25.4731,0.0000
6,83.4559,105.8246,25.4731,0.0000
0,83.4559,105.8246,25.4731,0.0000
1,83.4559,341.6772,25.4731,0.0000
2,355.7191,341.6772,25.4731,0.0000
3,249.0034,341.6772,25.4731,0.0000
4,249.0034,308.1741,25.4731,0.0000
5,249.0034,215.7218,25.4731,0.0000
6,174.3024,215.7218,25.4731,0.0000
7,174.3024,151.0053,25.4731,0.0000
8,122.0117,151.0053,25.4731,0.0000
9,122.0117,105.7037,25.4731,0.0000
0,122.0117,105.7037,25.4731,0.0000
1,294.2082,105.7037,25.4731,0.0000
2,205.9457,105.7037,25.4731,0.0000
3,144.1620,105.7037,25.4731,0.0000
4,144.1620,73.9926,25.4731,0.0000
5,100.9134,73.9926,25.4731,0.0000
6,70.6394,73.9926,25.4731,0.0000
0,70.6394,73.9926,25.4731,0.0000
1,70.6394,108.7948,25.4731,0.0000
2,70.6394,76.1564,25.4731,0.0000
3,393.2476,76.1564,25.4731,0.0000
4,275.2733,76.1564,25.4731,0.0000
5,192.6913,76.1564,25.4731,0.0000
6,134.8839,76.1564,25.4731,0.0000
7,94.4187,76.1564,25.4731,0.0000
8,66.0931,76.1564,25.4731,0.0000
0,66.0931,76.1564,25.4731,0.0000
1,66.0931,62.3095,25.4731,0.0000
2,183.9652,62.3095,25.4731,0.0000
3,128.7756,62.3095,25.4731,0.0000
4,90.1429,62.3095,25.4731,0.0000
5,63.1001,62.3095,25.4731,0.0000
6,44.1700,62.3095,25.4731,0.0000
7,44.1700,43.6166,25.4731,0.0000
0,44.1700,43.6166,25.4731,0.0000
1,44.1700,43.6166,148.3312,0.0000
2,44.1700,43.6166,148.3312,0.0000
3,44.1700,43.6166,103.8318,0.0000
4,44.1700,43.6166,103.8318,0.0000
5,44.1700,43.6166,72.6823,0.0000
6,44.1700,43.6166,50.8776,0.0000
0,44.1700,43.6166,50.8776,0.0000
1,44.1700,43.6166,69.5143,0.0000
2,44.1700,43.6166,48.6600,0.0000
3,44.1700,43.6166,34.0620,0.0000
4,73.2190,43.6166,34.0620,0.0000
5,73.2190,74.6316,34.0620,0.0000
6,73.2190,52.2421,34.0620,0.0000
7,51.2533,52.2421,34.0620,0.0000
8,51.2533,36.5695,34.0620,0.0000
9,35.8773,36.5695,34.0620,0.0000
10,35.8773,25.5987,34.0620,0.0000
0,35.8773,25.5987,34.0620,0.0000
1,443.6141,25.5987,34.0620,0.0000
2,310.5299,25.5987,34.0620,0.0000
3,217.3709,25.5987,34.0620,0.0000
4,217.3709,17.9191,34.0620,0.0000
5,152.1596,17.9191,34.0620,0.0000
6,106.5118,17.9191,34.0620,0.0000
0,106.5118,17.9191,34.0620,0.0000
1,784.3582,17.9191,34.0620,0.0000
2,549.0508,17.9191,34.0620,0.0000
3,384.3355,17.9191,34.0620,0.0000
4,384.3355,12.5433,34.0620,0.0000
5,269.0349,12.5433,34.0620,0.0000
6,188.3244,12.5433,34.0620,0.0000
0,188.3244,12.5433,34.0620,0.0000
1,188.3244,12.5433,398.8434,0.0000
2,188.3244,12.5433,279.1904,0.0000
3,188.3244,12.5433,195.4333,0.0000
4,188.3244,12.5433,136.8033,0.0000
5,188.3244,12.5433,136.8033,0.0000
6,188.3244,12.5433,136.8033,0.0000
0,188.3244,12.5433,136.8033,0.0000
1,304.0271,12.5433,136.8033,0.0000
2,212.8190,12.5433,136.8033,0.0000
3,148.9733,12.5433,136.8033,0.0000
4,104.2813,12.5433,136.8033,0.0000
5,104.2813,12.5433,95.7623,0.0000
6,104.2813,12.5433,95.7623,0.0000
0,104.2813,12.5433,95.7623,0.0000
1,663.9969,12.5433,95.7623,0.0000
2,464.7978,12.5433,95.7623,0.0000
3,325.3585,12.5433,95.7623,0.0000
4,227.7509,12.5433,95.7623,0.0000
5,159.4257,12.5433,95.7623,0.0000
6,159.4257,12.5433,95.7623,0.0000
0,159.4257,12.5433,95.7623,0.0000
1,508.1980,12.5433,95.7623,0.0000
2,355.7386,12.5433,95.7623,0.0000
3,355.7386,12.5433,95.7623,0.0000
4,249.0170,12.5433,95.7623,0.0000
5,174.3119,12.5433,95.7623,0.0000
6,174.3119,12.5433,76.0336,0.0000
7,122.0183,12.5433,76.0336,0.0000
8,85.4128,12.5433,76.0336,0.0000
9,59.7890,12.5433,76.0336,0.0000
10,59.7890,12.5433,53.2235,0.0000
0,59.7890,12.5433,53.2235,0.0000
1,257.8523,12.5433,53.2235,0.0000
2,180.4966,12.5433,53.2235,0.0000
3,126.3476,12.5433,53.2235,0.0000
4,88.4433,12.5433,53.2235,0.0000
5,61.9103,12.5433,53.2235,0.0000
6,43.3372,12.5433,53.2235,0.0000
0,43.3372,12.5433,53.2235,0.0000
1,43.3372,12.5433,872.7565,0.0000
2,43.3372,12.5433,610.9295,0.0000
3,43.3372,12.5433,427.6507,0.0000
4,43.3372,12.5433,299.3555,0.0000
5,43.3372,12.5433,209.5488,0.0000
6,43.3372,12.5433,209.5488,0.0000
0,43.3372,12.5433,209.5488,0.0000
1,43.3372,12.5433,146.6842,0.0000
2,43.3372,176.1803,146.6842,0.0000
3,43.3372,123.3262,146.6842,0.0000
4,43.3372,123.3262,102.6789,0.0000
5,43.3372,86.3284,102.6789,0.0000
6,43.3372,86.3284,71.8752,0.0000
7,43.3372,86.3284,50.3127,0.0000
0,43.3372,86.3284,50.3127,0.0000
1,43.3372,312.7299,50.3127,0.0000
2,43.3372,218.9109,50.3127,0.0000
3,43.3372,153.2376,50.3127,0.0000
4,43.3372,107.2663,50.3127,0.0000
5,43.3372,107.2663,50.3127,0.0000
6,43.3372,75.0864,50.3127,0.0000
0,43.3372,75.0864,50.3127,0.0000
1,43.3372,190.8605,50.3127,0.0000
2,43.3372,133.6024,50.3127,0.0000
3,43.3372,93.5216,50.3127,0.0000
4,43.3372,65.4652,50.3127,0.0000
5,43.3372,45.8256,50.3127,0.0000
6,43.3372,45.8256,177.4189,0.0000
7,43.3372,45.8256,124.1932,0.0000
8,43.3372,45.8256,86.9352,0.0000
9,43.3372,45.8256,60.8547,0.0000
10,43.3372,45.8256,42.5983,0.0000
0,43.3372,45.8256,42.5983,0.0000
1,43.3372,140.3779,42.5983,0.0000
2,43.3372,98.2645,42.5983,0.0000
3,43.3372,68.7852,42.5983,0.0000
4,43.3372,48.1496,42.5983,0.0000
5,43.3372,33.7047,42.5983,0.0000
6,260.4361,33.7047,42.5983,0.0000
7,182.3052,33.7047,42.5983,0.0000
8,127.6137,33.7047,42.5983,0.0000
9,89.3296,33.7047,42.5983,0.0000
10,62.5307,33.7047,42.5983,0.0000
0,62.5307,33.7047,42.5983,0.0000
1,327.5715,33.7047,42.5983,0.0000
2,229.3000,33.7047,42.5983,0.0000
3,160.5100,33.7047,42.5983,0.0000
4,112.3570,33.7047,42.5983,0.0000
5,78.6499,33.7047,42.5983,0.0000
6,55.0549,33.7047,42.5983,0.0000
0,55.0549,33.7047,42.5983,0.0000
1,83.5385,33.7047,42.5983,0.0000
2,58.4769,33.7047,42.5983,0.0000
3,40.9338,33.7047,42.5983,0.0000
4,40.9338,33.7047,122.8188,0.0000
5,35.5537,33.7047,122.8188,0.0000
6,35.5537,23.5933,122.8188,0.0000
7,35.5537,23.5933,85.9732,0.0000
8,35.5537,23.5933,60.1812,0.0000
9,35.5537,23.5933,42.1268,0.0000
10,35.5537,23.5933,29.4888,0.0000
0,35.5537,23.5933,29.4888,0.0000
1,35.5537,23.5933,29.4888,0.0000
2,178.4876,23.5933,29.4888,0.0000
3,124.9413,23.5933,29.4888,0.0000
4,87.4589,23.5933,29.4888,0.0000
5,61.2212,23.5933,29.4888,0.0000
6,42.8549,23.5933,29.4888,0.0000
7,29.9984,23.5933,29.4888,0.0000
0,29.9984,23.5933,29.4888,0.0000
1,247.4989,23.5933,29.4888,0.0000
2,173.2492,23.5933,29.4888,0.0000
3,173.2492,16.5153,29.4888,0.0000
4,121.2745,16.5153,29.4888,0.0000
5,121.2745,11.5607,29.4888,0.0000
6,84.8921,11.5607,29.4888,0.0000
0,84.8921,11.5607,29.4888,0.0000
1,448.2245,11.5607,29.4888,0.0000
2,313.7571,11.5607,29.4888,0.0000
3,313.7571,11.5607,29.4888,0.0000
4,219.6300,11.5607,29.4888,0.0000
5,153.7410,11.5607,29.4888,0.0000
6,107.6187,11.5607,29.4888,0.0000
0,107.6187,11.5607,29.4888,0.0000
1,439.2331,11.5607,29.4888,0.0000
2,307.4632,11.5607,29.4888,0.0000
3,215.2242,11.5607,29.4888,0.0000
4,150.6569,11.5607,29.4888,0.0000
5,150.6569,8.0925,29.4888,0.0000
6,105.4599,8.0925,29.4888,0.0000
0,105.4599,8.0925,29.4888,0.0000
1,579.0219,8.0925,29.4888,0.0000
2,405.3153,8.0925,29.4888,0.0000
3,405.3153,5.6648,29.4888,0.0000
4,405.3153,3.9653,29.4888,0.0000
5,283.7207,3.9653,29.4888,0.0000
6,198.6045,3.9653,29.4888,0.0000
0,198.6045,3.9653,29.4888,0.0000
1,301.0232,3.9653,29.4888,0.0000
2,210.7162,3.9653,29.4888,0.0000
3,147.5013,3.9653,29.4888,0.0000
4,103.2509,3.9653,29.4888,0.0000
5,72.2757,3.9653,29.4888,0.0000
6,72.2757,3.9653,29.4888,0.0000
0,72.2757,3.9653,29.4888,0.0000
1,72.2757,3.9653,51.5422,0.0000
2,72.2757,3.9653,36.0795,0.0000
3,298.0930,3.9653,36.0795,0.0000
4,208.6651,3.9653,36.0795,0.0000
5,146.0656,3.9653,36.0795,0.0000
6,102.2459,3.9653,36.0795,0.0000
7,71.5721,3.9653,36.0795,0.0000
8,50.1005,3.9653,36.0795,0.0000
0,50.1005,3.9653,36.0795,0.0000
1,320.9703,3.9653,36.0795,0.0000
2,224.6792,3.9653,36.0795,0.0000
3,157.2755,3.9653,36.0795,0.0000
4,110.0928,3.9653,36.0795,0.0000
5,77.0650,3.9653,36.0795,0.0000
6,53.9455,3.9653,36.0795,0.0000
0,53.9455,3.9653,36.0795,0.0000
1,53.9455,346.8757,36.0795,0.0000
2,53.9455,242.8130,36.0795,0.0000
3,53.9455,169.9691,36.0795,0.0000
4,53.9455,118.9784,36.0795,0.0000
5,53.9455,83.2849,36.0795,0.0000
6,53.9455,58.2994,36.0795,0.0000
0,53.9455,58.2994,36.0795,0.0000
1,502.1618,58.2994,36.0795,0.0000
2,351.5133,58.2994,36.0795,0.0000
3,246.0593,58.2994,36.0795,0.0000
4,172.2415,58.2994,36.0795,0.0000
5,120.5691,58.2994,36.0795,0.0000
6,84.3983,58.2994,36.0795,0.0000
0,84.3983,58.2994,36.0795,0.0000
1,109.4788,58.2994,36.0795,0.0000
2,76.6352,58.2994,36.0795,0.0000
3,53.6446,58.2994,36.0795,0.0000
4,53.6446,40.8096,36.0795,0.0000
5,37.5512,40.8096,36.0795,0.0000
6,37.5512,28.5667,36.0795,0.0000
0,37.5512,28.5667,36.0795,0.0000
1,37.5512,28.5667,36.0795,0.0000
2,307.0859,28.5667,36.0795,0.0000
3,214.9601,28.5667,36.0795,0.0000
4,150.4721,28.5667,36.0795,0.0000
5,105.3305,28.5667,36.0795,0.0000
6,73.7313,28.5667,36.0795,0.0000
7,73.7313,28.5667,36.0795,0.0000
0,73.7313,28.5667,36.0795,0.0000
1,117.0119,28.5667,36.0795,0.0000
2,81.9083,28.5667,36.0795,0.0000
3,57.3358,28.5667,36.0795,0.0000
4,40.1351,28.5667,36.0795,0.0000
5,28.0946,28.5667,36.0795,0.0000
6,28.0946,28.5667,25.2557,0.0000
0,28.0946,28.5667,25.2557,0.0000
1,28.0946,223.6967,25.2557,0.0000
2,28.0946,156.5877,25.2557,0.0000
3,28.0946,109.6114,25.2557,0.0000
4,28.0946,76.7280,25.2557,0.0000
5,28.0946,53.7096,25.2557,0.0000
6,28.0946,37.5967,25.2557,0.0000
0,28.0946,37.5967,25.2557,0.0000
1,28.0946,218.3177,25.2557,0.0000
2,28.0946,152.8224,25.2557,0.0000
3,28.0946,106.9757,25.2557,0.0000
4,28.0946,74.8830,25.2557,0.0000
5,28.0946,52.4181,25.2557,0.0000
6,28.0946,52.4181,25.2557,0.0000
0,28.0946,52.4181,25.2557,0.0000
1,28.0946,247.8927,25.2557,0.0000
2,28.0946,173.5249,25.2557,0.0000
3,28.0946,121.4674,25.2557,0.0000
4,28.0946,85.0272,25.2557,0.0000
5,28.0946,59.5190,25.2557,0.0000
6,28.0946,41.6633,25.2557,0.0000
0,28.0946,41.6633,25.2557,0.0000
1,28.0946,29.1643,25.2557,0.0000
2,28.0946,20.4150,25.2557,0.0000
3,120.7662,20.4150,25.2557,0.0000
4,84.5363,20.4150,25.2557,0.0000
5,59.1754,20.4150,25.2557,0.0000
6,41.4228,20.4150,25.2557,0.0000
7,28.9960,20.4150,25.2557,0.0000
8,28.9960,20.4150,25.2557,0.0000
0,28.9960,20.4150,25.2557,0.0000
1,301.9972,20.4150,25.2557,0.0000
2,211.3980,20.4150,25.2557,0.0000
3,147.9786,20.4150,25.2557,0.0000
4,103.5850,20.4150,25.2557,0.0000
5,72.5095,20.4150,25.2557,0.0000
6,50.7567,20.4150,25.2557,0.0000
0,50.7567,20.4150,25.2557,0.0000
1,642.7297,20.4150,25.2557,0.0000
2,449.9108,20.4150,25.2557,0.0000
3,314.9375,20.4150,25.2557,0.0000
4,220.4563,20.4150,25.2557,0.0000
5,154.3194,20.4150,25.2557,0.0000
6,108.0236,20.4150,25.2557,0.0000
0,108.0236,20.4150,25.2557,0.0000
1,108.0236,20.4150,25.2557,0.0000
2,393.6165,20.4150,25.2557,0.0000
3,275.5316,20.4150,25.2557,0.0000
4,192.8721,20.4150,25.2557,0.0000
5,135.0105,20.4150,25.2557,0.0000
6,135.0105,20.4150,25.2557,0.0000
7,94.5073,20.4150,25.2557,0.0000
0,94.5073,20.4150,25.2557,0.0000
1,83.5551,20.4150,25.2557,0.0000
2,58.4886,20.4150,25.2557,0.0000
3,58.4886,20.4150,17.6790,0.0000
4,40.9420,20.4150,17.6790,0.0000
5,28.6594,20.4150,17.6790,0.0000
6,20.0616,20.4150,17.6790,0.0000
0,20.0616,20.4150,17.6790,0.0000
1,20.0616,85.3905,17.6790,0.0000
2,20.0616,59.7734,17.6790,0.0000
3,20.0616,41.8414,17.6790,0.0000
4,20.0616,29.2889,17.6790,0.0000
5,20.0616,20.5023,17.6790,0.0000
6,20.0616,14.3516,17.6790,0.0000
0,20.0616,14.3516,17.6790,0.0000
1,253.7431,14.3516,17.6790,0.0000
2,177.6202,14.3516,17.6790,0.0000
3,124.3341,14.3516,17.6790,0.0000
4,87.0339,14.3516,17.6790,0.0000
5,87.0339,10.0461,17.6790,0.0000
6,87.0339,10.0461,12.3753,0.0000
0,87.0339,10.0461,12.3753,0.0000
1,250.2237,10.0461,12.3753,0.0000
2,175.1566,10.0461,12.3753,0.0000
3,122.6096,10.0461,12.3753,0.0000
4,85.8267,10.0461,12.3753,0.0000
5,60.0787,10.0461,12.3753,0.0000
6,42.0551,10.0461,12.3753,0.0000
0,42.0551,10.0461,12.3753,0.0000
1,414.6386,10.0461,12.3753,0.0000
2,290.2470,10.0461,12.3753,0.0000
3,203.1729,10.0461,12.3753,0.0000
4,203.1729,10.0461,12.3753,0.0000
5,142.2210,10.0461,12.3753,0.0000
6,99.5547,10.0461,12.3753,0.0000
0,99.5547,10.0461,12.3753,0.0000
1,168.0883,10.0461,12.3753,0.0000
2,117.6618,10.0461,12.3753,0.0000
3,82.3633,10.0461,12.3753,0.0000
4,82.3633,7.0323,12.3753,0.0000
5,82.3633,7.0323,12.3753,0.0000
6,57.6543,7.0323,12.3753,0.0000
0,57.6543,7.0323,12.3753,0.0000
1,372.1580,7.0323,12.3753,0.0000
2,260.5106,7.0323,12.3753,0.0000
3,182.3574,7.0323,12.3753,0.0000
4,127.6502,7.0323,12.3753,0.0000
5,89.3551,7.0323,12.3753,0.0000
6,62.5486,7.0323,12.3753,0.0000
0,62.5486,7.0323,12.3753,0.0000
1,190.1840,7.0323,12.3753,0.0000
2,133.1288,7.0323,12.3753,0.0000
3,133.1288,7.0323,8.6627,0.0000
4,93.1902,7.0323,8.6627,0.0000
5,65.2331,7.0323,8.6627,0.0000
6,45.6632,7.0323,8.6627,0.0000
0,45.6632,7.0323,8.6627,0.0000
1,45.6632,4.9226,8.6627,0.0000
2,87.7642,4.9226,8.6627,0.0000
3,61.4350,4.9226,8.6627,0.0000
4,61.4350,4.9226,6.0639,0.0000
5,43.0045,4.9226,6.0639,0.0000
6,30.1031,4.9226,6.0639,0.0000
7,30.1031,4.9226,4.2447,0.0000
0,30.1031,4.9226,4.2447,0.0000
1,70.2722,4.9226,4.2447,0.0000
2,49.1905,4.9226,4.2447,0.0000
3,34.4334,4.9226,4.2447,0.0000
4,24.1034,4.9226,4.2447,0.0000
5,16.8724,4.9226,4.2447,0.0000
6,11.8106,4.9226,4.2447,0.0000
0,11.8106,4.9226,4.2447,0.0000
1,160.3675,4.9226,4.2447,0.0000
2,112.2572,4.9226,4.2447,0.0000
3,78.5801,4.9226,4.2447,0.0000
4,55.0060,4.9226,4.2447,0.0000
5,38.5042,4.9226,4.2447,0.0000
6,26.9530,4.9226,4.2447,0.0000
0,26.9530,4.9226,4.2447,0.0000
1,398.6671,4.9226,4.2447,0.0000
2,279.0669,4.9226,4.2447,0.0000
3,195.3469,4.9226,4.2447,0.0000
4,136.7428,4.9226,4.2447,0.0000
5,95.7200,4.9226,4.2447,0.0000
6,67.0040,4.9226,4.2447,0.0000
0,67.0040,4.9226,4.2447,0.0000
1,67.0040,230.5458,4.2447,0.0000
2,67.0040,161.3821,4.2447,0.0000
3,67.0040,112.9674,4.2447,0.0000
4,67.0040,79.0772,4.2447,0.0000
5,67.0040,55.3541,4.2447,0.0000
6,343.3028,55.3541,4.2447,0.0000
7,343.3028,55.3541,4.2447,0.0000
8,240.3119,55.3541,4.2447,0.0000
9,168.2184,55.3541,4.2447,0.0000
10,117.7529,55.3541,4.2447,0.0000
0,117.7529,55.3541,4.2447,0.0000
1,113.0270,55.3541,4.2447,0.0000
2,79.1189,55.3541,4.2447,0.0000
3,55.3832,55.3541,4.2447,0.0000
4,38.7683,55.3541,4.2447,0.0000
5,38.7683,38.7478,4.2447,0.0000
6,27.1378,38.7478,4.2447,0.0000
0,27.1378,38.7478,4.2447,0.0000
1,190.8964,38.7478,4.2447,0.0000
2,133.6275,38.7478,4.2447,0.0000
3,93.5393,38.7478,4.2447,0.0000
4,65.4775,38.7478,4.2447,0.0000
5,65.4775,38.7478,4.2447,0.0000
6,45.8342,38.7478,4.2447,0.0000
0,45.8342,38.7478,4.2447,0.0000
1,621.2840,38.7478,4.2447,0.0000
2,621.2840,27.1235,4.2447,0.0000
3,621.2840,27.1235,4.2447,0.0000
4,434.8988,27.1235,4.2447,0.0000
5,434.8988,27.1235,5.6713,0.0000
6,304.4291,27.1235,5.6713,0.0000
7,213.1004,27.1235,5.6713,0.0000
8,149.1703,27.1235,5.6713,0.0000
9,104.4192,27.1235,5.6713,0.0000
10,73.0934,27.1235,5.6713,0.0000
0,73.0934,27.1235,5.6713,0.0000
1,73.0934,153.9864,5.6713,0.0000
2,73.0934,107.7905,5.6713,0.0000
3,73.0934,107.7905,5.6713,0.0000
4,148.3654,107.7905,5.6713,0.0000
5,103.8558,107.7905,5.6713,0.0000
6,103.8558,75.4534,5.6713,0.0000
7,72.6990,75.4534,5.6713,0.0000
8,50.8893,75.4534,5.6713,0.0000
9,50.8893,52.8173,5.6713,0.0000
0,50.8893,52.8173,5.6713,0.0000
1,50.8893,235.5721,5.6713,0.0000
2,50.8893,164.9005,5.6713,0.0000
3,50.8893,115.4304,5.6713,0.0000
4,50.8893,80.8012,5.6713,0.0000
5,50.8893,56.5609,5.6713,0.0000
6,50.8893,39.5926,5.6713,0.0000
0,50.8893,39.5926,5.6713,0.0000
1,422.0225,39.5926,5.6713,0.0000
2,295.4158,39.5926,5.6713,0.0000
3,206.7910,39.5926,5.6713,0.0000
4,144.7537,39.5926,5.6713,0.0000
5,101.3276,39.5926,5.6713,0.0000
6,70.9293,39.5926,5.6713,0.0000
0,70.9293,39.5926,5.6713,0.0000
1,318.1505,39.5926,5.6713,0.0000
2,222.7054,39.5926,5.6713,0.0000
3,155.8938,39.5926,5.6713,0.0000
4,109.1256,39.5926,5.6713,0.0000
5,76.3879,39.5926,5.6713,0.0000
6,53.4716,39.5926,5.6713,0.0000
0,53.4716,39.5926,5.6713,0.0000
1,1090.1301,39.5926,5.6713,0.0000
2,763.0911,39.5926,5.6713,0.0000
3,534.1637,39.5926,5.6713,0.0000
4,373.9146,39.5926,5.6713,0.0000
5,261.7402,39.5926,5.6713,0.0000
6,261.7402,27.7148,5.6713,0.0000
0,261.7402,27.7148,5.6713,0.0000
1,1000.1182,27.7148,5.6713,0.0000
2,700.0827,27.7148,5.6713,0.0000
3,490.0579,27.7148,5.6713,0.0000
4,343.0405,27.7148,5.6713,0.0000
5,240.1284,27.7148,5.6713,0.0000
6,168.0899,27.7148,5.6713,0.0000
0,168.0899,27.7148,5.6713,0.0000
1,445.2629,27.7148,5.6713,0.0000
2,311.6840,27.7148,5.6713,0.0000
3,218.1788,27.7148,5.6713,0.0000
4,152.7252,27.7148,5.6713,0.0000
5,106.9076,27.7148,5.6713,0.0000
6,74.8353,27.7148,5.6713,0.0000
0,74.8353,27.7148,5.6713,0.0000
1,442.9847,27.7148,5.6713,0.0000
2,310.0893,27.7148,5.6713,0.0000
3,217.0625,27.7148,5.6713,0.0000
4,151.9438,27.7148,5.6713,0.0000
5,106.3606,27.7148,5.6713,0.0000
6,74.4524,27.7148,5.6713,0.0000
0,74.4524,27.7148,5.6713,0.0000
1,359.6167,27.7148,5.6713,0.0000
2,251.7317,27.7148,5.6713,0.0000
3,176.2122,27.7148,5.6713,0.0000
4,123.3485,27.7148,5.6713,0.0000
5,86.3440,27.7148,5.6713,0.0000
6,60.4408,27.7148,5.6713,0.0000
0,60.4408,27.7148,5.6713,0.0000
1,372.6085,27.7148,5.6713,0.0000
2,260.8260,27.7148,5.6713,0.0000
3,260.8260,19.4004,5.6713,0.0000
4,182.5782,19.4004,5.6713,0.0000
5,127.8047,19.4004,5.6713,0.0000
6,89.4633,19.4004,5.6713,0.0000
0,89.4633,19.4004,5.6713,0.0000
1,731.3243,19.4004,5.6713,0.0000
2,511.9270,19.4004,5.6713,0.0000
3,358.3489,19.4004,5.6713,0.0000
4,250.8442,19.4004,5.6713,0.0000
5,175.5910,19.4004,5.6713,0.0000
6,122.9137,19.4004,5.6713,0.0000
0,122.9137,19.4004,5.6713,0.0000
1,495.2396,19.4004,5.6713,0.0000
2,346.6677,19.4004,5.6713,0.0000
3,242.6674,19.4004,5.6713,0.0000
4,242.6674,13.5803,5.6713,0.0000
5,169.8672,13.5803,5.6713,0.0000
6,118.9070,13.5803,5.6713,0.0000
0,118.9070,13.5803,5.6713,0.0000
1,393.1349,13.5803,5.6713,0.0000
2,275.1944,13.5803,5.6713,0.0000
3,192.6361,13.5803,5.6713,0.0000
4,134.8453,13.5803,5.6713,0.0000
5,94.3917,13.5803,5.6713,0.0000
6,66.0742,13.5803,5.6713,0.0000
0,66.0742,13.5803,5.6713,0.0000
1,447.9519,13.5803,5.6713,0.0000
2,313.5664,13.5803,5.6713,0.0000
3,219.4964,13.5803,5.6713,0.0000
4,153.6475,13.5803,5.6713,0.0000
5,107.5533,13.5803,5.6713,0.0000
6,75.2873,13.5803,5.6713,0.0000
0,75.2873,13.5803,5.6713,0.0000
1,569.0011,13.5803,5.6713,0.0000
2,569.0011,9.5062,5.6713,0.0000
3,398.3008,9.5062,5.6713,0.0000
4,278.8105,9.5062,5.6713,0.0000
5,195.1674,9.5062,5.6713,0.0000
6,136.6172,9.5062,5.6713,0.0000
0,136.6172,9.5062,5.6713,0.0000
1,746.0320,9.5062,5.6713,0.0000
2,522.2224,9.5062,5.6713,0.0000
3,365.5557,9.5062,5.6713,0.0000
4,365.5557,6.6543,5.6713,0.0000
5,255.8890,6.6543,5.6713,0.0000
6,179.1223,6.6543,5.6713,0.0000
0,179.1223,6.6543,5.6713,0.0000
1,261.8856,6.6543,5.6713,0.0000
2,183.3199,6.6543,5.6713,0.0000
3,128.3239,6.6543,5.6713,0.0000
4,89.8268,6.6543,5.6713,0.0000
5,62.8787,6.6543,5.6713,0.0000
6,44.0151,6.6543,5.6713,0.0000
0,44.0151,6.6543,5.6713,0.0000
1,188.9106,6.6543,5.6713,0.0000
2,132.2374,6.6543,5.6713,0.0000
3,92.5662,6.6543,5.6713,0.0000
4,64.7963,6.6543,5.6713,0.0000
5,45.3574,6.6543,5.6713,0.0000
6,31.7502,6.6543,5.6713,0.0000
0,31.7502,6.6543,5.6713,0.0000
1,278.7251,6.6543,5.6713,0.0000
2,195.1076,6.6543,5.6713,0.0000
3,136.5753,6.6543,5.6713,0.0000
4,95.6027,6.6543,5.6713,0.0000
5,66.9219,6.6543,5.6713,0.0000
6,46.8453,6.6543,5.6713,0.0000
0,46.8453,6.6543,5.6713,0.0000
1,498.3917,6.6543,5.6713,0.0000
2,348.8742,6.6543,5.6713,0.0000
3,244.2119,6.6543,5.6713,0.0000
4,244.2119,6.6543,3.9699,0.0000
5,170.9484,6.6543,3.9699,0.0000
6,119.6639,6.6543,3.9699,0.0000
0,119.6639,6.6543,3.9699,0.0000
1,391.2647,6.6543,3.9699,0.0000
2,273.8853,6.6543,3.9699,0.0000
3,191.7197,6.6543,3.9699,0.0000
4,134.2038,6.6543,3.9699,0.0000
5,93.9427,6.6543,3.9699,0.0000
6,65.7599,6.6543,3.9699,0.0000
0,65.7599,6.6543,3.9699,0.0000
1,46.0319,6.6543,3.9699,0.0000
2,32.2223,6.6543,3.9699,0.0000
3,22.5556,6.6543,3.9699,0.0000
4,15.7889,6.6543,3.9699,0.0000
5,11.0523,6.6543,3.9699,0.0000
0,11.0523,6.6543,3.9699,0.0000
1,36.2366,6.6543,3.9699,0.0000
2,25.3656,6.6543,3.9699,0.0000
3,17.7559,6.6543,3.9699,0.0000
4,12.4291,6.6543,3.9699,0.0000
5,8.7004,6.6543,3.9699,0.0000
6,6.0903,6.6543,3.9699,0.0000
0,6.0903,6.6543,3.9699,0.0000
1,6.0903,481.0580,3.9699,0.0000
2,6.0903,336.7406,3.9699,0.0000
3,6.0903,235.7184,3.9699,0.0000
4,6.0903,165.0029,3.9699,0.0000
5,6.0903,115.5020,3.9699,0.0000
6,6.0903,80.8514,3.9699,0.0000
0,6.0903,80.8514,3.9699,0.0000
1,6.0903,159.4960,3.9699,0.0000
2,6.0903,111.6472,3.9699,0.0000
3,6.0903,78.1530,3.9699,0.0000
4,6.0903,54.7071,3.9699,0.0000
5,6.0903,38.2950,3.9699,0.0000
6,6.0903,26.8065,3.9699,0.0000
0,6.0903,26.8065,3.9699,0.0000
1,6.0903,395.2645,3.9699,0.0000
2,6.0903,395.2645,887.7789,0.0000
3,6.0903,395.2645,621.4453,0.0000
4,6.0903,395.2645,435.0117,0.0000
5,6.0903,395.2645,304.5082,0.0000
6,6.0903,557.7852,304.5082,0.0000
7,6.0903,390.4496,304.5082,0.0000
8,6.0903,273.3147,304.5082,0.0000
9,6.0903,273.3147,213.1557,0.0000
10,6.0903,191.3203,213.1557,0.0000
0,6.0903,191.3203,213.1557,0.0000
1,6.0903,191.3203,526.6090,0.0000
2,6.0903,191.3203,368.6263,0.0000
3,6.0903,191.3203,258.0384,0.0000
4,6.0903,191.3203,180.6269,0.0000
5,6.0903,282.1242,180.6269,0.0000
6,6.0903,197.4870,180.6269,0.0000
7,6.0903,138.2409,180.6269,0.0000
8,6.0903,138.2409,126.4388,0.0000
9,6.0903,96.7686,126.4388,0.0000
10,6.0903,96.7686,88.5072,0.0000
0,6.0903,96.7686,88.5072,0.0000
1,6.0903,96.7686,61.9550,0.0000
2,6.0903,96.7686,61.9550,0.0000
3,6.0903,106.7380,61.9550,0.0000
4,6.0903,74.7166,61.9550,0.0000
5,6.0903,52.3016,61.9550,0.0000
6,6.0903,52.3016,43.3685,0.0000
7,6.0903,36.6111,43.3685,0.0000
8,6.0903,36.6111,43.3685,0.0000
0,6.0903,36.6111,43.3685,0.0000
1,6.0903,36.6111,158.7580,0.0000
2,6.0903,36.6111,111.1306,0.0000
3,6.0903,36.6111,111.1306,0.0000
4,6.0903,36.6111,77.7914,0.0000
5,6.0903,36.6111,54.4540,0.0000
6,6.0903,36.6111,38.1178,0.0000
0,6.0903,36.6111,38.1178,0.0000
1,6.0903,36.6111,26.6825,0.0000
2,6.0903,25.6278,26.6825,0.0000
3,6.0903,25.6278,18.6777,0.0000
4,6.0903,17.9395,18.6777,0.0000
5,6.0903,17.9395,13.0744,0.0000
0,6.0903,17.9395,13.0744,0.0000
1,6.0903,266.6576,13.0744,0.0000
2,6.0903,266.6576,13.0744,0.0000
3,736.2632,266.6576,13.0744,0.0000
4,736.2632,266.6576,42.1521,0.0000
5,527.9842,266.6576,42.1521,0.0000
6,369.5890,266.6576,42.1521,0.0000
7,369.5890,186.6603,42.1521,0.0000
8,258.7123,186.6603,42.1521,0.0000
9,181.0986,186.6603,42.1521,0.0000
10,181.0986,130.6622,42.1521,0.0000
0,181.0986,130.6622,42.1521,0.0000
1,285.1690,130.6622,42.1521,0.0000
2,199.6183,130.6622,42.1521,0.0000
3,139.7328,130.6622,42.1521,0.0000
4,97.8130,130.6622,42.1521,0.0000
5,97.8130,91.4636,42.1521,0.0000
6,68.4691,91.4636,42.1521,0.0000
0,68.4691,91.4636,42.1521,0.0000
1,68.4691,64.0245,42.1521,0.0000
2,135.5284,64.0245,42.1521,0.0000
3,94.8698,64.0245,42.1521,0.0000
4,66.4089,64.0245,42.1521,0.0000
5,66.4089,44.8171,42.1521,0.0000
6,46.4862,44.8171,42.1521,0.0000
7,32.5404,44.8171,42.1521,0.0000
0,32.5404,44.8171,42.1521,0.0000
1,32.5404,97.9720,42.1521,0.0000
2,32.5404,68.5804,42.1521,0.0000
3,32.5404,68.5804,42.1521,0.0000
4,32.5404,48.0063,42.1521,0.0000
5,32.5404,33.6044,42.1521,0.0000
6,32.5404,33.6044,29.5065,0.0000
0,32.5404,33.6044,29.5065,0.0000
1,32.5404,100.9231,29.5065,0.0000
2,32.5404,70.6462,29.5065,0.0000
3,32.5404,49.4523,29.5065,0.0000
4,32.5404,49.4523,113.0545,0.0000
5,32.5404,34.6166,113.0545,0.0000
6,32.5404,34.6166,79.1382,0.0000
7,32.5404,34.6166,55.3967,0.0000
8,32.5404,34.6166,38.7777,0.0000
9,32.5404,34.6166,27.1444,0.0000
0,32.5404,34.6166,27.1444,0.0000
1,32.5404,158.0316,27.1444,0.0000
2,32.5404,158.0316,19.0011,0.0000
3,32.5404,110.6221,19.0011,0.0000
4,32.5404,77.4355,19.0011,0.0000
5,463.1783,77.4355,19.0011,0.0000
6,324.2248,77.4355,19.0011,0.0000
7,226.9573,77.4355,19.0011,0.0000
8,226.9573,77.4355,19.0011,0.0000
9,158.8701,77.4355,19.0011,0.0000
10,111.2091,77.4355,19.0011,0.0000
0,111.2091,77.4355,19.0011,0.0000
1,607.9464,77.4355,19.0011,0.0000
2,425.5625,77.4355,19.0011,0.0000
3,425.5625,77.4355,13.3008,0.0000
4,425.5625,77.4355,13.3008,0.0000
5,425.5625,54.2048,13.3008,0.0000
6,425.5625,54.2048,13.3008,0.0000
0,425.5625,54.2048,13.3008,0.0000
1,893.0937,54.2048,13.3008,0.0000
2,625.1656,54.2048,13.3008,0.0000
3,625.1656,54.2048,13.3008,0.0000
4,437.6159,54.2048,13.3008,0.0000
5,306.3311,54.2048,13.3008,0.0000
6,214.4318,54.2048,13.3008,0.0000
0,214.4318,54.2048,13.3008,0.0000
1,237.4023,54.2048,13.3008,0.0000
2,166.1816,54.2048,13.3008,0.0000
3,116.3271,54.2048,13.3008,0.0000
4,81.4290,54.2048,13.3008,0.0000
5,57.0003,54.2048,13.3008,0.0000
6,57.0003,40.6434,13.3008,0.0000
7,57.0003,28.4504,13.3008,0.0000
8,39.9002,28.4504,13.3008,0.0000
9,27.9301,28.4504,13.3008,0.0000
10,27.9301,19.9153,13.3008,0.0000
0,27.9301,19.9153,13.3008,0.0000
1,413.4511,19.9153,13.3008,0.0000
2,289.4158,19.9153,13.3008,0.0000
3,289.4158,19.9153,9.3105,0.0000
4,202.5910,19.9153,9.3105,0.0000
5,141.8137,19.9153,9.3105,0.0000
6,141.8137,13.9407,9.3105,0.0000
0,141.8137,13.9407,9.3105,0.0000
1,296.9696,13.9407,9.3105,0.0000
2,296.9696,13.9407,9.3105,0.0000
3,207.8787,13.9407,9.3105,0.0000
4,145.5151,13.9407,9.3105,0.0000
5,101.8606,13.9407,9.3105,0.0000
6,71.3024,13.9407,9.3105,0.0000
0,71.3024,13.9407,9.3105,0.0000
1,273.7117,13.9407,9.3105,0.0000
2,191.5982,13.9407,9.3105,0.0000
3,134.1187,13.9407,9.3105,0.0000
4,134.1187,13.9407,9.3105,0.0000
5,93.8831,13.9407,9.3105,0.0000
6,65.7182,13.9407,9.3105,0.0000
0,65.7182,13.9407,9.3105,0.0000
1,853.3027,13.9407,9.3105,0.0000
2,597.3119,13.9407,9.3105,0.0000
3,418.1183,13.9407,9.3105,0.0000
4,418.1183,13.9407,6.5174,0.0000
5,292.6828,13.9407,6.5174,0.0000
6,204.8780,13.9407,6.5174,0.0000
0,204.8780,13.9407,6.5174,0.0000
1,609.6146,13.9407,6.5174,0.0000
2,426.7302,13.9407,6.5174,0.0000
3,298.7111,13.9407,6.5174,0.0000
4,209.0978,13.9407,6.5174,0.0000
5,146.3685,13.9407,6.5174,0.0000
6,102.4579,13.9407,6.5174,0.0000
0,102.4579,13.9407,6.5174,0.0000
1,360.3205,13.9407,6.5174,0.0000
2,252.2244,13.9407,6.5174,0.0000
3,176.5571,13.9407,6.5174,0.0000
4,123.5899,13.9407,6.5174,0.0000
5,86.5130,13.9407,6.5174,0.0000
6,60.5591,13.9407,6.5174,0.0000
0,60.5591,13.9407,6.5174,0.0000
1,308.7914,13.9407,6.5174,0.0000
2,216.1539,13.9407,6.5174,0.0000
3,151.3078,13.9407,6.5174,0.0000
4,151.3078,13.9407,6.5174,0.0000
5,105.9154,13.9407,6.5174,0.0000
6,74.1408,13.9407,6.5174,0.0000
0,74.1408,13.9407,6.5174,0.0000
1,408.8986,13.9407,6.5174,0.0000
2,286.2290,13.9407,6.5174,0.0000
3,200.3603,13.9407,6.5174,0.0000
4,140.2522,13.9407,6.5174,0.0000
5,98.1765,13.9407,6.5174,0.0000
6,98.1765,9.7585,6.5174,0.0000
0,98.1765,9.7585,6.5174,0.0000
1,535.5236,9.7585,6.5174,0.0000
2,374.8665,9.7585,6.5174,0.0000
3,262.4066,9.7585,6.5174,0.0000
4,183.6846,9.7585,6.5174,0.0000
5,128.5792,9.7585,6.5174,0.0000
6,128.5792,15.2309,6.5174,0.0000
7,90.0054,15.2309,6.5174,0.0000
8,63.0038,15.2309,6.5174,0.0000
9,44.1027,15.2309,6.5174,0.0000
10,30.8719,15.2309,6.5174,0.0000
0,30.8719,15.2309,6.5174,0.0000
1,527.4103,15.2309,6.5174,0.0000
2,369.1872,15.2309,6.5174,0.0000
3,258.4311,15.2309,6.5174,0.0000
4,180.9017,15.2309,6.5174,0.0000
5,126.6312,15.2309,6.5174,0.0000
6,88.6419,15.2309,6.5174,0.0000
0,88.6419,15.2309,6.5174,0.0000
1,167.3493,15.2309,6.5174,0.0000
2,117.1445,15.2309,6.5174,0.0000
3,82.0012,15.2309,6.5174,0.0000
4,57.4008,15.2309,6.5174,0.0000
5,40.1806,15.2309,6.5174,0.0000
6,28.1264,15.2309,6.5174,0.0000
0,28.1264,15.2309,6.5174,0.0000
1,28.1264,342.1617,6.5174,0.0000
2,28.1264,239.5132,6.5174,0.0000
3,28.1264,167.6592,6.5174,0.0000
4,28.1264,117.3614,6.5174,0.0000
5,28.1264,82.1530,6.5174,0.0000
6,28.1264,57.5071,6.5174,0.0000
0,28.1264,57.5071,6.5174,0.0000
1,28.1264,125.4550,6.5174,0.0000
2,28.1264,87.8185,6.5174,0.0000
3,28.1264,61.4729,6.5174,0.0000
4,28.1264,43.0311,6.5174,0.0000
5,28.1264,30.1217,6.5174,0.0000
6,274.0885,30.1217,6.5174,0.0000
7,274.0885,30.1217,6.5174,0.0000
8,191.8619,30.1217,6.5174,0.0000
9,134.3034,30.1217,6.5174,0.0000
10,94.0123,30.1217,6.5174,0.0000
0,94.0123,30.1217,6.5174,0.0000
1,214.9086,30.1217,6.5174,0.0000
2,150.4361,30.1217,6.5174,0.0000
3,105.3052,30.1217,6.5174,0.0000
4,73.7137,30.1217,6.5174,0.0000
5,51.5996,30.1217,6.5174,0.0000
6,36.1197,30.1217,6.5174,0.0000
0,36.1197,30.1217,6.5174,0.0000
1,304.8838,30.1217,6.5174,0.0000
2,213.4187,30.1217,6.5174,0.0000
3,149.3931,30.1217,6.5174,0.0000
4,104.5751,30.1217,6.5174,0.0000
5,73.2026,30.1217,6.5174,0.0000
6,51.2418,30.1217,6.5174,0.0000
0,51.2418,30.1217,6.5174,0.0000
1,51.2418,30.1217,248.1622,0.0000
2,51.2418,30.1217,173.7135,0.0000
3,51.2418,30.1217,121.5995,0.0000
4,51.2418,30.1217,85.1196,0.0000
5,51.2418,30.1217,59.5837,0.0000
6,51.2418,42.6852,59.5837,0.0000
7,51.2418,42.6852,50.4086,0.0000
8,372.1693,42.6852,50.4086,0.0000
9,260.5185,42.6852,50.4086,0.0000
10,182.3629,42.6852,50.4086,0.0000
0,182.3629,42.6852,50.4086,0.0000
1,415.3541,42.6852,50.4086,0.0000
2,290.7478,42.6852,50.4086,0.0000
3,203.5235,42.6852,50.4086,0.0000
4,142.4664,42.6852,50.4086,0.0000
5,99.7265,42.6852,50.4086,0.0000
6,69.8086,42.6852,50.4086,0.0000
0,69.8086,42.6852,50.4086,0.0000
1,420.8660,42.6852,50.4086,0.0000
2,294.6062,42.6852,50.4086,0.0000
3,206.2243,42.6852,50.4086,0.0000
4,144.3570,42.6852,50.4086,0.0000
5,144.3570,42.6852,50.4086,0.0000
6,101.0499,42.6852,50.4086,0.0000
0,101.0499,42.6852,50.4086,0.0000
1,148.7349,42.6852,50.4086,0.0000
2,104.1145,42.6852,50.4086,0.0000
3,72.8801,42.6852,50.4086,0.0000
4,51.0161,42.6852,50.4086,0.0000
5,35.7113,42.6852,50.4086,0.0000
6,35.7113,42.6852,48.4860,0.0000
7,35.7113,42.6852,33.9402,0.0000
8,35.7113,35.5797,33.9402,0.0000
9,24.9979,35.5797,33.9402,0.0000
10,24.9979,24.9058,33.9402,0.0000
0,24.9979,24.9058,33.9402,0.0000
1,24.9979,24.9058,92.1582,0.0000
2,24.9979,24.9058,64.5107,0.0000
3,24.9979,24.9058,45.1575,0.0000
4,24.9979,24.9058,31.6102,0.0000
5,24.9979,24.9058,22.1272,0.0000
6,17.4985,24.9058,22.1272,0.0000
0,17.4985,24.9058,22.1272,0.0000
1,17.4985,235.5340,22.1272,0.0000
2,17.4985,164.8738,22.1272,0.0000
3,17.4985,115.4117,22.1272,0.0000
4,17.4985,80.7882,22.1272,0.0000
5,17.4985,56.5517,22.1272,0.0000
6,17.4985,39.5862,22.1272,0.0000
0,17.4985,39.5862,22.1272,0.0000
1,17.4985,144.4103,22.1272,0.0000
2,17.4985,101.0872,22.1272,0.0000
3,17.4985,70.7611,22.1272,0.0000
4,17.4985,49.5327,22.1272,0.0000
5,17.4985,34.6729,22.1272,0.0000
6,17.4985,24.2710,22.1272,0.0000
0,17.4985,24.2710,22.1272,0.0000
1,17.4985,24.2710,22.1272,0.0000
2,17.4985,24.2710,547.6890,0.0000
3,17.4985,24.2710,547.6890,0.0000
4,17.4985,24.2710,383.3823,0.0000
5,17.4985,24.2710,268.3676,0.0000
6,17.4985,24.2710,187.8573,0.0000
7,50.0490,24.2710,187.8573,0.0000
8,50.0490,24.2710,131.5001,0.0000
9,50.0490,24.2710,92.0501,0.0000
10,50.0490,16.9897,92.0501,0.0000
0,50.0490,16.9897,92.0501,0.0000
1,50.0490,16.9897,231.8351,0.0000
2,50.0490,16.9897,162.2845,0.0000
3,50.0490,16.9897,113.5992,0.0000
4,50.0490,16.9897,79.5194,0.0000
5,50.0490,16.9897,55.6636,0.0000
6,50.0490,16.9897,38.9645,0.0000
0,50.0490,16.9897,38.9645,0.0000
1,36.8343,16.9897,38.9645,0.0000
2,36.8343,16.9897,27.2752,0.0000
3,36.8343,16.9897,27.2752,0.0000
4,25.7840,16.9897,27.2752,0.0000
5,25.7840,16.9897,19.0926,0.0000
6,18.0488,16.9897,19.0926,0.0000
0,18.0488,16.9897,19.0926,0.0000
1,18.0488,16.9897,229.6648,0.0000
2,18.0488,16.9897,160.7654,0.0000
3,18.0488,11.8928,160.7654,0.0000
4,18.0488,11.8928,112.5358,0.0000
5,18.0488,11.8928,78.7750,0.0000
6,18.0488,11.8928,55.1425,0.0000
0,18.0488,11.8928,55.1425,0.0000
1,18.0488,212.3250,55.1425,0.0000
2,18.0488,148.6275,55.1425,0.0000
3,18.0488,104.0392,55.1425,0.0000
4,18.0488,72.8275,55.1425,0.0000
5,18.0488,72.8275,49.6998,0.0000
6,18.0488,155.6792,49.6998,0.0000
7,18.0488,108.9755,49.6998,0.0000
8,18.0488,76.2828,49.6998,0.0000
9,18.0488,53.3980,49.6998,0.0000
10,18.0488,37.3786,49.6998,0.0000
0,18.0488,37.3786,49.6998,0.0000
1,18.0488,37.3786,436.7898,0.0000
2,28.8342,37.3786,436.7898,0.0000
3,28.8342,37.3786,305.7529,0.0000
4,28.8342,37.3786,305.7529,0.0000
5,28.8342,37.3786,214.0270,0.0000
6,28.8342,37.3786,149.8189,0.0000
7,28.8342,37.3786,104.8732,0.0000
0,28.8342,37.3786,104.8732,0.0000
1,28.8342,37.3786,611.0113,0.0000
2,28.8342,37.3786,427.7079,0.0000
3,28.8342,37.3786,299.3955,0.0000
4,28.8342,37.3786,209.5769,0.0000
5,28.8342,37.3786,146.7038,0.0000
6,28.8342,37.3786,102.6927,0.0000
0,28.8342,37.3786,102.6927,0.0000
1,28.8342,37.3786,71.8849,0.0000
2,28.8342,37.3786,50.3194,0.0000
3,28.8342,37.3786,35.2236,0.0000
4,28.8342,37.3786,24.6565,0.0000
5,28.8342,42.6650,24.6565,0.0000
6,28.8342,29.8655,24.6565,0.0000
7,28.8342,20.9059,24.6565,0.0000
8,76.2839,20.9059,24.6565,0.0000
9,53.3987,20.9059,24.6565,0.0000
10,37.3791,20.9059,24.6565,0.0000
0,37.3791,20.9059,24.6565,0.0000
1,303.6654,20.9059,24.6565,0.0000
2,212.5658,20.9059,24.6565,0.0000
3,148.7960,20.9059,24.6565,0.0000
4,104.1572,20.9059,24.6565,0.0000
5,72.9101,20.9059,24.6565,0.0000
6,72.9101,20.9059,24.6565,0.0000
0,72.9101,20.9059,24.6565,0.0000
1,378.6370,20.9059,24.6565,0.0000
2,265.0459,20.9059,24.6565,0.0000
3,185.5321,20.9059,24.6565,0.0000
4,129.8725,20.9059,24.6565,0.0000
5,90.9108,20.9059,24.6565,0.0000
6,63.6375,20.9059,24.6565,0.0000
0,63.6375,20.9059,24.6565,0.0000
1,392.5463,20.9059,24.6565,0.0000
2,274.7824,20.9059,24.6565,0.0000
3,192.3477,20.9059,24.6565,0.0000
4,134.6434,20.9059,24.6565,0.0000
5,134.6434,20.9059,24.6565,0.0000
6,94.2504,20.9059,24.6565,0.0000
0,94.2504,20.9059,24.6565,0.0000
1,305.6753,20.9059,24.6565,0.0000
2,305.6753,14.6341,24.6565,0.0000
3,213.9727,14.6341,24.6565,0.0000
4,213.9727,14.6341,17.2596,0.0000
5,213.9727,14.6341,12.0817,0.0000
6,149.7809,14.6341,12.0817,0.0000
0,149.7809,14.6341,12.0817,0.0000
1,417.4466,14.6341,12.0817,0.0000
2,292.2126,14.6341,12.0817,0.0000
3,292.2126,14.6341,10.2572,0.0000
4,211.7488,14.6341,10.2572,0.0000
5,148.2242,14.6341,10.2572,0.0000
6,103.7569,14.6341,10.2572,0.0000
7,72.6299,14.6341,10.2572,0.0000
8,72.6299,11.1439,10.2572,0.0000
9,72.6299,11.1439,7.1800,0.0000
10,107.2409,11.1439,7.1800,0.0000
0,107.2409,11.1439,7.1800,0.0000
1,282.0686,11.1439,7.1800,0.0000
2,197.4480,11.1439,7.1800,0.0000
3,138.2136,11.1439,7.1800,0.0000
4,96.7495,11.1439,7.1800,0.0000
5,67.7247,11.1439,7.1800,0.0000
6,47.4073,11.1439,7.1800,0.0000
0,47.4073,11.1439,7.1800,0.0000
1,136.6851,11.1439,7.1800,0.0000
2,95.6796,11.1439,7.1800,0.0000
3,66.9757,11.1439,7.1800,0.0000
4,46.8830,11.1439,7.1800,0.0000
5,32.8181,11.1439,7.1800,0.0000
6,22.9727,11.1439,7.1800,0.0000
0,22.9727,11.1439,7.1800,0.0000
1,30.4809,11.1439,7.1800,0.0000
2,30.4809,11.1439,7.1800,0.0000
3,21.3366,11.1439,7.1800,0.0000
4,14.9356,11.1439,7.1800,0.0000
5,10.4549,11.1439,7.1800,0.0000
6,10.4549,7.8007,7.1800,0.0000
0,10.4549,7.8007,7.1800,0.0000
1,204.7185,7.8007,7.1800,0.0000
2,143.3029,7.8007,7.1800,0.0000
3,100.3120,7.8007,7.1800,0.0000
4,100.3120,7.8007,7.1800,0.0000
5,70.2184,7.8007,7.1800,0.0000
6,49.1529,7.8007,7.1800,0.0000
0,49.1529,7.8007,7.1800,0.0000
1,220.4070,7.8007,7.1800,0.0000
2,154.2849,7.8007,7.1800,0.0000
3,107.9994,7.8007,7.1800,0.0000
4,75.5996,7.8007,7.1800,0.0000
5,52.9197,7.8007,7.1800,0.0000
6,37.0438,7.8007,7.1800,0.0000
0,37.0438,7.8007,7.1800,0.0000
1,798.1307,7.8007,7.1800,0.0000
2,798.1307,7.8007,7.1800,0.0000
3,558.6915,7.8007,7.1800,0.0000
4,391.0840,7.8007,7.1800,0.0000
5,273.7588,7.8007,7.1800,0.0000
6,191.6312,7.8007,7.1800,0.0000
0,191.6312,7.8007,7.1800,0.0000
1,631.8418,7.8007,7.1800,0.0000
2,442.2893,7.8007,7.1800,0.0000
3,309.6025,7.8007,7.1800,0.0000
4,216.7217,7.8007,7.1800,0.0000
5,151.7052,7.8007,7.1800,0.0000
6,106.1937,7.8007,7.1800,0.0000
0,106.1937,7.8007,7.1800,0.0000
1,106.1937,39.9605,7.1800,0.0000
2,138.2356,39.9605,7.1800,0.0000
3,96.7649,39.9605,7.1800,0.0000
4,67.7354,39.9605,7.1800,0.0000
5,47.4148,39.9605,7.1800,0.0000
6,33.1904,39.9605,7.1800,0.0000
7,33.1904,27.9723,7.1800,0.0000
0,33.1904,27.9723,7.1800,0.0000
1,236.8333,27.9723,7.1800,0.0000
2,165.7833,27.9723,7.1800,0.0000
3,116.0483,27.9723,7.1800,0.0000
4,116.0483,27.9723,7.1800,0.0000
5,81.2338,27.9723,7.1800,0.0000
6,81.2338,27.9723,7.1800,0.0000
0,81.2338,27.9723,7.1800,0.0000
1,316.0637,27.9723,7.1800,0.0000
2,221.2446,27.9723,7.1800,0.0000
3,154.8712,27.9723,7.1800,0.0000
4,154.8712,27.9723,7.1800,0.0000
5,108.4098,27.9723,7.1800,0.0000
6,75.8869,27.9723,7.1800,0.0000
0,75.8869,27.9723,7.1800,0.0000
1,288.6208,27.9723,7.1800,0.0000
2,202.0346,27.9723,7.1800,0.0000
3,141.4242,27.9723,7.1800,0.0000
4,141.4242,19.5806,7.1800,0.0000
5,98.9969,19.5806,7.1800,0.0000
6,69.2979,19.5806,7.1800,0.0000
0,69.2979,19.5806,7.1800,0.0000
1,502.1085,19.5806,7.1800,0.0000
2,351.4760,19.5806,7.1800,0.0000
3,246.0332,19.5806,7.1800,0.0000
4,172.2232,19.5806,7.1800,0.0000
5,120.5563,19.5806,7.1800,0.0000
6,84.3894,19.5806,7.1800,0.0000
0,84.3894,19.5806,7.1800,0.0000
1,856.1726,19.5806,7.1800,0.0000
2,599.3208,19.5806,7.1800,0.0000
3,419.5246,19.5806,7.1800,0.0000
4,293.6672,19.5806,7.1800,0.0000
5,205.5670,19.5806,7.1800,0.0000
6,205.5670,19.5806,5.0260,0.0000
0,205.5670,19.5806,5.0260,0.0000
1,205.5670,19.5806,5.0260,0.0000
2,419.8969,19.5806,5.0260,0.0000
3,419.8969,13.7064,5.0260,0.0000
4,293.9278,13.7064,5.0260,0.0000
5,293.9278,13.7064,5.0260,0.0000
6,205.7495,13.7064,5.0260,0.0000
7,144.0246,13.7064,5.0260,0.0000
0,144.0246,13.7064,5.0260,0.0000
1,327.6173,13.7064,5.0260,0.0000
2,229.3321,13.7064,5.0260,0.0000
3,160.5325,13.7064,5.0260,0.0000
4,112.3727,13.7064,5.0260,0.0000
5,78.6609,13.7064,5.0260,0.0000
6,55.0626,13.7064,5.0260,0.0000
0,55.0626,13.7064,5.0260,0.0000
1,223.9438,13.7064,5.0260,0.0000
2,156.7607,13.7064,5.0260,0.0000
3,156.7607,13.7064,5.0260,0.0000
4,109.7325,13.7064,5.0260,0.0000
5,76.8127,13.7064,5.0260,0.0000
6,53.7689,13.7064,5.0260,0.0000
0,53.7689,13.7064,5.0260,0.0000
1,118.6382,13.7064,5.0260,0.0000
2,83.0468,13.7064,5.0260,0.0000
3,58.1327,13.7064,5.0260,0.0000
4,40.6929,13.7064,5.0260,0.0000
5,28.4850,13.7064,5.0260,0.0000
6,19.9395,13.7064,5.0260,0.0000
0,19.9395,13.7064,5.0260,0.0000
1,133.0577,13.7064,5.0260,0.0000
2,133.0577,13.7064,3.5182,0.0000
3,93.1404,13.7064,3.5182,0.0000
4,65.1983,13.7064,3.5182,0.0000
5,45.6388,13.7064,3.5182,0.0000
6,31.9471,13.7064,3.5182,0.0000
0,31.9471,13.7064,3.5182,0.0000
1,531.7630,13.7064,3.5182,0.0000
2,531.7630,13.7064,3.5182,0.0000
3,372.2341,13.7064,3.5182,0.0000
4,260.5639,13.7064,3.5182,0.0000
5,182.3947,13.7064,3.5182,0.0000
6,182.3947,13.7064,2.4627,0.0000
0,182.3947,13.7064,2.4627,0.0000
1,182.3947,13.7064,2.4627,0.0000
2,333.1763,13.7064,2.4627,0.0000
3,233.2234,13.7064,2.4627,0.0000
4,163.2564,13.7064,2.4627,0.0000
5,114.2795,13.7064,2.4627,0.0000
6,79.9956,13.7064,2.4627,0.0000
7,55.9969,13.7064,2.4627,0.0000
0,55.9969,13.7064,2.4627,0.0000
1,634.3979,13.7064,2.4627,0.0000
2,444.0785,13.7064,2.4627,0.0000
3,444.0785,13.7064,2.4627,0.0000
4,310.8550,13.7064,2.4627,0.0000
5,217.5985,13.7064,2.4627,0.0000
6,217.5985,13.7064,2.4627,0.0000
0,217.5985,13.7064,2.4627,0.0000
1,200.9189,13.7064,2.4627,0.0000
2,140.6432,13.7064,2.4627,0.0000
3,98.4503,13.7064,2.4627,0.0000
4,68.9152,13.7064,2.4627,0.0000
5,48.2406,13.7064,2.4627,0.0000
6,33.7684,13.7064,2.4627,0.0000
0,33.7684,13.7064,2.4627,0.0000
1,33.7684,235.7945,2.4627,0.0000
2,33.7684,165.0562,2.4627,0.0000
3,33.7684,115.5393,2.4627,0.0000
4,33.7684,80.8775,2.4627,0.0000
5,33.7684,56.6143,2.4627,0.0000
6,33.7684,39.6300,2.4627,0.0000
0,33.7684,39.6300,2.4627,0.0000
1,33.7684,87.1410,2.4627,0.0000
2,33.7684,60.9987,2.4627,0.0000
3,33.7684,42.6991,2.4627,0.0000
4,33.7684,42.6991,2.4627,0.0000
5,33.7684,29.8894,2.4627,0.0000
6,234.2379,29.8894,2.4627,0.0000
7,163.9665,29.8894,2.4627,0.0000
8,114.7766,29.8894,2.4627,0.0000
9,80.3436,29.8894,2.4627,0.0000
10,56.2405,29.8894,2.4627,0.0000
0,56.2405,29.8894,2.4627,0.0000
1,167.4684,29.8894,2.4627,0.0000
2,117.2279,29.8894,2.4627,0.0000
3,82.0595,29.8894,2.4627,0.0000
4,57.4416,29.8894,2.4627,0.0000
5,40.2092,29.8894,2.4627,0.0000
6,28.1464,29.8894,2.4627,0.0000
0,28.1464,29.8894,2.4627,0.0000
1,28.1464,149.3226,2.4627,0.0000
2,28.1464,104.5258,2.4627,0.0000
3,62.0025,104.5258,2.4627,0.0000
4,62.0025,73.1681,2.4627,0.0000
5,43.4017,73.1681,2.4627,0.0000
6,30.3812,73.1681,2.4627,0.0000
7,21.2669,73.1681,2.4627,0.0000
8,21.2669,51.2176,2.4627,0.0000
0,21.2669,51.2176,2.4627,0.0000
1,21.2669,51.2176,2.4627,0.0000
2,21.2669,71.5523,2.4627,0.0000
3,21.2669,50.0866,2.4627,0.0000
4,21.2669,35.0606,2.4627,0.0000
5,21.2669,24.5425,2.4627,0.0000
6,221.8868,24.5425,2.4627,0.0000
7,221.8868,17.1797,2.4627,0.0000
8,155.3208,17.1797,2.4627,0.0000
9,108.7245,17.1797,2.4627,0.0000
10,76.1072,17.1797,2.4627,0.0000
0,76.1072,17.1797,2.4627,0.0000
1,104.5750,17.1797,2.4627,0.0000
2,73.2025,17.1797,2.4627,0.0000
3,51.2418,17.1797,2.4627,0.0000
4,51.2418,12.0258,2.4627,0.0000
5,35.8692,12.0258,2.4627,0.0000
6,25.1085,12.0258,2.4627,0.0000
0,25.1085,12.0258,2.4627,0.0000
1,286.9759,12.0258,2.4627,0.0000
2,200.8831,12.0258,2.4627,0.0000
3,140.6182,12.0258,2.4627,0.0000
4,98.4327,12.0258,2.4627,0.0000
5,68.9029,12.0258,2.4627,0.0000
6,48.2320,12.0258,2.4627,0.0000
0,48.2320,12.0258,2.4627,0.0000
1,321.1624,12.0258,2.4627,0.0000
2,224.8137,12.0258,2.4627,0.0000
3,157.3696,12.0258,2.4627,0.0000
4,110.1587,12.0258,2.4627,0.0000
5,77.1111,12.0258,2.4627,0.0000
6,53.9778,12.0258,2.4627,0.0000
0,53.9778,12.0258,2.4627,0.0000
1,353.6844,12.0258,2.4627,0.0000
2,247.5791,12.0258,2.4627,0.0000
3,173.3054,12.0258,2.4627,0.0000
4,121.3138,12.0258,2.4627,0.0000
5,121.3138,12.0258,2.4627,0.0000
6,121.3138,8.4181,2.4627,0.0000
0,121.3138,8.4181,2.4627,0.0000
1,557.4196,8.4181,2.4627,0.0000
2,390.1937,8.4181,2.4627,0.0000
3,273.1356,8.4181,2.4627,0.0000
4,191.1949,8.4181,2.4627,0.0000
5,133.8365,8.4181,2.4627,0.0000
6,93.6855,8.4181,2.4627,0.0000
0,93.6855,8.4181,2.4627,0.0000
1,99.7799,8.4181,2.4627,0.0000
2,69.8459,8.4181,2.4627,0.0000
3,48.8921,8.4181,2.4627,0.0000
4,34.2245,8.4181,2.4627,0.0000
5,23.9571,8.4181,2.4627,0.0000
6,16.7700,8.4181,2.4627,0.0000
0,16.7700,8.4181,2.4627,0.0000
1,132.6390,8.4181,2.4627,0.0000
2,92.8473,8.4181,2.4627,0.0000
3,64.9931,8.4181,2.4627,0.0000
4,45.4952,8.4181,2.4627,0.0000
5,31.8466,8.4181,2.4627,0.0000
6,22.2926,8.4181,2.4627,0.0000
0,22.2926,8.4181,2.4627,0.0000
1,371.1048,8.4181,2.4627,0.0000
2,259.7734,8.4181,2.4627,0.0000
3,259.7734,5.8926,2.4627,0.0000
4,181.8414,5.8926,2.4627,0.0000
5,127.2890,5.8926,2.4627,0.0000
6,127.2890,4.1249,2.4627,0.0000
0,127.2890,4.1249,2.4627,0.0000
1,554.1023,4.1249,2.4627,0.0000
2,387.8716,4.1249,2.4627,0.0000
3,387.8716,2.8874,2.4627,0.0000
4,271.5101,2.8874,2.4627,0.0000
5,190.0571,2.8874,2.4627,0.0000
6,190.0571,2.0212,2.4627,0.0000
0,190.0571,2.0212,2.4627,0.0000
1,592.6400,2.0212,2.4627,0.0000
2,414.8480,2.0212,2.4627,0.0000
3,290.3936,2.0212,2.4627,0.0000
4,203.2755,2.0212,2.4627,0.0000
5,142.2929,2.0212,2.4627,0.0000
6,99.6050,2.0212,2.4627,0.0000
0,99.6050,2.0212,2.4627,0.0000
1,240.7235,2.0212,2.4627,0.0000
2,168.5064,2.0212,2.4627,0.0000
3,117.9545,2.0212,2.4627,0.0000
4,82.5682,2.0212,2.4627,0.0000
5,57.7977,2.0212,2.4627,0.0000
6,40.4584,2.0212,2.4627,0.0000
0,40.4584,2.0212,2.4627,0.0000
1,293.8209,2.0212,2.4627,0.0000
2,205.6746,2.0212,2.4627,0.0000
3,143.9722,2.0212,2.4627,0.0000
4,100.7806,2.0212,2.4627,0.0000
5,70.5464,2.0212,2.4627,0.0000
6,49.3825,2.0212,2.4627,0.0000
0,49.3825,2.0212,2.4627,0.0000
1,49.3825,2.0212,1.7239,0.0000
2,196.2677,2.0212,1.7239,0.0000
3,137.3874,2.0212,1.7239,0.0000
4,96.1712,2.0212,1.7239,0.0000
5,67.3198,2.0212,1.7239,0.0000
6,47.1239,2.0212,1.7239,0.0000
7,32.9867,2.0212,1.7239,0.0000
0,32.9867,2.0212,1.7239,0.0000
1,32.9867,369.8148,1.7239,0.0000
2,32.9867,369.8148,1.2067,0.0000
3,32.9867,258.8704,1.2067,0.0000
4,32.9867,181.2093,1.2067,0.0000
5,32.9867,126.8465,1.2067,0.0000
6,32.9867,88.7925,1.2067,0.0000
0,32.9867,88.7925,1.2067,0.0000
1,324.2907,88.7925,1.2067,0.0000
2,227.0035,88.7925,1.2067,0.0000
3,158.9024,88.7925,1.2067,0.0000
4,111.2317,88.7925,1.2067,0.0000
5,77.8622,88.7925,1.2067,0.0000
6,77.8622,62.1548,1.2067,0.0000
0,77.8622,62.1548,1.2067,0.0000
1,54.5035,62.1548,1.2067,0.0000
2,54.5035,401.1083,1.2067,0.0000
3,54.5035,280.7758,1.2067,0.0000
4,54.5035,196.5431,1.2067,0.0000
5,54.5035,137.5802,1.2067,0.0000
6,54.5035,96.3061,1.2067,0.0000
7,54.5035,67.4143,1.2067,0.0000
0,54.5035,67.4143,1.2067,0.0000
1,54.5035,175.2900,1.2067,0.0000
2,54.5035,122.7030,1.2067,0.0000
3,54.5035,85.8921,1.2067,0.0000
4,54.5035,60.1245,1.2067,0.0000
5,54.5035,42.0871,1.2067,0.0000
6,319.2525,42.0871,1.2067,0.0000
7,223.4767,42.0871,1.2067,0.0000
8,156.4337,42.0871,1.2067,0.0000
9,109.5036,42.0871,1.2067,0.0000
10,76.6525,42.0871,1.2067,0.0000
0,76.6525,42.0871,1.2067,0.0000
1,118.4568,42.0871,1.2067,0.0000
2,82.9197,42.0871,1.2067,0.0000
3,58.0438,42.0871,1.2067,0.0000
4,40.6307,42.0871,1.2067,0.0000
5,40.6307,29.4610,1.2067,0.0000
6,28.4415,29.4610,1.2067,0.0000
0,28.4415,29.4610,1.2067,0.0000
1,28.4415,236.9227,1.2067,0.0000
2,231.1090,236.9227,1.2067,0.0000
3,231.1090,165.8459,1.2067,0.0000
4,161.7763,165.8459,1.2067,0.0000
5,161.7763,116.0921,1.2067,0.0000
6,113.2434,116.0921,1.2067,0.0000
7,113.2434,81.2645,1.2067,0.0000
0,113.2434,81.2645,1.2067,0.0000
1,113.2434,106.6851,1.2067,0.0000
2,209.4704,106.6851,1.2067,0.0000
3,146.6293,106.6851,1.2067,0.0000
4,102.6405,106.6851,1.2067,0.0000
5,102.6405,74.6796,1.2067,0.0000
6,71.8483,74.6796,1.2067,0.0000
7,71.8483,52.2757,1.2067,0.0000
0,71.8483,52.2757,1.2067,0.0000
1,266.2938,52.2757,1.2067,0.0000
2,186.4057,52.2757,1.2067,0.0000
3,130.4840,52.2757,1.2067,0.0000
4,91.3388,52.2757,1.2067,0.0000
5,63.9372,52.2757,1.2067,0.0000
6,44.7560,52.2757,1.2067,0.0000
0,44.7560,52.2757,1.2067,0.0000
1,44.7560,77.3930,1.2067,0.0000
2,44.7560,54.1751,1.2067,0.0000
3,44.7560,37.9226,1.2067,0.0000
4,345.1292,37.9226,1.2067,0.0000
5,241.5904,37.9226,1.2067,0.0000
6,169.1133,37.9226,1.2067,0.0000
7,169.1133,26.5458,1.2067,0.0000
8,118.3793,26.5458,1.2067,0.0000
9,82.8655,26.5458,1.2067,0.0000
0,82.8655,26.5458,1.2067,0.0000
1,471.1059,26.5458,1.2067,0.0000
2,329.7741,26.5458,1.2067,0.0000
3,230.8419,26.5458,1.2067,0.0000
4,161.5893,26.5458,1.2067,0.0000
5,113.1125,26.5458,1.2067,0.0000
6,79.1788,26.5458,1.2067,0.0000
0,79.1788,26.5458,1.2067,0.0000
1,613.4251,26.5458,1.2067,0.0000
2,429.3976,26.5458,1.2067,0.0000
3,300.5783,26.5458,1.2067,0.0000
4,210.4048,26.5458,1.2067,0.0000
5,147.2834,26.5458,1.2067,0.0000
6,103.0984,26.5458,1.2067,0.0000
0,103.0984,26.5458,1.2067,0.0000
1,466.0689,26.5458,1.2067,0.0000
2,326.2482,26.5458,1.2067,0.0000
3,228.3737,26.5458,1.2067,0.0000
4,159.8616,26.5458,1.2067,0.0000
5,111.9031,26.5458,1.2067,0.0000
6,111.9031,18.5821,1.2067,0.0000
0,111.9031,18.5821,1.2067,0.0000
1,749.7322,18.5821,1.2067,0.0000
2,524.8125,18.5821,1.2067,0.0000
3,367.3688,18.5821,1.2067,0.0000
4,257.1581,18.5821,1.2067,0.0000
5,180.0107,18.5821,1.2067,0.0000
6,126.0075,18.5821,1.2067,0.0000
0,126.0075,18.5821,1.2067,0.0000
1,1203.0052,18.5821,1.2067,0.0000
2,842.1037,18.5821,1.2067,0.0000
3,589.4726,18.5821,1.2067,0.0000
4,412.6308,18.5821,1.2067,0.0000
5,288.8416,18.5821,1.2067,0.0000
6,202.1891,18.5821,1.2067,0.0000
0,202.1891,18.5821,1.2067,0.0000
1,255.5324,18.5821,1.2067,0.0000
2,255.5324,18.5821,1.2067,0.0000
3,178.8727,18.5821,1.2067,0.0000
4,125.2109,18.5821,1.2067,0.0000
5,87.6476,18.5821,1.2067,0.0000
6,61.3533,18.5821,1.2067,0.0000
0,61.3533,18.5821,1.2067,0.0000
1,402.9473,18.5821,1.2067,0.0000
2,282.0631,18.5821,1.2067,0.0000
3,197.4442,18.5821,1.2067,0.0000
4,138.2109,18.5821,1.2067,0.0000
5,96.7477,18.5821,1.2067,0.0000
6,67.7234,18.5821,1.2067,0.0000
0,67.7234,18.5821,1.2067,0.0000
1,571.8063,18.5821,1.2067,0.0000
2,400.2644,18.5821,1.2067,0.0000
3,280.1851,18.5821,1.2067,0.0000
4,196.1296,18.5821,1.2067,0.0000
5,137.2907,18.5821,1.2067,0.0000
6,96.1035,18.5821,1.2067,0.0000
0,96.1035,18.5821,1.2067,0.0000
1,522.6724,18.5821,1.2067,0.0000
2,365.8707,18.5821,1.2067,0.0000
3,256.1095,18.5821,1.2067,0.0000
4,179.2766,18.5821,1.2067,0.0000
5,125.4937,18.5821,1.2067,0.0000
6,125.4937,53.5074,1.2067,0.0000
7,87.8456,53.5074,1.2067,0.0000
8,61.4919,53.5074,1.2067,0.0000
9,43.0443,53.5074,1.2067,0.0000
10,43.0443,37.4552,1.2067,0.0000
0,43.0443,37.4552,1.2067,0.0000
1,43.0443,37.4552,989.6447,0.0000
2,43.0443,37.4552,692.7513,0.0000
3,465.4310,37.4552,692.7513,0.0000
4,465.4310,37.4552,632.2259,0.0000
5,465.4310,37.4552,442.5581,0.0000
6,421.2017,37.4552,442.5581,0.0000
7,421.2017,37.4552,309.7907,0.0000
8,294.8412,37.4552,309.7907,0.0000
9,294.8412,37.4552,216.8535,0.0000
10,206.3888,37.4552,216.8535,0.0000
0,206.3888,37.4552,216.8535,0.0000
1,241.9722,37.4552,216.8535,0.0000
2,169.3805,37.4552,216.8535,0.0000
3,169.3805,37.4552,151.7974,0.0000
4,118.5664,37.4552,151.7974,0.0000
5,118.5664,37.4552,106.2582,0.0000
6,82.9965,37.4552,106.2582,0.0000
0,82.9965,37.4552,106.2582,0.0000
1,82.9965,37.4552,406.4807,0.0000
2,82.9965,37.4552,284.5365,0.0000
3,82.9965,37.4552,199.1756,0.0000
4,82.9965,37.4552,139.4229,0.0000
5,82.9965,37.4552,97.5960,0.0000
6,82.9965,37.4552,68.3172,0.0000
0,82.9965,37.4552,68.3172,0.0000
1,359.2975,37.4552,68.3172,0.0000
2,359.2975,37.4552,47.8221,0.0000
3,251.5083,37.4552,47.8221,0.0000
4,176.0558,37.4552,47.8221,0.0000
5,123.2391,37.4552,47.8221,0.0000
6,86.2673,37.4552,47.8221,0.0000
0,86.2673,37.4552,47.8221,0.0000
1,175.5871,37.4552,47.8221,0.0000
2,122.9110,37.4552,47.8221,0.0000
3,86.0377,37.4552,47.8221,0.0000
4,60.2264,37.4552,47.8221,0.0000
5,42.1585,37.4552,47.8221,0.0000
6,42.1585,37.4552,33.4754,0.0000
0,42.1585,37.4552,33.4754,0.0000
1,369.1109,37.4552,33.4754,0.0000
2,258.3777,37.4552,33.4754,0.0000
3,180.8644,37.4552,33.4754,0.0000
4,126.6050,37.4552,33.4754,0.0000
5,88.6235,37.4552,33.4754,0.0000
6,62.0365,37.4552,33.4754,0.0000
0,62.0365,37.4552,33.4754,0.0000
1,328.4255,37.4552,33.4754,0.0000
2,229.8979,37.4552,33.4754,0.0000
3,160.9285,37.4552,33.4754,0.0000
4,112.6500,37.4552,33.4754,0.0000
5,78.8550,37.4552,33.4754,0.0000
6,55.1985,37.4552,33.4754,0.0000
0,55.1985,37.4552,33.4754,0.0000
1,358.1389,37.4552,33.4754,0.0000
2,250.6973,37.4552,33.4754,0.0000
3,175.4881,37.4552,33.4754,0.0000
4,122.8417,37.4552,33.4754,0.0000
5,85.9892,37.4552,33.4754,0.0000
6,60.1924,37.4552,33.4754,0.0000
0,60.1924,37.4552,33.4754,0.0000
1,387.1347,37.4552,33.4754,0.0000
2,270.9943,37.4552,33.4754,0.0000
3,189.6960,37.4552,33.4754,0.0000
4,132.7872,37.4552,33.4754,0.0000
5,92.9510,37.4552,33.4754,0.0000
6,65.0657,37.4552,33.4754,0.0000
0,65.0657,37.4552,33.4754,0.0000
1,240.5460,37.4552,33.4754,0.0000
2,168.3822,37.4552,33.4754,0.0000
3,117.8675,37.4552,33.4754,0.0000
4,82.5073,37.4552,33.4754,0.0000
5,82.5073,39.1186,33.4754,0.0000
6,57.7551,39.1186,33.4754,0.0000
7,57.7551,39.1186,23.4328,0.0000
8,40.4286,39.1186,23.4328,0.0000
9,28.3000,39.1186,23.4328,0.0000
10,28.3000,39.1186,16.4030,0.0000
0,28.3000,39.1186,16.4030,0.0000
1,28.3000,82.5831,16.4030,0.0000
2,28.3000,57.8081,16.4030,0.0000
3,28.3000,40.4657,16.4030,0.0000
4,28.3000,40.4657,11.4821,0.0000
5,28.3000,28.3260,11.4821,0.0000
6,28.3000,19.8282,11.4821,0.0000
0,28.3000,19.8282,11.4821,0.0000
1,71.7100,19.8282,11.4821,0.0000
2,71.7100,13.8797,11.4821,0.0000
3,50.1970,13.8797,11.4821,0.0000
4,35.1379,13.8797,11.4821,0.0000
5,24.5965,13.8797,11.4821,0.0000
6,17.2176,13.8797,11.4821,0.0000
0,17.2176,13.8797,11.4821,0.0000
1,152.4523,13.8797,11.4821,0.0000
2,106.7166,13.8797,11.4821,0.0000
3,74.7016,13.8797,11.4821,0.0000
4,74.7016,13.8797,11.4821,0.0000
5,52.2911,13.8797,11.4821,0.0000
6,36.6038,13.8797,11.4821,0.0000
0,36.6038,13.8797,11.4821,0.0000
1,36.6038,118.0158,11.4821,0.0000
2,36.6038,82.6111,11.4821,0.0000
3,36.6038,57.8277,11.4821,0.0000
4,36.6038,40.4794,11.4821,0.0000
5,182.5227,40.4794,11.4821,0.0000
6,127.7659,40.4794,11.4821,0.0000
7,89.4361,40.4794,11.4821,0.0000
8,62.6053,40.4794,11.4821,0.0000
9,43.8237,40.4794,11.4821,0.0000
10,30.6766,40.4794,11.4821,0.0000
0,30.6766,40.4794,11.4821,0.0000
1,30.6766,314.5356,11.4821,0.0000
2,30.6766,220.1749,11.4821,0.0000
3,30.6766,154.1224,11.4821,0.0000
4,30.6766,107.8857,11.4821,0.0000
5,30.6766,107.8857,16.4375,0.0000
6,30.6766,80.9200,16.4375,0.0000
7,30.6766