iter,LS1,LS2,LS3,LS4
0,0.5000,0.5000,0.5000,0.5000
1,0.5000,0.5000,414.6500,0.5000
2,0.5000,0.5000,290.2550,0.5000
3,0.5000,0.5000,203.1785,0.5000
4,0.5000,0.5000,142.2249,0.5000
5,0.5000,0.5000,142.2249,0.3500
6,0.5000,0.5000,99.5575,0.3500
0,0.5000,0.5000,99.5575,0.3500
1,0.5000,0.5000,196.8902,0.3500
2,0.5000,0.5000,137.8232,0.3500
3,0.5000,0.5000,96.4762,0.3500
4,0.5000,0.5000,67.5333,0.3500
5,0.5000,0.5000,47.2733,0.3500
6,0.5000,0.5000,33.0913,0.3500
0,0.5000,0.5000,33.0913,0.3500
1,0.5000,0.5000,80.4639,0.3500
2,0.5000,0.5000,56.3248,0.3500
3,0.5000,0.5000,39.4273,0.3500
4,0.5000,0.5000,27.5991,0.3500
5,0.5000,0.5000,19.3194,0.3500
6,0.5000,0.5000,13.5236,0.3500
0,0.5000,0.5000,13.5236,0.3500
1,0.5000,0.5000,130.3665,0.3500
2,0.5000,0.5000,91.2566,0.3500
3,0.5000,0.5000,63.8796,0.3500
4,0.5000,0.5000,44.7157,0.3500
5,0.5000,0.5000,31.3010,0.3500
6,0.5000,0.5000,21.9107,0.3500
0,0.5000,0.5000,21.9107,0.3500
1,0.5000,0.5000,121.5375,0.3500
2,0.5000,0.5000,85.0762,0.3500
3,0.5000,0.5000,59.5534,0.3500
4,0.5000,132.0500,59.5534,0.3500
5,0.5000,92.4350,59.5534,0.3500
6,0.5000,64.7045,59.5534,0.3500
7,0.5000,64.7045,110.6874,0.3500
8,0.5000,64.7045,77.4812,0.3500
9,0.5000,64.7045,54.2368,0.3500
10,0.5000,45.2931,54.2368,0.3500
0,0.5000,45.2931,54.2368,0.3500
1,0.5000,45.2931,145.9658,0.3500
2,0.5000,45.2931,102.1760,0.3500
3,0.5000,45.2931,71.5232,0.3500
4,0.5000,45.2931,50.0663,0.3500
5,0.5000,45.2931,35.0464,0.3500
6,0.5000,31.7052,35.0464,0.3500
0,0.5000,31.7052,35.0464,0.3500
1,0.5000,31.7052,213.5325,0.3500
2,0.5000,31.7052,149.4727,0.3500
3,0.5000,31.7052,104.6309,0.3500
4,0.5000,31.7052,73.2416,0.3500
5,0.5000,22.1936,73.2416,0.3500
6,0.5000,22.1936,51.2691,0.3500
0,0.5000,22.1936,51.2691,0.3500
1,0.5000,22.1936,35.8884,0.3500
2,0.5000,22.1936,25.1219,0.3500
3,0.5000,22.1936,25.1219,0.2450
4,0.5000,22.1936,17.5853,0.2450
5,0.5000,15.5356,17.5853,0.2450
0,0.5000,15.5356,17.5853,0.2450
1,0.5000,15.5356,12.3097,0.2450
2,0.5000,235.5749,12.3097,0.2450
3,0.5000,164.9024,12.3097,0.2450
4,0.5000,115.4317,12.3097,0.2450
5,0.5000,80.8022,12.3097,0.2450
6,0.5000,56.5615,12.3097,0.2450
7,0.5000,39.5931,12.3097,0.2450
0,0.5000,39.5931,12.3097,0.2450
1,0.5000,485.2151,12.3097,0.2450
2,0.5000,339.6506,12.3097,0.2450
3,0.5000,237.7554,12.3097,0.2450
4,0.5000,166.4288,12.3097,0.2450
5,0.5000,116.5002,12.3097,0.2450
6,0.5000,81.5501,12.3097,0.2450
0,0.5000,81.5501,12.3097,0.2450
1,0.5000,287.7851,12.3097,0.2450
2,0.5000,201.4496,12.3097,0.2450
3,0.5000,141.0147,12.3097,0.2450
4,0.5000,98.7103,12.3097,0.2450
5,0.5000,69.0972,12.3097,0.2450
6,0.5000,48.3680,12.3097,0.2450
0,0.5000,48.3680,12.3097,0.2450
1,0.5000,75.2576,12.3097,0.2450
2,0.5000,52.6803,12.3097,0.2450
3,0.5000,36.8762,12.3097,0.2450
4,0.5000,25.8134,12.3097,0.2450
5,0.5000,18.0694,12.3097,0.2450
6,0.5000,12.6485,12.3097,0.2450
0,0.5000,12.6485,12.3097,0.2450
1,0.5000,487.9540,12.3097,0.2450
2,0.5000,341.5678,12.3097,0.2450
3,0.5000,239.0975,12.3097,0.2450
4,0.5000,167.3682,12.3097,0.2450
5,0.5000,117.1578,12.3097,0.2450
6,0.5000,82.0104,12.3097,0.2450
0,0.5000,82.0104,12.3097,0.2450
1,0.5000,407.5073,12.3097,0.2450
2,0.5000,285.2551,12.3097,0.2450
3,0.5000,199.6786,12.3097,0.2450
4,0.5000,139.7750,12.3097,0.2450
5,0.5000,97.8425,12.3097,0.2450
6,0.5000,97.8425,38.6168,0.2450
7,447.0500,97.8425,38.6168,0.2450
8,312.9350,97.8425,38.6168,0.2450
9,219.0545,97.8425,38.6168,0.2450
10,153.3382,97.8425,38.6168,0.2450
0,153.3382,97.8425,38.6168,0.2450
1,119.9367,97.8425,38.6168,0.2450
2,83.9557,97.8425,38.6168,0.2450
3,83.9557,97.8425,27.0318,0.2450
4,83.9557,68.4898,27.0318,0.2450
5,58.7690,68.4898,27.0318,0.2450
6,58.7690,47.9428,27.0318,0.2450
0,58.7690,47.9428,27.0318,0.2450
1,117.0383,47.9428,27.0318,0.2450
2,81.9268,47.9428,27.0318,0.2450
3,57.3488,47.9428,27.0318,0.2450
4,40.1441,47.9428,27.0318,0.2450
5,40.1441,47.9428,27.0318,0.1715
6,40.1441,33.5600,27.0318,0.1715
0,40.1441,33.5600,27.0318,0.1715
1,123.2009,33.5600,27.0318,0.1715
2,86.2406,33.5600,27.0318,0.1715
3,60.3684,33.5600,27.0318,0.1715
4,60.3684,33.5600,27.0318,0.1200
5,42.2579,33.5600,27.0318,0.1200
6,29.5805,33.5600,27.0318,0.1200
0,29.5805,33.5600,27.0318,0.1200
1,29.5805,203.1920,27.0318,0.1200
2,29.5805,142.2344,27.0318,0.1200
3,29.5805,99.5641,27.0318,0.1200
4,29.5805,69.6949,27.0318,0.1200
5,29.5805,48.7864,27.0318,0.1200
6,29.5805,34.1505,27.0318,0.1200
0,29.5805,34.1505,27.0318,0.1200
1,29.5805,83.3053,27.0318,0.1200
2,29.5805,83.3053,114.3222,0.1200
3,29.5805,83.3053,80.0256,0.1200
4,29.5805,58.3137,80.0256,0.1200
5,29.5805,58.3137,56.0179,0.1200
6,29.5805,40.8196,56.0179,0.1200
7,29.5805,40.8196,39.2125,0.1200
0,29.5805,40.8196,39.2125,0.1200
1,29.5805,28.5737,39.2125,0.1200
2,29.5805,28.5737,147.4488,0.1200
3,29.5805,28.5737,103.2141,0.1200
4,29.5805,28.5737,72.2499,0.1200
5,29.5805,20.0016,72.2499,0.1200
6,29.5805,20.0016,50.5749,0.1200
7,29.5805,20.0016,35.4024,0.1200
0,29.5805,20.0016,35.4024,0.1200
1,29.5805,20.0016,318.7817,0.1200
2,29.5805,20.0016,223.1472,0.1200
3,73.5064,20.0016,223.1472,0.1200
4,73.5064,20.0016,156.2030,0.1200
5,73.5064,20.0016,109.3421,0.1200
6,73.5064,20.0016,76.5395,0.1200
7,73.5064,20.0016,53.5776,0.1200
8,51.4545,20.0016,53.5776,0.1200
0,51.4545,20.0016,53.5776,0.1200
1,51.4545,93.5011,53.5776,0.1200
2,405.9181,93.5011,53.5776,0.1200
3,284.1427,93.5011,53.5776,0.1200
4,198.8999,93.5011,53.5776,0.1200
5,139.2299,93.5011,53.5776,0.1200
6,97.4609,93.5011,53.5776,0.1200
7,68.2227,93.5011,53.5776,0.1200
0,68.2227,93.5011,53.5776,0.1200
1,551.7559,93.5011,53.5776,0.1200
2,386.2291,93.5011,53.5776,0.1200
3,386.2291,93.5011,53.5776,0.0840
4,270.3604,93.5011,53.5776,0.0840
5,189.2523,93.5011,53.5776,0.0840
6,132.4766,93.5011,53.5776,0.0840
0,132.4766,93.5011,53.5776,0.0840
1,1147.8336,93.5011,53.5776,0.0840
2,803.4835,93.5011,53.5776,0.0840
3,803.4835,65.4508,53.5776,0.0840
4,562.4385,65.4508,53.5776,0.0840
5,393.7069,65.4508,53.5776,0.0840
6,393.7069,65.4508,37.5043,0.0840
0,393.7069,65.4508,37.5043,0.0840
1,393.7069,194.6156,37.5043,0.0840
2,393.7069,136.2309,37.5043,0.0840
3,321.7948,136.2309,37.5043,0.0840
4,225.2564,136.2309,37.5043,0.0840
5,157.6795,136.2309,37.5043,0.0840
6,110.3756,136.2309,37.5043,0.0840
7,110.3756,95.3616,37.5043,0.0840
8,77.2629,95.3616,37.5043,0.0840
0,77.2629,95.3616,37.5043,0.0840
1,77.2629,67.6531,37.5043,0.0840
2,138.6841,67.6531,37.5043,0.0840
3,97.0788,67.6531,37.5043,0.0840
4,67.9552,67.6531,37.5043,0.0840
5,47.5686,67.6531,37.5043,0.0840
6,47.5686,47.3572,37.5043,0.0840
7,33.2980,47.3572,37.5043,0.0840
0,33.2980,47.3572,37.5043,0.0840
1,33.2980,115.9500,37.5043,0.0840
2,33.2980,81.1650,37.5043,0.0840
3,33.2980,56.8155,37.5043,0.0840
4,33.2980,39.7709,37.5043,0.0840
5,33.2980,27.8396,37.5043,0.0840
6,33.2980,27.8396,26.2530,0.0840
0,33.2980,27.8396,26.2530,0.0840
1,402.2086,27.8396,26.2530,0.0840
2,281.5460,27.8396,26.2530,0.0840
3,197.0822,27.8396,26.2530,0.0840
4,137.9576,27.8396,26.2530,0.0840
5,96.5703,27.8396,26.2530,0.0840
6,67.5992,27.8396,26.2530,0.0840
0,67.5992,27.8396,26.2530,0.0840
1,335.0194,27.8396,26.2530,0.0840
2,335.0194,19.4877,26.2530,0.0840
3,234.5136,19.4877,26.2530,0.0840
4,234.5136,13.6414,26.2530,0.0840
5,164.1595,13.6414,26.2530,0.0840
6,114.9117,13.6414,26.2530,0.0840
0,114.9117,13.6414,26.2530,0.0840
1,206.4382,13.6414,26.2530,0.0840
2,144.5067,13.6414,26.2530,0.0840
3,101.1547,13.6414,26.2530,0.0840
4,70.8083,13.6414,26.2530,0.0840
5,70.8083,13.6414,26.2530,0.0588
6,49.5658,13.6414,26.2530,0.0588
0,49.5658,13.6414,26.2530,0.0588
1,97.6961,13.6414,26.2530,0.0588
2,68.3872,13.6414,26.2530,0.0588
3,47.8711,13.6414,26.2530,0.0588
4,47.8711,13.6414,18.3771,0.0588
5,33.5097,13.6414,18.3771,0.0588
6,23.4568,13.6414,18.3771,0.0588
0,23.4568,13.6414,18.3771,0.0588
1,244.7198,13.6414,18.3771,0.0588
2,171.3038,13.6414,18.3771,0.0588
3,119.9127,13.6414,18.3771,0.0588
4,119.9127,13.6414,18.8640,0.0588
5,83.9389,13.6414,18.8640,0.0588
6,58.7572,13.6414,18.8640,0.0588
7,41.1301,13.6414,18.8640,0.0588
8,28.7910,13.6414,18.8640,0.0588
9,20.1537,13.6414,18.8640,0.0588
0,20.1537,13.6414,18.8640,0.0588
1,253.5076,13.6414,18.8640,0.0588
2,177.4553,13.6414,18.8640,0.0588
3,124.2187,13.6414,18.8640,0.0588
4,86.9531,13.6414,18.8640,0.0588
5,60.8672,13.6414,18.8640,0.0588
6,42.6070,13.6414,18.8640,0.0588
0,42.6070,13.6414,18.8640,0.0588
1,314.5249,13.6414,18.8640,0.0588
2,314.5249,13.6414,13.2048,0.0588
3,220.1674,13.6414,13.2048,0.0588
4,154.1172,13.6414,13.2048,0.0588
5,154.1172,13.6414,13.2048,0.0412
6,154.1172,13.6414,13.2048,0.0288
0,154.1172,13.6414,13.2048,0.0288
1,283.6820,13.6414,13.2048,0.0288
2,198.5774,13.6414,13.2048,0.0288
3,139.0042,13.6414,13.2048,0.0288
4,97.3029,13.6414,13.2048,0.0288
5,68.1121,13.6414,13.2048,0.0288
6,47.6784,13.6414,13.2048,0.0288
0,47.6784,13.6414,13.2048,0.0288
1,271.5749,13.6414,13.2048,0.0288
2,190.1024,13.6414,13.2048,0.0288
3,133.0717,13.6414,13.2048,0.0288
4,93.1502,13.6414,13.2048,0.0288
5,93.1502,13.6414,9.2434,0.0288
6,65.2051,13.6414,9.2434,0.0288
0,65.2051,13.6414,9.2434,0.0288
1,270.6436,13.6414,9.2434,0.0288
2,189.4505,13.6414,9.2434,0.0288
3,132.6154,13.6414,9.2434,0.0288
4,92.8308,13.6414,9.2434,0.0288
5,64.9815,13.6414,9.2434,0.0288
6,45.4871,13.6414,9.2434,0.0288
0,45.4871,13.6414,9.2434,0.0288
1,377.7409,13.6414,9.2434,0.0288
2,264.4187,13.6414,9.2434,0.0288
3,264.4187,13.6414,9.2434,0.0202
4,185.0931,13.6414,9.2434,0.0202
5,185.0931,9.5490,9.2434,0.0202
6,129.5651,9.5490,9.2434,0.0202
0,129.5651,9.5490,9.2434,0.0202
1,594.3956,9.5490,9.2434,0.0202
2,416.0769,9.5490,9.2434,0.0202
3,291.2538,9.5490,9.2434,0.0202
4,203.8777,9.5490,9.2434,0.0202
5,142.7144,9.5490,9.2434,0.0202
6,99.9001,9.5490,9.2434,0.0202
0,99.9001,9.5490,9.2434,0.0202
1,866.7300,9.5490,9.2434,0.0202
2,606.7110,9.5490,9.2434,0.0202
3,424.6977,9.5490,9.2434,0.0202
4,424.6977,6.6843,9.2434,0.0202
5,297.2884,6.6843,9.2434,0.0202
6,208.1019,6.6843,9.2434,0.0202
0,208.1019,6.6843,9.2434,0.0202
1,274.3713,6.6843,9.2434,0.0202
2,192.0599,6.6843,9.2434,0.0202
3,134.4419,6.6843,9.2434,0.0202
4,94.1094,6.6843,9.2434,0.0202
5,65.8766,6.6843,9.2434,0.0202
6,46.1136,6.6843,9.2434,0.0202
0,46.1136,6.6843,9.2434,0.0202
1,195.7795,6.6843,9.2434,0.0202
2,137.0457,6.6843,9.2434,0.0202
3,95.9320,6.6843,9.2434,0.0202
4,67.1524,6.6843,9.2434,0.0202
5,47.0067,6.6843,9.2434,0.0202
6,32.9047,6.6843,9.2434,0.0202
0,32.9047,6.6843,9.2434,0.0202
1,92.0333,6.6843,9.2434,0.0202
2,64.4233,6.6843,9.2434,0.0202
3,45.0963,6.6843,9.2434,0.0202
4,31.5674,6.6843,9.2434,0.0202
5,22.0972,6.6843,9.2434,0.0202
6,15.4680,6.6843,9.2434,0.0202
0,15.4680,6.6843,9.2434,0.0202
1,396.0276,6.6843,9.2434,0.0202
2,277.2193,6.6843,9.2434,0.0202
3,194.0535,6.6843,9.2434,0.0202
4,135.8375,6.6843,9.2434,0.0202
5,95.0862,6.6843,9.2434,0.0202
6,66.5604,6.6843,9.2434,0.0202
0,66.5604,6.6843,9.2434,0.0202
1,497.4923,6.6843,9.2434,0.0202
2,348.2446,6.6843,9.2434,0.0202
3,348.2446,6.6843,9.2434,0.0141
4,348.2446,6.6843,9.2434,0.0099
5,243.7712,6.6843,9.2434,0.0099
6,170.6398,6.6843,9.2434,0.0099
0,170.6398,6.6843,9.2434,0.0099
1,810.9479,6.6843,9.2434,0.0099
2,567.6635,6.6843,9.2434,0.0099
3,567.6635,6.6843,9.2434,0.0069
4,397.3645,6.6843,9.2434,0.0069
5,278.1551,6.6843,9.2434,0.0069
6,194.7086,6.6843,9.2434,0.0069
0,194.7086,6.6843,9.2434,0.0069
1,569.4960,6.6843,9.2434,0.0069
2,398.6472,6.6843,9.2434,0.0069
3,279.0530,6.6843,9.2434,0.0069
4,195.3371,6.6843,9.2434,0.0069
5,136.7360,6.6843,9.2434,0.0069
6,95.7152,6.6843,9.2434,0.0069
0,95.7152,6.6843,9.2434,0.0069
1,340.0006,6.6843,9.2434,0.0069
2,340.0006,6.6843,9.2434,0.0048
3,238.0004,6.6843,9.2434,0.0048
4,166.6003,6.6843,9.2434,0.0048
5,116.6202,6.6843,9.2434,0.0048
6,81.6342,6.6843,9.2434,0.0048
0,81.6342,6.6843,9.2434,0.0048
1,81.6342,6.6843,211.3703,0.0048
2,343.0439,6.6843,211.3703,0.0048
3,240.1307,6.6843,211.3703,0.0048
4,168.0915,6.6843,211.3703,0.0048
5,168.0915,6.6843,198.0592,0.0048
6,168.0915,6.6843,138.6415,0.0048
7,117.6641,6.6843,138.6415,0.0048
8,117.6641,6.6843,97.0490,0.0048
9,82.3648,6.6843,97.0490,0.0048
10,82.3648,6.6843,67.9343,0.0048
0,82.3648,6.6843,67.9343,0.0048
1,72.6554,6.6843,67.9343,0.0048
2,50.8588,6.6843,67.9343,0.0048
3,50.8588,6.6843,47.5540,0.0048
4,35.6011,6.6843,47.5540,0.0048
5,35.6011,6.6843,33.2878,0.0048
6,24.9208,6.6843,33.2878,0.0048
0,24.9208,6.6843,33.2878,0.0048
1,24.9208,6.6843,41.9015,0.0048
2,24.9208,6.6843,29.3310,0.0048
3,24.9208,6.6843,20.5317,0.0048
4,111.0446,6.6843,20.5317,0.0048
5,77.7312,6.6843,20.5317,0.0048
6,54.4118,6.6843,20.5317,0.0048
7,54.4118,6.6843,15.8722,0.0048
8,38.0883,6.6843,15.8722,0.0048
9,26.6618,6.6843,15.8722,0.0048
10,18.6633,6.6843,15.8722,0.0048
0,18.6633,6.6843,15.8722,0.0048
1,31.0643,6.6843,15.8722,0.0048
2,21.7450,6.6843,15.8722,0.0048
3,15.2215,6.6843,15.8722,0.0048
4,15.2215,6.6843,11.1105,0.0048
5,10.6550,6.6843,11.1105,0.0048
6,10.6550,6.6843,7.7774,0.0048
0,10.6550,6.6843,7.7774,0.0048
1,65.6585,6.6843,7.7774,0.0048
2,45.9610,6.6843,7.7774,0.0048
3,32.1727,6.6843,7.7774,0.0048
4,22.5209,6.6843,7.7774,0.0048
5,15.7646,6.6843,7.7774,0.0048
6,11.0352,6.6843,7.7774,0.0048
0,11.0352,6.6843,7.7774,0.0048
1,102.5247,6.6843,7.7774,0.0048
2,71.7673,6.6843,7.7774,0.0048
3,50.2371,6.6843,7.7774,0.0048
4,35.1660,6.6843,7.7774,0.0048
5,24.6162,6.6843,7.7774,0.0048
6,17.2313,6.6843,7.7774,0.0048
0,17.2313,6.6843,7.7774,0.0048
1,17.2313,6.6843,5.4442,0.0048
2,35.4619,6.6843,5.4442,0.0048
3,24.8233,6.6843,5.4442,0.0048
4,17.3763,6.6843,5.4442,0.0048
5,12.1634,6.6843,5.4442,0.0048
6,8.5144,6.6843,5.4442,0.0048
7,5.9601,6.6843,5.4442,0.0048
0,5.9601,6.6843,5.4442,0.0048
1,5.9601,4.6790,5.4442,0.0048
2,116.3721,4.6790,5.4442,0.0048
3,81.4604,4.6790,5.4442,0.0048
4,57.0223,4.6790,5.4442,0.0048
5,39.9156,4.6790,5.4442,0.0048
6,27.9409,4.6790,5.4442,0.0048
7,19.5587,4.6790,5.4442,0.0048
0,19.5587,4.6790,5.4442,0.0048
1,188.2911,4.6790,5.4442,0.0048
2,131.8037,4.6790,5.4442,0.0048
3,92.2626,4.6790,5.4442,0.0048
4,64.5838,4.6790,5.4442,0.0048
5,45.2087,4.6790,5.4442,0.0048
6,31.6461,4.6790,5.4442,0.0048
0,31.6461,4.6790,5.4442,0.0048
1,287.6523,4.6790,5.4442,0.0048
2,201.3566,4.6790,5.4442,0.0048
3,140.9496,4.6790,5.4442,0.0048
4,98.6647,4.6790,5.4442,0.0048
5,98.6647,4.6790,3.8109,0.0048
6,69.0653,4.6790,3.8109,0.0048
0,69.0653,4.6790,3.8109,0.0048
1,69.0653,3.2753,3.8109,0.0048
2,123.0457,3.2753,3.8109,0.0048
3,86.1320,3.2753,3.8109,0.0048
4,60.2924,3.2753,3.8109,0.0048
5,42.2047,3.2753,3.8109,0.0048
6,29.5433,3.2753,3.8109,0.0048
7,20.6803,3.2753,3.8109,0.0048
0,20.6803,3.2753,3.8109,0.0048
1,20.6803,3.2753,2.6676,0.0048
2,351.3762,3.2753,2.6676,0.0048
3,245.9633,3.2753,2.6676,0.0048
4,172.1743,3.2753,2.6676,0.0048
5,120.5220,3.2753,2.6676,0.0048
6,84.3654,3.2753,2.6676,0.0048
7,59.0558,3.2753,2.6676,0.0048
0,59.0558,3.2753,2.6676,0.0048
1,347.6391,3.2753,2.6676,0.0048
2,243.3473,3.2753,2.6676,0.0048
3,243.3473,3.2753,1.8673,0.0048
4,170.3431,3.2753,1.8673,0.0048
5,119.2402,3.2753,1.8673,0.0048
6,83.4681,3.2753,1.8673,0.0048
0,83.4681,3.2753,1.8673,0.0048
1,333.8277,3.2753,1.8673,0.0048
2,233.6794,3.2753,1.8673,0.0048
3,163.5756,3.2753,1.8673,0.0048
4,163.5756,3.2753,1.8673,0.0034
5,114.5029,3.2753,1.8673,0.0034
6,80.1520,3.2753,1.8673,0.0034
0,80.1520,3.2753,1.8673,0.0034
1,80.1520,47.2927,1.8673,0.0034
2,270.9064,47.2927,1.8673,0.0034
3,189.6345,47.2927,1.8673,0.0034
4,132.7441,47.2927,1.8673,0.0034
5,92.9209,47.2927,1.8673,0.0034
6,92.9209,47.2927,1.3071,0.0034
7,65.0446,47.2927,1.3071,0.0034
0,65.0446,47.2927,1.3071,0.0034
1,474.5312,47.2927,1.3071,0.0034
2,332.1719,47.2927,1.3071,0.0034
3,332.1719,47.2927,0.9150,0.0034
4,232.5203,47.2927,0.9150,0.0034
5,162.7642,47.2927,0.9150,0.0034
6,113.9350,47.2927,0.9150,0.0034
0,113.9350,47.2927,0.9150,0.0034
1,259.7545,47.2927,0.9150,0.0034
2,181.8281,47.2927,0.9150,0.0034
3,127.2797,47.2927,0.9150,0.0034
4,89.0958,47.2927,0.9150,0.0034
5,62.3670,47.2927,0.9150,0.0034
6,62.3670,33.1049,0.9150,0.0034
0,62.3670,33.1049,0.9150,0.0034
1,54.4569,33.1049,0.9150,0.0034
2,38.1199,33.1049,0.9150,0.0034
3,26.6839,33.1049,0.9150,0.0034
4,26.6839,23.1734,0.9150,0.0034
5,18.6787,23.1734,0.9150,0.0034
6,18.6787,16.2214,0.9150,0.0034
0,18.6787,16.2214,0.9150,0.0034
1,59.5751,16.2214,0.9150,0.0034
2,41.7026,16.2214,0.9150,0.0034
3,29.1918,16.2214,0.9150,0.0034
4,20.4343,16.2214,0.9150,0.0034
5,14.3040,16.2214,0.9150,0.0034
6,14.3040,11.3550,0.9150,0.0034
0,14.3040,11.3550,0.9150,0.0034
1,154.3128,11.3550,0.9150,0.0034
2,108.0190,11.3550,0.9150,0.0034
3,75.6133,11.3550,0.9150,0.0034
4,75.6133,11.3550,0.6405,0.0034
5,52.9293,11.3550,0.6405,0.0034
6,37.0505,11.3550,0.6405,0.0034
0,37.0505,11.3550,0.6405,0.0034
1,122.2354,11.3550,0.6405,0.0034
2,85.5647,11.3550,0.6405,0.0034
3,85.5647,7.9485,0.6405,0.0034
4,59.8953,7.9485,0.6405,0.0034
5,41.9267,7.9485,0.6405,0.0034
6,41.9267,7.9485,0.6405,0.0024
0,41.9267,7.9485,0.6405,0.0024
1,217.7487,7.9485,0.6405,0.0024
2,152.4241,7.9485,0.6405,0.0024
3,106.6969,7.9485,0.6405,0.0024
4,74.6878,7.9485,0.6405,0.0024
5,52.2815,7.9485,0.6405,0.0024
6,52.2815,7.9485,0.6405,0.0017
0,52.2815,7.9485,0.6405,0.0017
1,57.2970,7.9485,0.6405,0.0017
2,57.2970,7.9485,0.6405,0.0012
3,40.1079,7.9485,0.6405,0.0012
4,28.0755,7.9485,0.6405,0.0012
5,19.6529,7.9485,0.6405,0.0012
6,13.7570,7.9485,0.6405,0.0012
0,13.7570,7.9485,0.6405,0.0012
1,61.5299,7.9485,0.6405,0.0012
2,43.0709,7.9485,0.6405,0.0012
3,30.1497,7.9485,0.6405,0.0012
4,21.1048,7.9485,0.6405,0.0012
5,14.7733,7.9485,0.6405,0.0012
6,10.3413,7.9485,0.6405,0.0012
0,10.3413,7.9485,0.6405,0.0012
1,294.3389,7.9485,0.6405,0.0012
2,206.0373,7.9485,0.6405,0.0012
3,144.2261,7.9485,0.6405,0.0012
4,100.9583,7.9485,0.6405,0.0012
5,70.6708,7.9485,0.6405,0.0012
6,70.6708,5.5639,0.6405,0.0012
0,70.6708,5.5639,0.6405,0.0012
1,179.9695,5.5639,0.6405,0.0012
2,125.9787,5.5639,0.6405,0.0012
3,88.1851,5.5639,0.6405,0.0012
4,61.7296,5.5639,0.6405,0.0012
5,61.7296,5.5639,0.4484,0.0012
6,43.2107,5.5639,0.4484,0.0012
0,43.2107,5.5639,0.4484,0.0012
1,119.0475,5.5639,0.4484,0.0012
2,83.3332,5.5639,0.4484,0.0012
3,58.3333,5.5639,0.4484,0.0012
4,40.8333,5.5639,0.4484,0.0012
5,28.5833,5.5639,0.4484,0.0012
6,20.0083,5.5639,0.4484,0.0012
0,20.0083,5.5639,0.4484,0.0012
1,69.8058,5.5639,0.4484,0.0012
2,48.8641,5.5639,0.4484,0.0012
3,34.2049,5.5639,0.4484,0.0012
4,23.9434,5.5639,0.4484,0.0012
5,16.7604,5.5639,0.4484,0.0012
6,11.7323,5.5639,0.4484,0.0012
0,11.7323,5.5639,0.4484,0.0012
1,87.4126,5.5639,0.4484,0.0012
2,61.1888,5.5639,0.4484,0.0012
3,42.8322,5.5639,0.4484,0.0012
4,29.9825,5.5639,0.4484,0.0012
5,20.9878,5.5639,0.4484,0.0012
6,14.6914,5.5639,0.4484,0.0012
0,14.6914,5.5639,0.4484,0.0012
1,99.3840,5.5639,0.4484,0.0012
2,69.5688,5.5639,0.4484,0.0012
3,48.6982,5.5639,0.4484,0.0012
4,34.0887,5.5639,0.4484,0.0012
5,23.8621,5.5639,0.4484,0.0012
6,16.7035,5.5639,0.4484,0.0012
0,16.7035,5.5639,0.4484,0.0012
1,24.2924,5.5639,0.4484,0.0012
2,17.0047,5.5639,0.4484,0.0012
3,11.9033,5.5639,0.4484,0.0012
4,8.3323,5.5639,0.4484,0.0012
5,5.8326,5.5639,0.4484,0.0012
6,5.8326,5.5639,0.4484,0.0008
0,5.8326,5.5639,0.4484,0.0008
1,5.8326,5.5639,0.3138,0.0008
2,97.0828,5.5639,0.3138,0.0008
3,67.9580,5.5639,0.3138,0.0008
4,47.5706,5.5639,0.3138,0.0008
5,33.2994,5.5639,0.3138,0.0008
6,23.3096,5.5639,0.3138,0.0008
7,16.3167,5.5639,0.3138,0.0008
0,16.3167,5.5639,0.3138,0.0008
1,65.7217,5.5639,0.3138,0.0008
2,46.0052,5.5639,0.3138,0.0008
3,32.2036,5.5639,0.3138,0.0008
4,22.5425,5.5639,0.3138,0.0008
5,15.7798,5.5639,0.3138,0.0008
6,11.0458,5.5639,0.3138,0.0008
0,11.0458,5.5639,0.3138,0.0008
1,88.4321,5.5639,0.3138,0.0008
2,88.4321,5.5639,0.2197,0.0008
3,61.9025,5.5639,0.2197,0.0008
4,61.9025,5.5639,0.1538,0.0008
5,43.3317,5.5639,0.1538,0.0008
6,30.3322,5.5639,0.1538,0.0008
0,30.3322,5.5639,0.1538,0.0008
1,111.8325,5.5639,0.1538,0.0008
2,78.2828,5.5639,0.1538,0.0008
3,54.7979,5.5639,0.1538,0.0008
4,54.7979,5.5639,0.1076,0.0008
5,38.3586,5.5639,0.1076,0.0008
6,38.3586,5.5639,0.1076,0.0006
0,38.3586,5.5639,0.1076,0.0006
1,222.4510,5.5639,0.1076,0.0006
2,155.7157,5.5639,0.1076,0.0006
3,155.7157,3.8948,0.1076,0.0006
4,109.0010,3.8948,0.1076,0.0006
5,76.3007,3.8948,0.1076,0.0006
6,53.4105,3.8948,0.1076,0.0006
0,53.4105,3.8948,0.1076,0.0006
1,337.3873,3.8948,0.1076,0.0006
2,236.1711,3.8948,0.1076,0.0006
3,165.3198,3.8948,0.1076,0.0006
4,115.7239,3.8948,0.1076,0.0006
5,81.0067,3.8948,0.1076,0.0006
6,56.7047,3.8948,0.1076,0.0006
0,56.7047,3.8948,0.1076,0.0006
1,387.0933,3.8948,0.1076,0.0006
2,270.9653,3.8948,0.1076,0.0006
3,270.9653,3.8948,0.0754,0.0006
4,189.6757,3.8948,0.0754,0.0006
5,132.7730,3.8948,0.0754,0.0006
6,92.9411,3.8948,0.0754,0.0006
0,92.9411,3.8948,0.0754,0.0006
1,149.6588,3.8948,0.0754,0.0006
2,104.7611,3.8948,0.0754,0.0006
3,73.3328,3.8948,0.0754,0.0006
4,51.3330,3.8948,0.0754,0.0006
5,35.9331,3.8948,0.0754,0.0006
6,25.1531,3.8948,0.0754,0.0006
0,25.1531,3.8948,0.0754,0.0006
1,25.1531,2.7263,0.0754,0.0006
2,111.8072,2.7263,0.0754,0.0006
3,78.2650,2.7263,0.0754,0.0006
4,54.7855,2.7263,0.0754,0.0006
5,38.3499,2.7263,0.0754,0.0006
6,26.8449,2.7263,0.0754,0.0006
7,18.7914,2.7263,0.0754,0.0006
0,18.7914,2.7263,0.0754,0.0006
1,218.0540,2.7263,0.0754,0.0006
2,152.6378,2.7263,0.0754,0.0006
3,106.8465,2.7263,0.0754,0.0006
4,106.8465,2.7263,0.0754,0.0004
5,74.7925,2.7263,0.0754,0.0004
6,52.3548,2.7263,0.0754,0.0004
0,52.3548,2.7263,0.0754,0.0004
1,52.3548,35.5084,0.0754,0.0004
2,52.3548,35.5084,0.0754,0.0003
3,144.6483,35.5084,0.0754,0.0003
4,101.2538,35.5084,0.0754,0.0003
5,70.8777,35.5084,0.0754,0.0003
6,49.6144,35.5084,0.0754,0.0003
7,34.7301,35.5084,0.0754,0.0003
8,34.7301,35.5084,0.0527,0.0003
0,34.7301,35.5084,0.0527,0.0003
1,34.7301,24.8559,0.0527,0.0003
2,27.0110,24.8559,0.0527,0.0003
3,18.9077,24.8559,0.0527,0.0003
4,18.9077,24.8559,0.0369,0.0003
5,18.9077,17.3991,0.0369,0.0003
6,13.2354,17.3991,0.0369,0.0003
7,13.2354,17.3991,0.0369,0.0002
0,13.2354,17.3991,0.0369,0.0002
1,73.1648,17.3991,0.0369,0.0002
2,51.2154,17.3991,0.0369,0.0002
3,35.8507,17.3991,0.0369,0.0002
4,25.0955,17.3991,0.0369,0.0002
5,17.5669,17.3991,0.0369,0.0002
6,12.2968,17.3991,0.0369,0.0002
0,12.2968,17.3991,0.0369,0.0002
1,12.2968,19.3794,0.0369,0.0002
2,12.2968,13.5656,0.0369,0.0002
3,12.2968,9.4959,0.0369,0.0002
4,216.2078,9.4959,0.0369,0.0002
5,151.3454,9.4959,0.0369,0.0002
6,105.9418,9.4959,0.0369,0.0002
7,74.1593,9.4959,0.0369,0.0002
8,51.9115,9.4959,0.0369,0.0002
9,36.3380,9.4959,0.0369,0.0002
0,36.3380,9.4959,0.0369,0.0002
1,36.3380,6.6471,0.0369,0.0002
2,82.1366,6.6471,0.0369,0.0002
3,57.4956,6.6471,0.0369,0.0002
4,40.2469,6.6471,0.0369,0.0002
5,28.1729,6.6471,0.0369,0.0002
6,19.7210,6.6471,0.0369,0.0002
7,13.8047,6.6471,0.0369,0.0002
0,13.8047,6.6471,0.0369,0.0002
1,142.8633,6.6471,0.0369,0.0002
2,100.0043,6.6471,0.0369,0.0002
3,70.0030,6.6471,0.0369,0.0002
4,49.0021,6.6471,0.0369,0.0002
5,34.3015,6.6471,0.0369,0.0002
6,24.0110,6.6471,0.0369,0.0002
0,24.0110,6.6471,0.0369,0.0002
1,241.2077,6.6471,0.0369,0.0002
2,168.8454,6.6471,0.0369,0.0002
3,118.1918,6.6471,0.0369,0.0002
4,82.7342,6.6471,0.0369,0.0002
5,57.9140,6.6471,0.0369,0.0002
6,40.5398,6.6471,0.0369,0.0002
0,40.5398,6.6471,0.0369,0.0002
1,40.5398,6.6471,0.0258,0.0002
2,276.7778,6.6471,0.0258,0.0002
3,193.7445,6.6471,0.0258,0.0002
4,193.7445,6.6471,0.0181,0.0002
5,135.6211,6.6471,0.0181,0.0002
6,135.6211,6.6471,0.0181,0.0001
7,135.6211,6.6471,0.0181,0.0001
0,135.6211,6.6471,0.0181,0.0001
1,415.6348,6.6471,0.0181,0.0001
2,290.9444,6.6471,0.0181,0.0001
3,203.6611,6.6471,0.0181,0.0001
4,203.6611,4.6530,0.0181,0.0001
5,142.5627,4.6530,0.0181,0.0001
6,99.7939,4.6530,0.0181,0.0001
0,99.7939,4.6530,0.0181,0.0001
1,99.7939,3.2571,0.0181,0.0001
2,419.3557,3.2571,0.0181,0.0001
3,293.5490,3.2571,0.0181,0.0001
4,205.4843,3.2571,0.0181,0.0001
5,143.8390,3.2571,0.0181,0.0001
6,100.6873,3.2571,0.0181,0.0001
7,70.4811,3.2571,0.0181,0.0001
0,70.4811,3.2571,0.0181,0.0001
1,328.3368,3.2571,0.0181,0.0001
2,229.8357,3.2571,0.0181,0.0001
3,160.8850,3.2571,0.0181,0.0001
4,112.6195,3.2571,0.0181,0.0001
5,78.8337,3.2571,0.0181,0.0001
6,55.1836,3.2571,0.0181,0.0001
0,55.1836,3.2571,0.0181,0.0001
1,434.6285,3.2571,0.0181,0.0001
2,434.6285,3.2571,0.0181,0.0001
3,304.2399,3.2571,0.0181,0.0001
4,304.2399,3.2571,0.0181,0.0000
5,304.2399,3.2571,0.0181,0.0000
6,212.9680,3.2571,0.0181,0.0000
0,212.9680,3.2571,0.0181,0.0000
1,165.2776,3.2571,0.0181,0.0000
2,115.6943,3.2571,0.0181,0.0000
3,80.9860,3.2571,0.0181,0.0000
4,80.9860,2.2800,0.0181,0.0000
5,56.6902,2.2800,0.0181,0.0000
6,39.6831,2.2800,0.0181,0.0000
0,39.6831,2.2800,0.0181,0.0000
1,138.1782,2.2800,0.0181,0.0000
2,96.7247,2.2800,0.0181,0.0000
3,96.7247,1.5960,0.0181,0.0000
4,67.7073,1.5960,0.0181,0.0000
5,47.3951,1.5960,0.0181,0.0000
6,47.3951,1.5960,0.0181,0.0000
0,47.3951,1.5960,0.0181,0.0000
1,95.8766,1.5960,0.0181,0.0000
2,67.1136,1.5960,0.0181,0.0000
3,46.9795,1.5960,0.0181,0.0000
4,46.9795,1.5960,0.0127,0.0000
5,46.9795,1.1172,0.0127,0.0000
6,32.8857,1.1172,0.0127,0.0000
0,32.8857,1.1172,0.0127,0.0000
1,224.9200,1.1172,0.0127,0.0000
2,157.4440,1.1172,0.0127,0.0000
3,110.2108,1.1172,0.0127,0.0000
4,77.1475,1.1172,0.0127,0.0000
5,77.1475,1.1172,0.0127,0.0000
6,54.0033,1.1172,0.0127,0.0000
0,54.0033,1.1172,0.0127,0.0000
1,490.8023,1.1172,0.0127,0.0000
2,343.5616,1.1172,0.0127,0.0000
3,240.4931,1.1172,0.0127,0.0000
4,168.3452,1.1172,0.0127,0.0000
5,117.8416,1.1172,0.0127,0.0000
6,82.4891,1.1172,0.0127,0.0000
0,82.4891,1.1172,0.0127,0.0000
1,452.2424,1.1172,0.0127,0.0000
2,316.5697,1.1172,0.0127,0.0000
3,221.5988,1.1172,0.0127,0.0000
4,155.1191,1.1172,0.0127,0.0000
5,108.5834,1.1172,0.0127,0.0000
6,108.5834,1.1172,0.0127,0.0000
0,108.5834,1.1172,0.0127,0.0000
1,472.9084,1.1172,0.0127,0.0000
2,331.0359,1.1172,0.0127,0.0000
3,331.0359,1.1172,0.0127,0.0000
4,231.7251,1.1172,0.0127,0.0000
5,162.2076,1.1172,0.0127,0.0000
6,113.5453,1.1172,0.0127,0.0000
0,113.5453,1.1172,0.0127,0.0000
1,422.6817,1.1172,0.0127,0.0000
2,295.8772,1.1172,0.0127,0.0000
3,207.1140,1.1172,0.0127,0.0000
4,144.9798,1.1172,0.0127,0.0000
5,101.4859,1.1172,0.0127,0.0000
6,71.0401,1.1172,0.0127,0.0000
0,71.0401,1.1172,0.0127,0.0000
1,218.6281,1.1172,0.0127,0.0000
2,153.0397,1.1172,0.0127,0.0000
3,107.1278,1.1172,0.0127,0.0000
4,74.9894,1.1172,0.0127,0.0000
5,74.9894,0.7820,0.0127,0.0000
6,52.4926,0.7820,0.0127,0.0000
0,52.4926,0.7820,0.0127,0.0000
1,492.4448,0.7820,0.0127,0.0000
2,344.7114,0.7820,0.0127,0.0000
3,241.2980,0.7820,0.0127,0.0000
4,241.2980,0.7820,0.0127,0.0000
5,241.2980,0.7820,0.0089,0.0000
6,241.2980,0.5474,0.0089,0.0000
0,241.2980,0.5474,0.0089,0.0000
1,372.3086,0.5474,0.0089,0.0000
2,260.6160,0.5474,0.0089,0.0000
3,182.4312,0.5474,0.0089,0.0000
4,127.7018,0.5474,0.0089,0.0000
5,89.3913,0.5474,0.0089,0.0000
6,62.5739,0.5474,0.0089,0.0000
0,62.5739,0.5474,0.0089,0.0000
1,81.3017,0.5474,0.0089,0.0000
2,56.9112,0.5474,0.0089,0.0000
3,39.8378,0.5474,0.0089,0.0000
4,27.8865,0.5474,0.0089,0.0000
5,19.5205,0.5474,0.0089,0.0000
6,13.6644,0.5474,0.0089,0.0000
0,13.6644,0.5474,0.0089,0.0000
1,13.6644,0.5474,0.0089,0.0000
2,66.5651,0.5474,0.0089,0.0000
3,46.5955,0.5474,0.0089,0.0000
4,46.5955,0.5474,0.0062,0.0000
5,32.6169,0.5474,0.0062,0.0000
6,22.8318,0.5474,0.0062,0.0000
7,15.9823,0.5474,0.0062,0.0000
0,15.9823,0.5474,0.0062,0.0000
1,182.7876,0.5474,0.0062,0.0000
2,127.9513,0.5474,0.0062,0.0000
3,89.5659,0.5474,0.0062,0.0000
4,62.6961,0.5474,0.0062,0.0000
5,43.8873,0.5474,0.0062,0.0000
6,30.7211,0.5474,0.0062,0.0000
0,30.7211,0.5474,0.0062,0.0000
1,90.8048,0.5474,0.0062,0.0000
2,63.5633,0.5474,0.0062,0.0000
3,63.5633,0.5474,0.0043,0.0000
4,44.4943,0.5474,0.0043,0.0000
5,31.1460,0.5474,0.0043,0.0000
6,21.8022,0.5474,0.0043,0.0000
0,21.8022,0.5474,0.0043,0.0000
1,165.5616,0.5474,0.0043,0.0000
2,115.8931,0.5474,0.0043,0.0000
3,81.1252,0.5474,0.0043,0.0000
4,56.7876,0.5474,0.0043,0.0000
5,39.7513,0.5474,0.0043,0.0000
6,27.8259,0.5474,0.0043,0.0000
0,27.8259,0.5474,0.0043,0.0000
1,24.5782,0.5474,0.0043,0.0000
2,17.2047,0.5474,0.0043,0.0000
3,17.2047,0.5474,0.0030,0.0000
4,17.2047,0.3832,0.0030,0.0000
5,12.0433,0.3832,0.0030,0.0000
6,8.4303,0.3832,0.0030,0.0000
0,8.4303,0.3832,0.0030,0.0000
1,29.3012,0.3832,0.0030,0.0000
2,20.5108,0.3832,0.0030,0.0000
3,14.3576,0.3832,0.0030,0.0000
4,10.0503,0.3832,0.0030,0.0000
5,7.0352,0.3832,0.0030,0.0000
6,4.9247,0.3832,0.0030,0.0000
0,4.9247,0.3832,0.0030,0.0000
1,24.4473,0.3832,0.0030,0.0000
2,17.1131,0.3832,0.0030,0.0000
3,11.9792,0.3832,0.0030,0.0000
4,8.3854,0.3832,0.0030,0.0000
5,5.8698,0.3832,0.0030,0.0000
6,4.1089,0.3832,0.0030,0.0000
0,4.1089,0.3832,0.0030,0.0000
1,91.9762,0.3832,0.0030,0.0000
2,64.3833,0.3832,0.0030,0.0000
3,45.0683,0.3832,0.0030,0.0000
4,31.5478,0.3832,0.0030,0.0000
5,22.0835,0.3832,0.0030,0.0000
6,15.4584,0.3832,0.0030,0.0000
0,15.4584,0.3832,0.0030,0.0000
1,15.4584,0.3832,0.0030,0.0000
2,94.5209,0.3832,0.0030,0.0000
3,66.1646,0.3832,0.0030,0.0000
4,66.1646,0.3832,0.0021,0.0000
5,66.1646,0.3832,0.0021,0.0000
6,46.3152,0.3832,0.0021,0.0000
7,32.4207,0.3832,0.0021,0.0000
0,32.4207,0.3832,0.0021,0.0000
1,107.8945,0.3832,0.0021,0.0000
2,75.5261,0.3832,0.0021,0.0000
3,52.8683,0.3832,0.0021,0.0000
4,37.0078,0.3832,0.0021,0.0000
5,25.9055,0.3832,0.0021,0.0000
6,18.1338,0.3832,0.0021,0.0000
0,18.1338,0.3832,0.0021,0.0000
1,151.5937,0.3832,0.0021,0.0000
2,151.5937,0.2682,0.0021,0.0000
3,106.1156,0.2682,0.0021,0.0000
4,74.2809,0.2682,0.0021,0.0000
5,51.9966,0.2682,0.0021,0.0000
6,36.3976,0.2682,0.0021,0.0000
0,36.3976,0.2682,0.0021,0.0000
1,205.7783,0.2682,0.0021,0.0000
2,144.0448,0.2682,0.0021,0.0000
3,100.8314,0.2682,0.0021,0.0000
4,70.5820,0.2682,0.0021,0.0000
5,49.4074,0.2682,0.0021,0.0000
6,34.5852,0.2682,0.0021,0.0000
0,34.5852,0.2682,0.0021,0.0000
1,259.7096,0.2682,0.0021,0.0000
2,259.7096,0.2682,0.0015,0.0000
3,181.7967,0.2682,0.0015,0.0000
4,127.2577,0.2682,0.0015,0.0000
5,89.0804,0.2682,0.0015,0.0000
6,62.3563,0.2682,0.0015,0.0000
0,62.3563,0.2682,0.0015,0.0000
1,288.7494,0.2682,0.0015,0.0000
2,202.1246,0.2682,0.0015,0.0000
3,141.4872,0.2682,0.0015,0.0000
4,99.0410,0.2682,0.0015,0.0000
5,69.3287,0.2682,0.0015,0.0000
6,48.5301,0.2682,0.0015,0.0000
0,48.5301,0.2682,0.0015,0.0000
1,48.5301,0.1878,0.0015,0.0000
2,155.7711,0.1878,0.0015,0.0000
3,109.0398,0.1878,0.0015,0.0000
4,76.3278,0.1878,0.0015,0.0000
5,53.4295,0.1878,0.0015,0.0000
6,37.4006,0.1878,0.0015,0.0000
7,26.1804,0.1878,0.0015,0.0000
0,26.1804,0.1878,0.0015,0.0000
1,27.0263,0.1878,0.0015,0.0000
2,18.9184,0.1878,0.0015,0.0000
3,13.2429,0.1878,0.0015,0.0000
4,9.2700,0.1878,0.0015,0.0000
5,6.4890,0.1878,0.0015,0.0000
6,4.5423,0.1878,0.0015,0.0000
0,4.5423,0.1878,0.0015,0.0000
1,4.5423,50.8314,0.0015,0.0000
2,4.5423,35.5820,0.0015,0.0000
3,4.5423,24.9074,0.0015,0.0000
4,4.5423,17.4352,0.0015,0.0000
5,4.5423,12.2046,0.0015,0.0000
6,4.5423,8.5432,0.0015,0.0000
0,4.5423,8.5432,0.0015,0.0000
1,4.5423,5.9803,0.0015,0.0000
2,4.5423,4.1862,0.0015,0.0000
3,44.5796,4.1862,0.0015,0.0000
4,31.2057,4.1862,0.0015,0.0000
5,21.8440,4.1862,0.0015,0.0000
6,15.2908,4.1862,0.0015,0.0000
7,10.7036,4.1862,0.0015,0.0000
8,7.4925,4.1862,0.0015,0.0000
0,7.4925,4.1862,0.0015,0.0000
1,38.5447,4.1862,0.0015,0.0000
2,26.9813,4.1862,0.0015,0.0000
3,18.8869,4.1862,0.0015,0.0000
4,18.8869,4.1862,0.0010,0.0000
5,13.2208,4.1862,0.0010,0.0000
6,9.2546,4.1862,0.0010,0.0000
0,9.2546,4.1862,0.0010,0.0000
1,75.7782,4.1862,0.0010,0.0000
2,53.0448,4.1862,0.0010,0.0000
3,37.1313,4.1862,0.0010,0.0000
4,25.9919,4.1862,0.0010,0.0000
5,18.1943,4.1862,0.0010,0.0000
6,12.7360,4.1862,0.0010,0.0000
0,12.7360,4.1862,0.0010,0.0000
1,53.9152,4.1862,0.0010,0.0000
2,37.7407,4.1862,0.0010,0.0000
3,26.4185,4.1862,0.0010,0.0000
4,18.4929,4.1862,0.0010,0.0000
5,12.9450,4.1862,0.0010,0.0000
6,9.0615,4.1862,0.0010,0.0000
0,9.0615,4.1862,0.0010,0.0000
1,18.0431,4.1862,0.0010,0.0000
2,12.6302,4.1862,0.0010,0.0000
3,8.8411,4.1862,0.0010,0.0000
4,6.1888,4.1862,0.0010,0.0000
5,4.3321,4.1862,0.0010,0.0000
6,3.0325,4.1862,0.0010,0.0000
0,3.0325,4.1862,0.0010,0.0000
1,3.0325,2.9303,0.0010,0.0000
2,3.0325,2.0512,0.0010,0.0000
3,42.3227,2.0512,0.0010,0.0000
4,29.6259,2.0512,0.0010,0.0000
5,29.6259,1.4359,0.0010,0.0000
6,20.7381,1.4359,0.0010,0.0000
7,14.5167,1.4359,0.0010,0.0000
8,10.1617,1.4359,0.0010,0.0000
0,10.1617,1.4359,0.0010,0.0000
1,98.0132,1.4359,0.0010,0.0000
2,68.6092,1.4359,0.0010,0.0000
3,68.6092,1.4359,0.0010,0.0000
4,48.0265,1.4359,0.0010,0.0000
5,33.6185,1.4359,0.0010,0.0000
6,33.6185,1.4359,0.0007,0.0000
0,33.6185,1.4359,0.0007,0.0000
1,103.0330,1.4359,0.0007,0.0000
2,72.1231,1.4359,0.0007,0.0000
3,50.4862,1.4359,0.0007,0.0000
4,35.3403,1.4359,0.0007,0.0000
5,24.7382,1.4359,0.0007,0.0000
6,17.3168,1.4359,0.0007,0.0000
0,17.3168,1.4359,0.0007,0.0000
1,146.2217,1.4359,0.0007,0.0000
2,102.3552,1.4359,0.0007,0.0000
3,71.6486,1.4359,0.0007,0.0000
4,50.1541,1.4359,0.0007,0.0000
5,35.1078,1.4359,0.0007,0.0000
6,24.5755,1.4359,0.0007,0.0000
0,24.5755,1.4359,0.0007,0.0000
1,126.4028,1.4359,0.0007,0.0000
2,88.4820,1.4359,0.0007,0.0000
3,61.9374,1.4359,0.0007,0.0000
4,43.3562,1.4359,0.0007,0.0000
5,30.3493,1.4359,0.0007,0.0000
6,30.3493,1.4359,0.0007,0.0000
0,30.3493,1.4359,0.0007,0.0000
1,25.7445,1.4359,0.0007,0.0000
2,18.0212,1.4359,0.0007,0.0000
3,12.6148,1.4359,0.0007,0.0000
4,8.8304,1.4359,0.0007,0.0000
5,6.1813,1.4359,0.0007,0.0000
6,6.1813,1.4359,0.0007,0.0000
0,6.1813,1.4359,0.0007,0.0000
1,6.1813,11.5051,0.0007,0.0000
2,6.1813,8.0536,0.0007,0.0000
3,6.1813,8.0536,0.0007,0.0000
4,6.1813,8.0536,0.0007,0.0000
5,6.1813,5.6375,0.0007,0.0000
6,98.8269,5.6375,0.0007,0.0000
7,69.1788,5.6375,0.0007,0.0000
8,48.4252,5.6375,0.0007,0.0000
9,33.8976,5.6375,0.0007,0.0000
10,33.8976,5.6375,0.0005,0.0000
0,33.8976,5.6375,0.0005,0.0000
1,33.8976,3.9463,0.0005,0.0000
2,50.1283,3.9463,0.0005,0.0000
3,35.0898,3.9463,0.0005,0.0000
4,24.5629,3.9463,0.0005,0.0000
5,17.1940,3.9463,0.0005,0.0000
6,12.0358,3.9463,0.0005,0.0000
7,8.4251,3.9463,0.0005,0.0000
0,8.4251,3.9463,0.0005,0.0000
1,240.7975,3.9463,0.0005,0.0000
2,168.5583,3.9463,0.0005,0.0000
3,117.9908,3.9463,0.0005,0.0000
4,117.9908,2.7624,0.0005,0.0000
5,82.5936,2.7624,0.0005,0.0000
6,82.5936,2.7624,0.0005,0.0000
0,82.5936,2.7624,0.0005,0.0000
1,340.4155,2.7624,0.0005,0.0000
2,238.2908,2.7624,0.0005,0.0000
3,166.8036,2.7624,0.0005,0.0000
4,116.7625,2.7624,0.0005,0.0000
5,81.7338,2.7624,0.0005,0.0000
6,57.2136,2.7624,0.0005,0.0000
0,57.2136,2.7624,0.0005,0.0000
1,57.2136,2.7624,9.3004,0.0000
2,136.9495,2.7624,9.3004,0.0000
3,95.8647,2.7624,9.3004,0.0000
4,67.1053,2.7624,9.3004,0.0000
5,46.9737,2.7624,9.3004,0.0000
6,32.8816,2.7624,9.3004,0.0000
7,23.0171,2.7624,9.3004,0.0000
0,23.0171,2.7624,9.3004,0.0000
1,349.7120,2.7624,9.3004,0.0000
2,244.7984,2.7624,9.3004,0.0000
3,171.3589,2.7624,9.3004,0.0000
4,119.9512,2.7624,9.3004,0.0000
5,83.9658,2.7624,9.3004,0.0000
6,58.7761,2.7624,9.3004,0.0000
0,58.7761,2.7624,9.3004,0.0000
1,359.7433,2.7624,9.3004,0.0000
2,251.8203,2.7624,9.3004,0.0000
3,176.2742,2.7624,9.3004,0.0000
4,123.3919,2.7624,9.3004,0.0000
5,86.3744,2.7624,9.3004,0.0000
6,60.4621,2.7624,9.3004,0.0000
0,60.4621,2.7624,9.3004,0.0000
1,60.4621,1.9337,9.3004,0.0000
2,183.9234,1.9337,9.3004,0.0000
3,128.7464,1.9337,9.3004,0.0000
4,128.7464,1.3536,9.3004,0.0000
5,128.7464,0.9475,9.3004,0.0000
6,90.1225,0.9475,9.3004,0.0000
7,63.0857,0.9475,9.3004,0.0000
0,63.0857,0.9475,9.3004,0.0000
1,257.4600,0.9475,9.3004,0.0000
2,180.2220,0.9475,9.3004,0.0000
3,126.1554,0.9475,9.3004,0.0000
4,88.3088,0.9475,9.3004,0.0000
5,61.8162,0.9475,9.3004,0.0000
6,43.2713,0.9475,9.3004,0.0000
0,43.2713,0.9475,9.3004,0.0000
1,43.2713,0.6632,9.3004,0.0000
2,43.2713,0.4643,9.3004,0.0000
3,224.0899,0.4643,9.3004,0.0000
4,156.8629,0.4643,9.3004,0.0000
5,109.8041,0.4643,9.3004,0.0000
6,76.8628,0.4643,9.3004,0.0000
7,53.8040,0.4643,9.3004,0.0000
8,53.8040,0.4643,9.3004,0.0000
0,53.8040,0.4643,9.3004,0.0000
1,41.5628,0.4643,9.3004,0.0000
2,29.0940,0.4643,9.3004,0.0000
3,20.3658,0.4643,9.3004,0.0000
4,14.2560,0.4643,9.3004,0.0000
5,9.9792,0.4643,9.3004,0.0000
6,6.9855,0.4643,9.3004,0.0000
0,6.9855,0.4643,9.3004,0.0000
1,6.9855,0.4643,122.6103,0.0000
2,6.9855,0.4643,85.8272,0.0000
3,6.9855,0.4643,60.0790,0.0000
4,6.9855,0.4643,42.0553,0.0000
5,6.9855,0.4643,29.4387,0.0000
6,6.9855,0.4643,20.6071,0.0000
0,6.9855,0.4643,20.6071,0.0000
1,6.9855,0.4643,14.4250,0.0000
2,6.9855,0.4643,10.0975,0.0000
3,6.9855,0.4643,7.0682,0.0000
4,6.9855,0.4643,4.9478,0.0000
5,37.5898,0.4643,4.9478,0.0000
6,26.3129,0.4643,4.9478,0.0000
7,18.4190,0.4643,4.9478,0.0000
8,12.8933,0.4643,4.9478,0.0000
9,9.0253,0.4643,4.9478,0.0000
10,6.3177,0.4643,4.9478,0.0000
0,6.3177,0.4643,4.9478,0.0000
1,41.9224,0.4643,4.9478,0.0000
2,29.3457,0.4643,4.9478,0.0000
3,20.5420,0.4643,4.9478,0.0000
4,14.3794,0.4643,4.9478,0.0000
5,10.0656,0.4643,4.9478,0.0000
6,7.0459,0.4643,4.9478,0.0000
0,7.0459,0.4643,4.9478,0.0000
1,7.0459,0.4643,4.9478,0.0000
2,7.0459,0.4643,4.9478,0.0000
3,46.0321,0.4643,4.9478,0.0000
4,32.2225,0.4643,4.9478,0.0000
5,22.5557,0.4643,4.9478,0.0000
6,22.5557,0.3250,4.9478,0.0000
7,15.7890,0.3250,4.9478,0.0000
8,11.0523,0.3250,4.9478,0.0000
0,11.0523,0.3250,4.9478,0.0000
1,44.0366,0.3250,4.9478,0.0000
2,30.8256,0.3250,4.9478,0.0000
3,21.5779,0.3250,4.9478,0.0000
4,15.1046,0.3250,4.9478,0.0000
5,10.5732,0.3250,4.9478,0.0000
6,7.4012,0.3250,4.9478,0.0000
0,7.4012,0.3250,4.9478,0.0000
1,82.2809,0.3250,4.9478,0.0000
2,57.5966,0.3250,4.9478,0.0000
3,40.3176,0.3250,4.9478,0.0000
4,28.2223,0.3250,4.9478,0.0000
5,19.7556,0.3250,4.9478,0.0000
6,13.8289,0.3250,4.9478,0.0000
0,13.8289,0.3250,4.9478,0.0000
1,165.0803,0.3250,4.9478,0.0000
2,165.0803,0.3250,3.4634,0.0000
3,115.5562,0.3250,3.4634,0.0000
4,115.5562,0.3250,3.4634,0.0000
5,80.8893,0.3250,3.4634,0.0000
6,56.6225,0.3250,3.4634,0.0000
0,56.6225,0.3250,3.4634,0.0000
1,157.5358,0.3250,3.4634,0.0000
2,110.2750,0.3250,3.4634,0.0000
3,77.1925,0.3250,3.4634,0.0000
4,54.0348,0.3250,3.4634,0.0000
5,37.8243,0.3250,3.4634,0.0000
6,26.4770,0.3250,3.4634,0.0000
0,26.4770,0.3250,3.4634,0.0000
1,207.2339,0.3250,3.4634,0.0000
2,145.0637,0.3250,3.4634,0.0000
3,101.5446,0.3250,3.4634,0.0000
4,71.0812,0.3250,3.4634,0.0000
5,49.7569,0.3250,3.4634,0.0000
6,34.8298,0.3250,3.4634,0.0000
0,34.8298,0.3250,3.4634,0.0000
1,69.3809,0.3250,3.4634,0.0000
2,48.5666,0.3250,3.4634,0.0000
3,33.9966,0.3250,3.4634,0.0000
4,23.7976,0.3250,3.4634,0.0000
5,16.6583,0.3250,3.4634,0.0000
6,11.6608,0.3250,3.4634,0.0000
0,11.6608,0.3250,3.4634,0.0000
1,115.5626,0.3250,3.4634,0.0000
2,80.8938,0.3250,3.4634,0.0000
3,56.6257,0.3250,3.4634,0.0000
4,39.6380,0.3250,3.4634,0.0000
5,27.7466,0.3250,3.4634,0.0000
6,19.4226,0.3250,3.4634,0.0000
0,19.4226,0.3250,3.4634,0.0000
1,19.4226,0.3250,70.8244,0.0000
2,19.4226,0.3250,49.5771,0.0000
3,19.4226,0.3250,34.7040,0.0000
4,19.4226,0.3250,24.2928,0.0000
5,19.4226,0.3250,17.0049,0.0000
6,56.7958,0.3250,17.0049,0.0000
7,39.7571,0.3250,17.0049,0.0000
8,27.8300,0.3250,17.0049,0.0000
9,19.4810,0.3250,17.0049,0.0000
10,13.6367,0.3250,17.0049,0.0000
0,13.6367,0.3250,17.0049,0.0000
1,133.4457,0.3250,17.0049,0.0000
2,93.4120,0.3250,17.0049,0.0000
3,65.3884,0.3250,17.0049,0.0000
4,45.7719,0.3250,17.0049,0.0000
5,32.0403,0.3250,17.0049,0.0000
6,22.4282,0.3250,17.0049,0.0000
0,22.4282,0.3250,17.0049,0.0000
1,99.9998,0.3250,17.0049,0.0000
2,69.9998,0.3250,17.0049,0.0000
3,48.9999,0.3250,17.0049,0.0000
4,34.2999,0.3250,17.0049,0.0000
5,24.0099,0.3250,17.0049,0.0000
6,16.8070,0.3250,17.0049,0.0000
0,16.8070,0.3250,17.0049,0.0000
1,16.8070,0.3250,58.7035,0.0000
2,16.8070,0.3250,41.0924,0.0000
3,16.8070,0.3250,28.7647,0.0000
4,16.8070,0.3250,20.1353,0.0000
5,123.6649,0.3250,20.1353,0.0000
6,86.5654,0.3250,20.1353,0.0000
7,60.5958,0.3250,20.1353,0.0000
8,42.4171,0.3250,20.1353,0.0000
9,29.6919,0.3250,20.1353,0.0000
10,20.7844,0.3250,20.1353,0.0000
0,20.7844,0.3250,20.1353,0.0000
1,116.2490,0.3250,20.1353,0.0000
2,81.3743,0.3250,20.1353,0.0000
3,56.9620,0.3250,20.1353,0.0000
4,39.8734,0.3250,20.1353,0.0000
5,27.9114,0.3250,20.1353,0.0000
6,19.5380,0.3250,20.1353,0.0000
0,19.5380,0.3250,20.1353,0.0000
1,19.5380,0.3250,55.4947,0.0000
2,19.5380,0.3250,38.8463,0.0000
3,19.5380,0.3250,27.1924,0.0000
4,19.5380,0.3250,19.0347,0.0000
5,91.0766,0.3250,19.0347,0.0000
6,63.7536,0.3250,19.0347,0.0000
7,44.6275,0.3250,19.0347,0.0000
8,31.2393,0.3250,19.0347,0.0000
9,21.8675,0.3250,19.0347,0.0000
10,15.3072,0.3250,19.0347,0.0000
0,15.3072,0.3250,19.0347,0.0000
1,15.3072,0.3250,80.8243,0.0000
2,15.3072,0.3250,56.5770,0.0000
3,15.3072,0.3250,39.6039,0.0000
4,15.3072,0.3250,27.7227,0.0000
5,15.3072,0.3250,19.4059,0.0000
6,15.3072,0.3250,13.5841,0.0000
0,15.3072,0.3250,13.5841,0.0000
1,204.2151,0.3250,13.5841,0.0000
2,204.2151,0.3250,13.5841,0.0000
3,142.9505,0.3250,13.5841,0.0000
4,142.9505,0.3250,13.5841,0.0000
5,100.0654,0.3250,13.5841,0.0000
6,70.0458,0.3250,13.5841,0.0000
0,70.0458,0.3250,13.5841,0.0000
1,76.0320,0.3250,13.5841,0.0000
2,53.2224,0.3250,13.5841,0.0000
3,37.2557,0.3250,13.5841,0.0000
4,37.2557,0.3250,13.5841,0.0000
5,26.0790,0.3250,13.5841,0.0000
6,18.2553,0.3250,13.5841,0.0000
0,18.2553,0.3250,13.5841,0.0000
1,198.1787,0.3250,13.5841,0.0000
2,138.7251,0.3250,13.5841,0.0000
3,138.7251,0.2275,13.5841,0.0000
4,97.1076,0.2275,13.5841,0.0000
5,67.9753,0.2275,13.5841,0.0000
6,67.9753,0.1592,13.5841,0.0000
0,67.9753,0.1592,13.5841,0.0000
1,259.3827,0.1592,13.5841,0.0000
2,259.3827,0.1115,13.5841,0.0000
3,181.5679,0.1115,13.5841,0.0000
4,127.0975,0.1115,13.5841,0.0000
5,127.0975,0.1115,13.5841,0.0000
6,88.9683,0.1115,13.5841,0.0000
0,88.9683,0.1115,13.5841,0.0000
1,213.7778,0.1115,13.5841,0.0000
2,149.6445,0.1115,13.5841,0.0000
3,104.7511,0.1115,13.5841,0.0000
4,104.7511,0.1115,9.5089,0.0000
5,73.3258,0.1115,9.5089,0.0000
6,51.3280,0.1115,9.5089,0.0000
0,51.3280,0.1115,9.5089,0.0000
1,307.1296,0.1115,9.5089,0.0000
2,214.9907,0.1115,9.5089,0.0000
3,150.4935,0.1115,9.5089,0.0000
4,105.3455,0.1115,9.5089,0.0000
5,73.7418,0.1115,9.5089,0.0000
6,51.6193,0.1115,9.5089,0.0000
0,51.6193,0.1115,9.5089,0.0000
1,223.9335,0.1115,9.5089,0.0000
2,156.7534,0.1115,9.5089,0.0000
3,156.7534,0.1115,6.6562,0.0000
4,109.7274,0.1115,6.6562,0.0000
5,76.8092,0.1115,6.6562,0.0000
6,76.8092,0.0780,6.6562,0.0000
0,76.8092,0.0780,6.6562,0.0000
1,59.7664,0.0780,6.6562,0.0000
2,41.8365,0.0780,6.6562,0.0000
3,29.2856,0.0780,6.6562,0.0000
4,20.4999,0.0780,6.6562,0.0000
5,14.3499,0.0780,6.6562,0.0000
6,10.0449,0.0780,6.6562,0.0000
0,10.0449,0.0780,6.6562,0.0000
1,35.2315,0.0780,6.6562,0.0000
2,35.2315,0.0546,6.6562,0.0000
3,35.2315,0.0546,6.6562,0.0000
4,24.6620,0.0546,6.6562,0.0000
5,17.2634,0.0546,6.6562,0.0000
6,12.0844,0.0546,6.6562,0.0000
0,12.0844,0.0546,6.6562,0.0000
1,167.4591,0.0546,6.6562,0.0000
2,167.4591,0.0382,6.6562,0.0000
3,117.2214,0.0382,6.6562,0.0000
4,82.0549,0.0382,6.6562,0.0000
5,82.0549,0.0268,6.6562,0.0000
6,57.4385,0.0268,6.6562,0.0000
0,57.4385,0.0268,6.6562,0.0000
1,57.4385,0.0268,16.9594,0.0000
2,359.4069,0.0268,16.9594,0.0000
3,251.5848,0.0268,16.9594,0.0000
4,176.1094,0.0268,16.9594,0.0000
5,123.2766,0.0268,16.9594,0.0000
6,86.2936,0.0268,16.9594,0.0000
7,60.4055,0.0268,16.9594,0.0000
0,60.4055,0.0268,16.9594,0.0000
1,74.0839,0.0268,16.9594,0.0000
2,51.8587,0.0268,16.9594,0.0000
3,36.3011,0.0268,16.9594,0.0000
4,25.4108,0.0268,16.9594,0.0000
5,17.7875,0.0268,16.9594,0.0000
6,17.7875,0.0268,16.9594,0.0000
0,17.7875,0.0268,16.9594,0.0000
1,158.5513,0.0268,16.9594,0.0000
2,110.9859,0.0268,16.9594,0.0000
3,77.6901,0.0268,16.9594,0.0000
4,54.3831,0.0268,16.9594,0.0000
5,38.0682,0.0268,16.9594,0.0000
6,26.6477,0.0268,16.9594,0.0000
0,26.6477,0.0268,16.9594,0.0000
1,125.1534,0.0268,16.9594,0.0000
2,87.6074,0.0268,16.9594,0.0000
3,61.3252,0.0268,16.9594,0.0000
4,42.9276,0.0268,16.9594,0.0000
5,30.0493,0.0268,16.9594,0.0000
6,21.0345,0.0268,16.9594,0.0000
0,21.0345,0.0268,16.9594,0.0000
1,227.1242,0.0268,16.9594,0.0000
2,158.9869,0.0268,16.9594,0.0000
3,111.2908,0.0268,16.9594,0.0000
4,77.9036,0.0268,16.9594,0.0000
5,54.5325,0.0268,16.9594,0.0000
6,38.1728,0.0268,16.9594,0.0000
0,38.1728,0.0268,16.9594,0.0000
1,38.1728,0.0268,11.8716,0.0000
2,239.7209,0.0268,11.8716,0.0000
3,167.8047,0.0268,11.8716,0.0000
4,167.8047,0.0268,8.3101,0.0000
5,117.4633,0.0268,8.3101,0.0000
6,82.2243,0.0268,8.3101,0.0000
7,57.5570,0.0268,8.3101,0.0000
0,57.5570,0.0268,8.3101,0.0000
1,202.5899,0.0268,8.3101,0.0000
2,141.8129,0.0268,8.3101,0.0000
3,99.2690,0.0268,8.3101,0.0000
4,69.4883,0.0268,8.3101,0.0000
5,69.4883,0.0268,5.8171,0.0000
6,48.6418,0.0268,5.8171,0.0000
0,48.6418,0.0268,5.8171,0.0000
1,112.3493,0.0268,5.8171,0.0000
2,78.6445,0.0268,5.8171,0.0000
3,55.0511,0.0268,5.8171,0.0000
4,38.5358,0.0268,5.8171,0.0000
5,26.9751,0.0268,5.8171,0.0000
6,26.9751,0.0268,4.0719,0.0000
0,26.9751,0.0268,4.0719,0.0000
1,176.3825,0.0268,4.0719,0.0000
2,123.4678,0.0268,4.0719,0.0000
3,86.4274,0.0268,4.0719,0.0000
4,60.4992,0.0268,4.0719,0.0000
5,42.3494,0.0268,4.0719,0.0000
6,29.6446,0.0268,4.0719,0.0000
0,29.6446,0.0268,4.0719,0.0000
1,405.3512,0.0268,4.0719,0.0000
2,283.7459,0.0268,4.0719,0.0000
3,198.6221,0.0268,4.0719,0.0000
4,139.0355,0.0268,4.0719,0.0000
5,97.3248,0.0268,4.0719,0.0000
6,68.1274,0.0268,4.0719,0.0000
0,68.1274,0.0268,4.0719,0.0000
1,185.0892,0.0268,4.0719,0.0000
2,129.5624,0.0268,4.0719,0.0000
3,90.6937,0.0268,4.0719,0.0000
4,90.6937,0.0187,4.0719,0.0000
5,90.6937,0.0187,2.8504,0.0000
6,63.4856,0.0187,2.8504,0.0000
0,63.4856,0.0187,2.8504,0.0000
1,336.6399,0.0187,2.8504,0.0000
2,235.6479,0.0187,2.8504,0.0000
3,164.9536,0.0187,2.8504,0.0000
4,115.4675,0.0187,2.8504,0.0000
5,80.8272,0.0187,2.8504,0.0000
6,56.5791,0.0187,2.8504,0.0000
0,56.5791,0.0187,2.8504,0.0000
1,56.5791,0.0131,2.8504,0.0000
2,59.4053,0.0131,2.8504,0.0000
3,41.5837,0.0131,2.8504,0.0000
4,29.1086,0.0131,2.8504,0.0000
5,20.3760,0.0131,2.8504,0.0000
6,14.2632,0.0131,2.8504,0.0000
7,9.9843,0.0131,2.8504,0.0000
0,9.9843,0.0131,2.8504,0.0000
1,30.0890,0.0131,2.8504,0.0000
2,21.0623,0.0131,2.8504,0.0000
3,14.7436,0.0131,2.8504,0.0000
4,10.3205,0.0131,2.8504,0.0000
5,7.2244,0.0131,2.8504,0.0000
6,5.0571,0.0131,2.8504,0.0000
0,5.0571,0.0131,2.8504,0.0000
1,64.4399,0.0131,2.8504,0.0000
2,64.4399,0.0092,2.8504,0.0000
3,45.1080,0.0092,2.8504,0.0000
4,31.5756,0.0092,2.8504,0.0000
5,22.1029,0.0092,2.8504,0.0000
6,15.4720,0.0092,2.8504,0.0000
0,15.4720,0.0092,2.8504,0.0000
1,219.0304,0.0092,2.8504,0.0000
2,153.3213,0.0092,2.8504,0.0000
3,107.3249,0.0092,2.8504,0.0000
4,107.3249,0.0064,2.8504,0.0000
5,107.3249,0.0064,1.9953,0.0000
6,107.3249,0.0045,1.9953,0.0000
0,107.3249,0.0045,1.9953,0.0000
1,192.4274,0.0045,1.9953,0.0000
2,134.6992,0.0045,1.9953,0.0000
3,94.2894,0.0045,1.9953,0.0000
4,66.0026,0.0045,1.9953,0.0000
5,46.2018,0.0045,1.9953,0.0000
6,32.3413,0.0045,1.9953,0.0000
0,32.3413,0.0045,1.9953,0.0000
1,96.1389,0.0045,1.9953,0.0000
2,67.2972,0.0045,1.9953,0.0000
3,47.1081,0.0045,1.9953,0.0000
4,32.9756,0.0045,1.9953,0.0000
5,23.0829,0.0045,1.9953,0.0000
6,16.1581,0.0045,1.9953,0.0000
0,16.1581,0.0045,1.9953,0.0000
1,472.1106,0.0045,1.9953,0.0000
2,472.1106,0.0031,1.9953,0.0000
3,330.4775,0.0031,1.9953,0.0000
4,231.3342,0.0031,1.9953,0.0000
5,161.9340,0.0031,1.9953,0.0000
6,113.3538,0.0031,1.9953,0.0000
0,113.3538,0.0031,1.9953,0.0000
1,113.3538,58.2022,1.9953,0.0000
2,353.5476,58.2022,1.9953,0.0000
3,247.4833,58.2022,1.9953,0.0000
4,173.2383,58.2022,1.9953,0.0000
5,121.2668,58.2022,1.9953,0.0000
6,84.8868,58.2022,1.9953,0.0000
7,59.4208,58.2022,1.9953,0.0000
0,59.4208,58.2022,1.9953,0.0000
1,273.4945,58.2022,1.9953,0.0000
2,273.4945,58.2022,1.9953,0.0000
3,191.4462,58.2022,1.9953,0.0000
4,134.0123,58.2022,1.9953,0.0000
5,93.8086,58.2022,1.9953,0.0000
6,65.6660,58.2022,1.9953,0.0000
0,65.6660,58.2022,1.9953,0.0000
1,223.5662,58.2022,1.9953,0.0000
2,223.5662,58.2022,1.9953,0.0000
3,156.4964,58.2022,1.9953,0.0000
4,109.5475,58.2022,1.9953,0.0000
5,76.6832,58.2022,1.9953,0.0000
6,53.6783,58.2022,1.9953,0.0000
0,53.6783,58.2022,1.9953,0.0000
1,53.6783,58.2022,1.9953,0.0000
2,53.6783,62.6415,1.9953,0.0000
3,53.6783,43.8491,1.9953,0.0000
4,53.6783,43.8491,1.9953,0.0000
5,183.3748,43.8491,1.9953,0.0000
6,128.3623,43.8491,1.9953,0.0000
7,89.8536,43.8491,1.9953,0.0000
8,62.8975,43.8491,1.9953,0.0000
9,44.0283,43.8491,1.9953,0.0000
10,44.0283,43.8491,1.3967,0.0000
0,44.0283,43.8491,1.3967,0.0000
1,108.5198,43.8491,1.3967,0.0000
2,75.9639,43.8491,1.3967,0.0000
3,75.9639,43.8491,1.3967,0.0000
4,53.1747,43.8491,1.3967,0.0000
5,37.2223,43.8491,1.3967,0.0000
6,37.2223,43.8491,1.3967,0.0000
0,37.2223,43.8491,1.3967,0.0000
1,37.2223,326.4944,1.3967,0.0000
2,37.2223,228.5460,1.3967,0.0000
3,37.2223,159.9822,1.3967,0.0000
4,37.2223,111.9876,1.3967,0.0000
5,37.2223,78.3913,1.3967,0.0000
6,47.0556,78.3913,1.3967,0.0000
7,47.0556,54.8739,1.3967,0.0000
8,47.0556,38.4117,1.3967,0.0000
9,32.9389,38.4117,1.3967,0.0000
10,32.9389,26.8882,1.3967,0.0000
0,32.9389,26.8882,1.3967,0.0000
1,32.9389,18.8217,1.3967,0.0000
2,101.3572,18.8217,1.3967,0.0000
3,70.9501,18.8217,1.3967,0.0000
4,49.6651,18.8217,1.3967,0.0000
5,49.6651,18.8217,0.9777,0.0000
6,49.6651,18.8217,0.6844,0.0000
7,34.7655,18.8217,0.6844,0.0000
0,34.7655,18.8217,0.6844,0.0000
1,141.9359,18.8217,0.6844,0.0000
2,99.3551,18.8217,0.6844,0.0000
3,99.3551,13.1752,0.6844,0.0000
4,69.5486,13.1752,0.6844,0.0000
5,48.6840,13.1752,0.6844,0.0000
6,34.0788,13.1752,0.6844,0.0000
0,34.0788,13.1752,0.6844,0.0000
1,106.3552,13.1752,0.6844,0.0000
2,74.4486,13.1752,0.6844,0.0000
3,52.1140,13.1752,0.6844,0.0000
4,52.1140,13.1752,0.4791,0.0000
5,36.4798,13.1752,0.4791,0.0000
6,25.5359,13.1752,0.4791,0.0000
0,25.5359,13.1752,0.4791,0.0000
1,353.5751,13.1752,0.4791,0.0000
2,247.5026,13.1752,0.4791,0.0000
3,173.2518,13.1752,0.4791,0.0000
4,121.2763,13.1752,0.4791,0.0000
5,84.8934,13.1752,0.4791,0.0000
6,59.4254,13.1752,0.4791,0.0000
0,59.4254,13.1752,0.4791,0.0000
1,229.0978,13.1752,0.4791,0.0000
2,160.3684,13.1752,0.4791,0.0000
3,112.2579,13.1752,0.4791,0.0000
4,78.5805,13.1752,0.4791,0.0000
5,55.0064,13.1752,0.4791,0.0000
6,55.0064,9.2227,0.4791,0.0000
0,55.0064,9.2227,0.4791,0.0000
1,165.1045,9.2227,0.4791,0.0000
2,115.5731,9.2227,0.4791,0.0000
3,80.9012,9.2227,0.4791,0.0000
4,56.6308,9.2227,0.4791,0.0000
5,56.6308,6.4559,0.4791,0.0000
6,39.6416,6.4559,0.4791,0.0000
0,39.6416,6.4559,0.4791,0.0000
1,130.9491,6.4559,0.4791,0.0000
2,91.6644,6.4559,0.4791,0.0000
3,64.1651,6.4559,0.4791,0.0000
4,44.9155,6.4559,0.4791,0.0000
5,31.4409,6.4559,0.4791,0.0000
6,22.0086,6.4559,0.4791,0.0000
0,22.0086,6.4559,0.4791,0.0000
1,239.8060,6.4559,0.4791,0.0000
2,167.8642,6.4559,0.4791,0.0000
3,117.5050,6.4559,0.4791,0.0000
4,82.2535,6.4559,0.4791,0.0000
5,82.2535,4.5191,0.4791,0.0000
6,57.5774,4.5191,0.4791,0.0000
0,57.5774,4.5191,0.4791,0.0000
1,271.9042,4.5191,0.4791,0.0000
2,190.3329,4.5191,0.4791,0.0000
3,133.2331,4.5191,0.4791,0.0000
4,93.2631,4.5191,0.4791,0.0000
5,65.2842,4.5191,0.4791,0.0000
6,45.6989,4.5191,0.4791,0.0000
0,45.6989,4.5191,0.4791,0.0000
1,58.9893,4.5191,0.4791,0.0000
2,41.2925,4.5191,0.4791,0.0000
3,28.9047,4.5191,0.4791,0.0000
4,20.2333,4.5191,0.4791,0.0000
5,14.1633,4.5191,0.4791,0.0000
6,9.9143,4.5191,0.4791,0.0000
0,9.9143,4.5191,0.4791,0.0000
1,87.0400,4.5191,0.4791,0.0000
2,60.9280,4.5191,0.4791,0.0000
3,60.9280,4.5191,0.3353,0.0000
4,42.6496,4.5191,0.3353,0.0000
5,29.8547,4.5191,0.3353,0.0000
6,20.8983,4.5191,0.3353,0.0000
0,20.8983,4.5191,0.3353,0.0000
1,20.8983,4.5191,0.2347,0.0000
2,112.1288,4.5191,0.2347,0.0000
3,78.4902,4.5191,0.2347,0.0000
4,54.9431,4.5191,0.2347,0.0000
5,38.4602,4.5191,0.2347,0.0000
6,26.9221,4.5191,0.2347,0.0000
7,18.8455,4.5191,0.2347,0.0000
0,18.8455,4.5191,0.2347,0.0000
1,194.9918,4.5191,0.2347,0.0000
2,136.4943,4.5191,0.2347,0.0000
3,95.5460,4.5191,0.2347,0.0000
4,95.5460,3.1634,0.2347,0.0000
5,66.8822,3.1634,0.2347,0.0000
6,46.8175,3.1634,0.2347,0.0000
0,46.8175,3.1634,0.2347,0.0000
1,292.2723,3.1634,0.2347,0.0000
2,204.5906,3.1634,0.2347,0.0000
3,143.2134,3.1634,0.2347,0.0000
4,100.2494,3.1634,0.2347,0.0000
5,70.1746,3.1634,0.2347,0.0000
6,49.1222,3.1634,0.2347,0.0000
0,49.1222,3.1634,0.2347,0.0000
1,220.3855,3.1634,0.2347,0.0000
2,154.2699,3.1634,0.2347,0.0000
3,154.2699,3.1634,0.2347,0.0000
4,107.9889,3.1634,0.2347,0.0000
5,75.5922,3.1634,0.2347,0.0000
6,52.9146,3.1634,0.2347,0.0000
0,52.9146,3.1634,0.2347,0.0000
1,461.5402,3.1634,0.2347,0.0000
2,323.0781,3.1634,0.2347,0.0000
3,226.1547,3.1634,0.2347,0.0000
4,158.3083,3.1634,0.2347,0.0000
5,110.8158,3.1634,0.2347,0.0000
6,77.5711,3.1634,0.2347,0.0000
0,77.5711,3.1634,0.2347,0.0000
1,406.7997,3.1634,0.2347,0.0000
2,284.7598,3.1634,0.2347,0.0000
3,199.3319,3.1634,0.2347,0.0000
4,139.5323,3.1634,0.2347,0.0000
5,97.6726,3.1634,0.2347,0.0000
6,68.3708,3.1634,0.2347,0.0000
0,68.3708,3.1634,0.2347,0.0000
1,68.2596,3.1634,0.2347,0.0000
2,68.2596,3.1634,0.2347,0.0000
3,68.2596,3.1634,0.2347,0.0000
4,47.7817,3.1634,0.2347,0.0000
5,33.4472,3.1634,0.2347,0.0000
6,33.4472,2.2144,0.2347,0.0000
0,33.4472,2.2144,0.2347,0.0000
1,33.4472,2.2144,0.1643,0.0000
2,71.7130,2.2144,0.1643,0.0000
3,50.1991,2.2144,0.1643,0.0000
4,35.1394,2.2144,0.1643,0.0000
5,24.5976,2.2144,0.1643,0.0000
6,17.2183,2.2144,0.1643,0.0000
7,12.0528,2.2144,0.1643,0.0000
0,12.0528,2.2144,0.1643,0.0000
1,75.0370,2.2144,0.1643,0.0000
2,52.5259,2.2144,0.1643,0.0000
3,36.7681,2.2144,0.1643,0.0000
4,36.7681,1.5501,0.1643,0.0000
5,25.7377,1.5501,0.1643,0.0000
6,18.0164,1.5501,0.1643,0.0000
0,18.0164,1.5501,0.1643,0.0000
1,184.5115,1.5501,0.1643,0.0000
2,129.1580,1.5501,0.1643,0.0000
3,129.1580,1.5501,0.1643,0.0000
4,129.1580,1.5501,0.1150,0.0000
5,129.1580,1.5501,0.0805,0.0000
6,90.4106,1.5501,0.0805,0.0000
0,90.4106,1.5501,0.0805,0.0000
1,179.3874,1.5501,0.0805,0.0000
2,125.5712,1.5501,0.0805,0.0000
3,87.8998,1.5501,0.0805,0.0000
4,61.5299,1.5501,0.0805,0.0000
5,43.0709,1.5501,0.0805,0.0000
6,43.0709,1.0850,0.0805,0.0000
0,43.0709,1.0850,0.0805,0.0000
1,148.9496,1.0850,0.0805,0.0000
2,104.2648,1.0850,0.0805,0.0000
3,72.9853,1.0850,0.0805,0.0000
4,51.0897,1.0850,0.0805,0.0000
5,35.7628,1.0850,0.0805,0.0000
6,25.0340,1.0850,0.0805,0.0000
0,25.0340,1.0850,0.0805,0.0000
1,51.7238,1.0850,0.0805,0.0000
2,36.2066,1.0850,0.0805,0.0000
3,36.2066,0.7595,0.0805,0.0000
4,25.3447,0.7595,0.0805,0.0000
5,17.7413,0.7595,0.0805,0.0000
6,17.7413,0.5317,0.0805,0.0000
0,17.7413,0.5317,0.0805,0.0000
1,31.0189,0.5317,0.0805,0.0000
2,21.7132,0.5317,0.0805,0.0000
3,15.1993,0.5317,0.0805,0.0000
4,10.6395,0.5317,0.0805,0.0000
5,7.4476,0.5317,0.0805,0.0000
6,5.2133,0.5317,0.0805,0.0000
0,5.2133,0.5317,0.0805,0.0000
1,208.8493,0.5317,0.0805,0.0000
2,146.1945,0.5317,0.0805,0.0000
3,146.1945,0.5317,0.0564,0.0000
4,102.3362,0.5317,0.0564,0.0000
5,71.6353,0.5317,0.0564,0.0000
6,50.1447,0.5317,0.0564,0.0000
0,50.1447,0.5317,0.0564,0.0000
1,51.3013,0.5317,0.0564,0.0000
2,35.9109,0.5317,0.0564,0.0000
3,25.1376,0.5317,0.0564,0.0000
4,17.5963,0.5317,0.0564,0.0000
5,12.3174,0.5317,0.0564,0.0000
6,8.6222,0.5317,0.0564,0.0000
0,8.6222,0.5317,0.0564,0.0000
1,30.3355,0.5317,0.0564,0.0000
2,30.3355,0.5317,0.0395,0.0000
3,21.2349,0.5317,0.0395,0.0000
4,21.2349,0.3722,0.0395,0.0000
5,14.8644,0.3722,0.0395,0.0000
6,10.4051,0.3722,0.0395,0.0000
0,10.4051,0.3722,0.0395,0.0000
1,64.5836,0.3722,0.0395,0.0000
2,45.2085,0.3722,0.0395,0.0000
3,31.6459,0.3722,0.0395,0.0000
4,22.1522,0.3722,0.0395,0.0000
5,15.5065,0.3722,0.0395,0.0000
6,10.8546,0.3722,0.0395,0.0000
0,10.8546,0.3722,0.0395,0.0000
1,359.1982,0.3722,0.0395,0.0000
2,251.4387,0.3722,0.0395,0.0000
3,176.0071,0.3722,0.0395,0.0000
4,123.2050,0.3722,0.0395,0.0000
5,86.2435,0.3722,0.0395,0.0000
6,60.3704,0.3722,0.0395,0.0000
0,60.3704,0.3722,0.0395,0.0000
1,93.8593,0.3722,0.0395,0.0000
2,93.8593,0.3722,0.0276,0.0000
3,65.7015,0.3722,0.0276,0.0000
4,65.7015,0.3722,0.0193,0.0000
5,45.9911,0.3722,0.0193,0.0000
6,32.1937,0.3722,0.0193,0.0000
0,32.1937,0.3722,0.0193,0.0000
1,200.4356,0.3722,0.0193,0.0000
2,140.3049,0.3722,0.0193,0.0000
3,98.2135,0.3722,0.0193,0.0000
4,68.7494,0.3722,0.0193,0.0000
5,48.1246,0.3722,0.0193,0.0000
6,33.6872,0.3722,0.0193,0.0000
0,33.6872,0.3722,0.0193,0.0000
1,137.2811,0.3722,0.0193,0.0000
2,96.0967,0.3722,0.0193,0.0000
3,96.0967,0.3722,0.0135,0.0000
4,67.2677,0.3722,0.0135,0.0000
5,47.0874,0.3722,0.0135,0.0000
6,32.9612,0.3722,0.0135,0.0000
0,32.9612,0.3722,0.0135,0.0000
1,264.8728,0.3722,0.0135,0.0000
2,185.4110,0.3722,0.0135,0.0000
3,129.7877,0.3722,0.0135,0.0000
4,90.8514,0.3722,0.0135,0.0000
5,63.5960,0.3722,0.0135,0.0000
6,44.5172,0.3722,0.0135,0.0000
0,44.5172,0.3722,0.0135,0.0000
1,197.3620,0.3722,0.0135,0.0000
2,138.1534,0.3722,0.0135,0.0000
3,96.7074,0.3722,0.0135,0.0000
4,67.6952,0.3722,0.0135,0.0000
5,47.3866,0.3722,0.0135,0.0000
6,33.1706,0.3722,0.0135,0.0000
0,33.1706,0.3722,0.0135,0.0000
1,477.4194,0.3722,0.0135,0.0000
2,334.1936,0.3722,0.0135,0.0000
3,334.1936,0.3722,0.0135,0.0000
4,233.9355,0.3722,0.0135,0.0000
5,163.7549,0.3722,0.0135,0.0000
6,114.6284,0.3722,0.0135,0.0000
0,114.6284,0.3722,0.0135,0.0000
1,457.0399,0.3722,0.0135,0.0000
2,319.9279,0.3722,0.0135,0.0000
3,223.9495,0.3722,0.0135,0.0000
4,223.9495,0.3722,0.0135,0.0000
5,156.7647,0.3722,0.0135,0.0000
6,156.7647,0.2605,0.0135,0.0000
0,156.7647,0.2605,0.0135,0.0000
1,252.8353,0.2605,0.0135,0.0000
2,176.9847,0.2605,0.0135,0.0000
3,123.8893,0.2605,0.0135,0.0000
4,123.8893,0.2605,0.0135,0.0000
5,86.7225,0.2605,0.0135,0.0000
6,60.7057,0.2605,0.0135,0.0000
0,60.7057,0.2605,0.0135,0.0000
1,162.7940,0.2605,0.0135,0.0000
2,162.7940,0.1824,0.0135,0.0000
3,113.9558,0.1824,0.0135,0.0000
4,113.9558,0.1277,0.0135,0.0000
5,79.7691,0.1277,0.0135,0.0000
6,55.8384,0.1277,0.0135,0.0000
0,55.8384,0.1277,0.0135,0.0000
1,82.5868,0.1277,0.0135,0.0000
2,57.8108,0.1277,0.0135,0.0000
3,40.4676,0.1277,0.0135,0.0000
4,28.3273,0.1277,0.0135,0.0000
5,19.8291,0.1277,0.0135,0.0000
6,13.8804,0.1277,0.0135,0.0000
0,13.8804,0.1277,0.0135,0.0000
1,252.4163,0.1277,0.0135,0.0000
2,176.6914,0.1277,0.0135,0.0000
3,123.6840,0.1277,0.0135,0.0000
4,123.6840,0.1277,0.0135,0.0000
5,86.5788,0.1277,0.0135,0.0000
6,60.6051,0.1277,0.0135,0.0000
0,60.6051,0.1277,0.0135,0.0000
1,169.3236,0.1277,0.0135,0.0000
2,169.3236,0.0894,0.0135,0.0000
3,118.5265,0.0894,0.0135,0.0000
4,118.5265,0.0626,0.0135,0.0000
5,82.9686,0.0626,0.0135,0.0000
6,58.0780,0.0626,0.0135,0.0000
0,58.0780,0.0626,0.0135,0.0000
1,269.8546,0.0626,0.0135,0.0000
2,188.8982,0.0626,0.0135,0.0000
3,188.8982,0.0438,0.0135,0.0000
4,132.2288,0.0438,0.0135,0.0000
5,92.5601,0.0438,0.0135,0.0000
6,92.5601,0.0438,0.0095,0.0000
0,92.5601,0.0438,0.0095,0.0000
1,148.7921,0.0438,0.0095,0.0000
2,148.7921,0.0438,0.0066,0.0000
3,104.1545,0.0438,0.0066,0.0000
4,104.1545,0.0438,0.0046,0.0000
5,72.9081,0.0438,0.0046,0.0000
6,51.0357,0.0438,0.0046,0.0000
0,51.0357,0.0438,0.0046,0.0000
1,147.6250,0.0438,0.0046,0.0000
2,103.3375,0.0438,0.0046,0.0000
3,72.3362,0.0438,0.0046,0.0000
4,50.6354,0.0438,0.0046,0.0000
5,50.6354,0.0438,0.0046,0.0000
6,35.4448,0.0438,0.0046,0.0000
0,35.4448,0.0438,0.0046,0.0000
1,219.2113,0.0438,0.0046,0.0000
2,153.4479,0.0438,0.0046,0.0000
3,107.4136,0.0438,0.0046,0.0000
4,75.1895,0.0438,0.0046,0.0000
5,52.6326,0.0438,0.0046,0.0000
6,36.8428,0.0438,0.0046,0.0000
0,36.8428,0.0438,0.0046,0.0000
1,241.4900,0.0438,0.0046,0.0000
2,169.0430,0.0438,0.0046,0.0000
3,118.3301,0.0438,0.0046,0.0000
4,118.3301,0.0306,0.0046,0.0000
5,82.8311,0.0306,0.0046,0.0000
6,82.8311,0.0306,0.0046,0.0000
0,82.8311,0.0306,0.0046,0.0000
1,393.9817,0.0306,0.0046,0.0000
2,275.7872,0.0306,0.0046,0.0000
3,193.0511,0.0306,0.0046,0.0000
4,135.1357,0.0306,0.0046,0.0000
5,94.5950,0.0306,0.0046,0.0000
6,66.2165,0.0306,0.0046,0.0000
0,66.2165,0.0306,0.0046,0.0000
1,119.2516,0.0306,0.0046,0.0000
2,83.4761,0.0306,0.0046,0.0000
3,58.4333,0.0306,0.0046,0.0000
4,40.9033,0.0306,0.0046,0.0000
5,28.6323,0.0306,0.0046,0.0000
6,20.0426,0.0306,0.0046,0.0000
0,20.0426,0.0306,0.0046,0.0000
1,94.1298,0.0306,0.0046,0.0000
2,65.8909,0.0306,0.0046,0.0000
3,65.8909,0.0306,0.0032,0.0000
4,46.1236,0.0306,0.0032,0.0000
5,32.2865,0.0306,0.0032,0.0000
6,22.6006,0.0306,0.0032,0.0000
0,22.6006,0.0306,0.0032,0.0000
1,208.4204,0.0306,0.0032,0.0000
2,145.8943,0.0306,0.0032,0.0000
3,145.8943,0.0215,0.0032,0.0000
4,102.1260,0.0215,0.0032,0.0000
5,71.4882,0.0215,0.0032,0.0000
6,50.0417,0.0215,0.0032,0.0000
0,50.0417,0.0215,0.0032,0.0000
1,145.4292,0.0215,0.0032,0.0000
2,101.8005,0.0215,0.0032,0.0000
3,71.2603,0.0215,0.0032,0.0000
4,49.8822,0.0215,0.0032,0.0000
5,34.9176,0.0215,0.0032,0.0000
6,24.4423,0.0215,0.0032,0.0000
0,24.4423,0.0215,0.0032,0.0000
1,263.1096,0.0215,0.0032,0.0000
2,184.1767,0.0215,0.0032,0.0000
3,128.9237,0.0215,0.0032,0.0000
4,90.2466,0.0215,0.0032,0.0000
5,63.1726,0.0215,0.0032,0.0000
6,44.2208,0.0215,0.0032,0.0000
0,44.2208,0.0215,0.0032,0.0000
1,44.2208,0.0215,117.0023,0.0000
2,44.2208,0.0215,81.9016,0.0000
3,44.2208,0.0215,57.3311,0.0000
4,44.2208,0.0215,40.1318,0.0000
5,33.9546,0.0215,40.1318,0.0000
6,33.9546,0.0215,28.0922,0.0000
7,23.7682,0.0215,28.0922,0.0000
8,23.7682,0.0215,19.6646,0.0000
9,16.6377,0.0215,19.6646,0.0000
10,16.6377,0.0215,13.7652,0.0000
0,16.6377,0.0215,13.7652,0.0000
1,186.8464,0.0215,13.7652,0.0000
2,130.7925,0.0215,13.7652,0.0000
3,91.5547,0.0215,13.7652,0.0000
4,64.0883,0.0215,13.7652,0.0000
5,44.8618,0.0215,13.7652,0.0000
6,31.4033,0.0215,13.7652,0.0000
0,31.4033,0.0215,13.7652,0.0000
1,175.8823,0.0215,13.7652,0.0000
2,123.1176,0.0215,13.7652,0.0000
3,86.1823,0.0215,13.7652,0.0000
4,60.3276,0.0215,13.7652,0.0000
5,42.2293,0.0215,13.7652,0.0000
6,29.5605,0.0215,13.7652,0.0000
0,29.5605,0.0215,13.7652,0.0000
1,29.5605,0.0215,13.7652,0.0000
2,68.6924,0.0215,13.7652,0.0000
3,48.0847,0.0215,13.7652,0.0000
4,33.6593,0.0215,13.7652,0.0000
5,33.6593,0.0215,9.6356,0.0000
6,23.5615,0.0215,9.6356,0.0000
7,16.4930,0.0215,9.6356,0.0000
0,16.4930,0.0215,9.6356,0.0000
1,221.2451,0.0215,9.6356,0.0000
2,154.8716,0.0215,9.6356,0.0000
3,154.8716,0.0215,6.7449,0.0000
4,108.4101,0.0215,6.7449,0.0000
5,75.8871,0.0215,6.7449,0.0000
6,53.1210,0.0215,6.7449,0.0000
0,53.1210,0.0215,6.7449,0.0000
1,158.6847,0.0215,6.7449,0.0000
2,111.0793,0.0215,6.7449,0.0000
3,111.0793,0.0215,6.7449,0.0000
4,77.7555,0.0215,6.7449,0.0000
5,77.7555,0.0215,4.7215,0.0000
6,54.4288,0.0215,4.7215,0.0000
0,54.4288,0.0215,4.7215,0.0000
1,216.6002,0.0215,4.7215,0.0000
2,151.6201,0.0215,4.7215,0.0000
3,106.1341,0.0215,4.7215,0.0000
4,106.1341,0.0215,3.3050,0.0000
5,106.1341,0.0215,2.3135,0.0000
6,74.2939,0.0215,2.3135,0.0000
0,74.2939,0.0215,2.3135,0.0000
1,131.2057,0.0215,2.3135,0.0000
2,91.8440,0.0215,2.3135,0.0000
3,64.2908,0.0215,2.3135,0.0000
4,45.0036,0.0215,2.3135,0.0000
5,45.0036,0.0215,2.3135,0.0000
6,31.5025,0.0215,2.3135,0.0000
0,31.5025,0.0215,2.3135,0.0000
1,175.9517,0.0215,2.3135,0.0000
2,123.1662,0.0215,2.3135,0.0000
3,123.1662,0.0215,1.6195,0.0000
4,86.2164,0.0215,1.6195,0.0000
5,86.2164,0.0215,1.6195,0.0000
6,60.3514,0.0215,1.6195,0.0000
0,60.3514,0.0215,1.6195,0.0000
1,138.2460,0.0215,1.6195,0.0000
2,96.7722,0.0215,1.6195,0.0000
3,67.7405,0.0215,1.6195,0.0000
4,47.4184,0.0215,1.6195,0.0000
5,33.1929,0.0215,1.6195,0.0000
6,33.1929,0.0215,1.6195,0.0000
0,33.1929,0.0215,1.6195,0.0000
1,33.1929,0.0150,1.6195,0.0000
2,33.1929,0.0150,1.1336,0.0000
3,33.1929,0.0150,0.7935,0.0000
4,70.3350,0.0150,0.7935,0.0000
5,49.2345,0.0150,0.7935,0.0000
6,34.4642,0.0150,0.7935,0.0000
7,24.1249,0.0150,0.7935,0.0000
8,16.8874,0.0150,0.7935,0.0000
9,11.8212,0.0150,0.7935,0.0000
0,11.8212,0.0150,0.7935,0.0000
1,12.7748,0.0150,0.7935,0.0000
2,12.7748,0.0105,0.7935,0.0000
3,8.9424,0.0105,0.7935,0.0000
4,6.2597,0.0105,0.7935,0.0000
5,4.3818,0.0105,0.7935,0.0000
6,3.0672,0.0105,0.7935,0.0000
0,3.0672,0.0105,0.7935,0.0000
1,153.3471,0.0105,0.7935,0.0000
2,107.3429,0.0105,0.7935,0.0000
3,75.1401,0.0105,0.7935,0.0000
4,52.5980,0.0105,0.7935,0.0000
5,36.8186,0.0105,0.7935,0.0000
6,25.7730,0.0105,0.7935,0.0000
0,25.7730,0.0105,0.7935,0.0000
1,77.4411,0.0105,0.7935,0.0000
2,54.2088,0.0105,0.7935,0.0000
3,54.2088,0.0105,0.7935,0.0000
4,37.9462,0.0105,0.7935,0.0000
5,37.9462,0.0074,0.7935,0.0000
6,26.5623,0.0074,0.7935,0.0000
0,26.5623,0.0074,0.7935,0.0000
1,257.9936,0.0074,0.7935,0.0000
2,180.5955,0.0074,0.7935,0.0000
3,126.4169,0.0074,0.7935,0.0000
4,88.4918,0.0074,0.7935,0.0000
5,61.9443,0.0074,0.7935,0.0000
6,43.3610,0.0074,0.7935,0.0000
0,43.3610,0.0074,0.7935,0.0000
1,47.7527,0.0074,0.7935,0.0000
2,33.4269,0.0074,0.7935,0.0000
3,23.3988,0.0074,0.7935,0.0000
4,16.3792,0.0074,0.7935,0.0000
5,11.4654,0.0074,0.7935,0.0000
6,8.0258,0.0074,0.7935,0.0000
0,8.0258,0.0074,0.7935,0.0000
1,23.3181,0.0074,0.7935,0.0000
2,16.3226,0.0074,0.7935,0.0000
3,11.4258,0.0074,0.7935,0.0000
4,11.4258,0.0052,0.7935,0.0000
5,11.4258,0.0036,0.7935,0.0000
6,7.9981,0.0036,0.7935,0.0000
0,7.9981,0.0036,0.7935,0.0000
1,115.9987,0.0036,0.7935,0.0000
2,81.1991,0.0036,0.7935,0.0000
3,56.8393,0.0036,0.7935,0.0000
4,39.7875,0.0036,0.7935,0.0000
5,27.8513,0.0036,0.7935,0.0000
6,19.4959,0.0036,0.7935,0.0000
0,19.4959,0.0036,0.7935,0.0000
1,162.7471,0.0036,0.7935,0.0000
2,113.9230,0.0036,0.7935,0.0000
3,79.7461,0.0036,0.7935,0.0000
4,55.8223,0.0036,0.7935,0.0000
5,39.0756,0.0036,0.7935,0.0000
6,27.3529,0.0036,0.7935,0.0000
0,27.3529,0.0036,0.7935,0.0000
1,155.3470,0.0036,0.7935,0.0000
2,108.7429,0.0036,0.7935,0.0000
3,76.1200,0.0036,0.7935,0.0000
4,53.2840,0.0036,0.7935,0.0000
5,37.2988,0.0036,0.7935,0.0000
6,26.1092,0.0036,0.7935,0.0000
0,26.1092,0.0036,0.7935,0.0000
1,161.0764,0.0036,0.7935,0.0000
2,112.7535,0.0036,0.7935,0.0000
3,78.9274,0.0036,0.7935,0.0000
4,55.2492,0.0036,0.7935,0.0000
5,38.6744,0.0036,0.7935,0.0000
6,27.0721,0.0036,0.7935,0.0000
0,27.0721,0.0036,0.7935,0.0000
1,205.2505,0.0036,0.7935,0.0000
2,143.6753,0.0036,0.7935,0.0000
3,100.5727,0.0036,0.7935,0.0000
4,70.4009,0.0036,0.7935,0.0000
5,70.4009,0.0025,0.7935,0.0000
6,49.2806,0.0025,0.7935,0.0000
0,49.2806,0.0025,0.7935,0.0000
1,175.7964,0.0025,0.7935,0.0000
2,123.0575,0.0025,0.7935,0.0000
3,86.1403,0.0025,0.7935,0.0000
4,60.2982,0.0025,0.7935,0.0000
5,60.2982,0.0025,0.5555,0.0000
6,42.2087,0.0025,0.5555,0.0000
0,42.2087,0.0025,0.5555,0.0000
1,243.1461,0.0025,0.5555,0.0000
2,170.2023,0.0025,0.5555,0.0000
3,119.1416,0.0025,0.5555,0.0000
4,83.3991,0.0025,0.5555,0.0000
5,58.3794,0.0025,0.5555,0.0000
6,40.8656,0.0025,0.5555,0.0000
0,40.8656,0.0025,0.5555,0.0000
1,137.8059,0.0025,0.5555,0.0000
2,96.4641,0.0025,0.5555,0.0000
3,96.4641,0.0025,0.5555,0.0000
4,67.5249,0.0025,0.5555,0.0000
5,47.2674,0.0025,0.5555,0.0000
6,33.0872,0.0025,0.5555,0.0000
0,33.0872,0.0025,0.5555,0.0000
1,33.0872,0.0025,0.5555,0.0000
2,416.1610,0.0025,0.5555,0.0000
3,416.1610,0.0025,0.3888,0.0000
4,291.3127,0.0025,0.3888,0.0000
5,203.9189,0.0025,0.3888,0.0000
6,203.9189,0.0025,0.2722,0.0000
7,203.9189,0.3018,0.2722,0.0000
8,146.9432,0.3018,0.2722,0.0000
9,102.8603,0.3018,0.2722,0.0000
10,72.0022,0.3018,0.2722,0.0000
0,72.0022,0.3018,0.2722,0.0000
1,50.4015,0.3018,0.2722,0.0000
2,35.2811,0.3018,0.2722,0.0000
3,35.2811,152.3112,0.2722,0.0000
4,35.2811,106.6179,0.2722,0.0000
5,35.2811,74.6325,0.2722,0.0000
6,35.2811,52.2428,0.2722,0.0000
7,35.2811,36.5699,0.2722,0.0000
8,35.2811,25.5989,0.2722,0.0000
0,35.2811,25.5989,0.2722,0.0000
1,160.8967,25.5989,0.2722,0.0000
2,112.6277,25.5989,0.2722,0.0000
3,78.8394,25.5989,0.2722,0.0000
4,55.1876,25.5989,0.2722,0.0000
5,38.6313,25.5989,0.2722,0.0000
6,27.0419,25.5989,0.2722,0.0000
0,27.0419,25.5989,0.2722,0.0000
1,72.9293,25.5989,0.2722,0.0000
2,51.0505,25.5989,0.2722,0.0000
3,35.7354,25.5989,0.2722,0.0000
4,25.0148,25.5989,0.2722,0.0000
5,25.0148,25.5989,459.1905,0.0000
6,52.9103,25.5989,459.1905,0.0000
7,52.9103,25.5989,321.4334,0.0000
8,52.9103,25.5989,225.0034,0.0000
9,52.9103,25.5989,157.5024,0.0000
10,52.9103,25.5989,110.2516,0.0000
0,52.9103,25.5989,110.2516,0.0000
1,52.9103,25.5989,77.1762,0.0000
2,52.9103,25.5989,54.0233,0.0000
3,52.9103,25.5989,37.8163,0.0000
4,175.6372,25.5989,37.8163,0.0000
5,122.9461,25.5989,37.8163,0.0000
6,86.0622,25.5989,37.8163,0.0000
7,60.2436,25.5989,37.8163,0.0000
8,42.1705,25.5989,37.8163,0.0000
9,29.5193,25.5989,37.8163,0.0000
0,29.5193,25.5989,37.8163,0.0000
1,29.5193,25.5989,149.4714,0.0000
2,29.5193,25.5989,149.4714,0.0000
3,29.5193,25.5989,104.6300,0.0000
4,29.5193,25.5989,73.2410,0.0000
5,29.5193,25.5989,51.2687,0.0000
6,29.5193,25.5989,35.8881,0.0000
0,29.5193,25.5989,35.8881,0.0000
1,29.5193,25.5989,356.6217,0.0000
2,29.5193,25.5989,249.6352,0.0000
3,29.5193,25.5989,249.6352,0.0000
4,29.5193,25.5989,174.7446,0.0000
5,29.5193,25.5989,122.3212,0.0000
6,29.5193,25.5989,85.6249,0.0000
0,29.5193,25.5989,85.6249,0.0000
1,29.5193,25.5989,113.9374,0.0000
2,29.5193,25.5989,79.7562,0.0000
3,29.5193,25.5989,55.8293,0.0000
4,29.5193,25.5989,39.0805,0.0000
5,29.5193,25.5989,39.0805,0.0000
6,29.5193,25.5989,27.3564,0.0000
0,29.5193,25.5989,27.3564,0.0000
1,441.5635,25.5989,27.3564,0.0000
2,309.0945,25.5989,27.3564,0.0000
3,309.0945,27.8193,27.3564,0.0000
4,216.3661,27.8193,27.3564,0.0000
5,216.3661,27.8193,27.3564,0.0000
6,151.4563,27.8193,27.3564,0.0000
7,106.0194,27.8193,27.3564,0.0000
8,74.2136,27.8193,27.3564,0.0000
0,74.2136,27.8193,27.3564,0.0000
1,91.5495,27.8193,27.3564,0.0000
2,64.0847,27.8193,27.3564,0.0000
3,44.8593,27.8193,27.3564,0.0000
4,31.4015,27.8193,27.3564,0.0000
5,31.4015,27.8193,27.3564,0.0000
6,21.9810,27.8193,27.3564,0.0000
0,21.9810,27.8193,27.3564,0.0000
1,21.9810,178.4735,27.3564,0.0000
2,21.9810,124.9314,27.3564,0.0000
3,21.9810,87.4520,27.3564,0.0000
4,21.9810,61.2164,27.3564,0.0000
5,21.9810,42.8515,27.3564,0.0000
6,21.9810,29.9960,27.3564,0.0000
0,21.9810,29.9960,27.3564,0.0000
1,21.9810,219.5972,27.3564,0.0000
2,21.9810,153.7181,27.3564,0.0000
3,21.9810,153.7181,92.3495,0.0000
4,21.9810,131.6026,92.3495,0.0000
5,21.9810,92.1218,92.3495,0.0000
6,21.9810,92.1218,64.6446,0.0000
7,21.9810,64.4853,64.6446,0.0000
8,21.9810,64.4853,45.2512,0.0000
9,21.9810,45.1397,45.2512,0.0000
0,21.9810,45.1397,45.2512,0.0000
1,21.9810,45.1397,31.6759,0.0000
2,21.9810,31.5978,31.6759,0.0000
3,21.9810,31.5978,22.1731,0.0000
4,21.9810,22.1185,22.1731,0.0000
5,21.9810,22.1185,15.5212,0.0000
0,21.9810,22.1185,15.5212,0.0000
1,21.9810,96.4829,15.5212,0.0000
2,21.9810,67.5380,15.5212,0.0000
3,21.9810,47.2766,15.5212,0.0000
4,21.9810,33.0936,15.5212,0.0000
5,21.9810,23.1655,15.5212,0.0000
6,21.9810,16.2159,15.5212,0.0000
0,21.9810,16.2159,15.5212,0.0000
1,251.4867,16.2159,15.5212,0.0000
2,251.4867,16.2159,10.8648,0.0000
3,251.4867,16.2159,7.6054,0.0000
4,176.0407,16.2159,7.6054,0.0000
5,123.2285,16.2159,7.6054,0.0000
6,86.2599,16.2159,7.6054,0.0000
0,86.2599,16.2159,7.6054,0.0000
1,290.7820,16.2159,7.6054,0.0000
2,203.5474,16.2159,7.6054,0.0000
3,142.4832,16.2159,7.6054,0.0000
4,99.7382,16.2159,7.6054,0.0000
5,99.7382,16.2159,7.6054,0.0000
6,69.8167,16.2159,7.6054,0.0000
0,69.8167,16.2159,7.6054,0.0000
1,207.8717,16.2159,7.6054,0.0000
2,145.5102,16.2159,7.6054,0.0000
3,101.8571,16.2159,7.6054,0.0000
4,71.3000,16.2159,7.6054,0.0000
5,49.9100,16.2159,7.6054,0.0000
6,34.9370,16.2159,7.6054,0.0000
0,34.9370,16.2159,7.6054,0.0000
1,240.1559,16.2159,7.6054,0.0000
2,168.1091,16.2159,7.6054,0.0000
3,117.6764,16.2159,7.6054,0.0000
4,82.3735,16.2159,7.6054,0.0000
5,57.6614,16.2159,7.6054,0.0000
6,40.3630,16.2159,7.6054,0.0000
0,40.3630,16.2159,7.6054,0.0000
1,533.4541,16.2159,7.6054,0.0000
2,373.4179,16.2159,7.6054,0.0000
3,373.4179,16.2159,5.3238,0.0000
4,261.3925,16.2159,5.3238,0.0000
5,182.9748,16.2159,5.3238,0.0000
6,128.0823,16.2159,5.3238,0.0000
0,128.0823,16.2159,5.3238,0.0000
1,128.0823,16.2159,149.8266,0.0000
2,128.0823,98.9511,149.8266,0.0000
3,128.0823,98.9511,284.5786,0.0000
4,128.0823,98.9511,199.2051,0.0000
5,128.0823,98.9511,139.4435,0.0000
6,128.0823,98.9511,97.6105,0.0000
7,128.0823,98.9511,97.6105,0.0000
8,190.4576,98.9511,97.6105,0.0000
9,133.3203,98.9511,97.6105,0.0000
10,93.3242,98.9511,97.6105,0.0000
0,93.3242,98.9511,97.6105,0.0000
1,93.3242,98.9511,130.7273,0.0000
2,93.3242,98.9511,91.5091,0.0000
3,93.3242,100.4658,91.5091,0.0000
4,93.3242,70.3260,91.5091,0.0000
5,427.1270,70.3260,91.5091,0.0000
6,427.1270,49.2282,91.5091,0.0000
7,298.9889,49.2282,91.5091,0.0000
8,298.9889,34.4598,91.5091,0.0000
9,209.2922,34.4598,91.5091,0.0000
10,146.5045,34.4598,91.5091,0.0000
0,146.5045,34.4598,91.5091,0.0000
1,448.7532,34.4598,91.5091,0.0000
2,314.1272,34.4598,91.5091,0.0000
3,219.8891,34.4598,91.5091,0.0000
4,153.9223,34.4598,91.5091,0.0000
5,107.7456,34.4598,91.5091,0.0000
6,75.4219,34.4598,91.5091,0.0000
0,75.4219,34.4598,91.5091,0.0000
1,75.4219,34.4598,64.0564,0.0000
2,75.4219,384.7218,64.0564,0.0000
3,75.4219,269.3053,64.0564,0.0000
4,75.4219,188.5137,64.0564,0.0000
5,75.4219,131.9596,64.0564,0.0000
6,75.4219,92.3717,64.0564,0.0000
7,75.4219,64.6602,64.0564,0.0000
0,75.4219,64.6602,64.0564,0.0000
1,757.4954,64.6602,64.0564,0.0000
2,757.4954,64.6602,64.0564,0.0000
3,530.2468,64.6602,64.0564,0.0000
4,371.1727,64.6602,64.0564,0.0000
5,371.1727,64.6602,44.8395,0.0000
6,259.8209,64.6602,44.8395,0.0000
0,259.8209,64.6602,44.8395,0.0000
1,678.6746,64.6602,44.8395,0.0000
2,475.0722,64.6602,44.8395,0.0000
3,332.5506,64.6602,44.8395,0.0000
4,232.7854,64.6602,44.8395,0.0000
5,162.9498,64.6602,44.8395,0.0000
6,114.0648,64.6602,44.8395,0.0000
0,114.0648,64.6602,44.8395,0.0000
1,1120.5454,64.6602,44.8395,0.0000
2,1120.5454,45.2621,44.8395,0.0000
3,784.3818,45.2621,44.8395,0.0000
4,549.0672,45.2621,44.8395,0.0000
5,384.3471,45.2621,44.8395,0.0000
6,269.0429,45.2621,44.8395,0.0000
0,269.0429,45.2621,44.8395,0.0000
1,269.0429,45.2621,371.5876,0.0000
2,269.0429,45.2621,260.1113,0.0000
3,188.3301,45.2621,260.1113,0.0000
4,188.3301,31.6835,260.1113,0.0000
5,131.8310,31.6835,260.1113,0.0000
6,131.8310,31.6835,182.0779,0.0000
0,131.8310,31.6835,182.0779,0.0000
1,131.8310,31.6835,127.4546,0.0000
2,137.8817,31.6835,127.4546,0.0000
3,96.5172,31.6835,127.4546,0.0000
4,96.5172,31.6835,89.2182,0.0000
5,96.5172,22.1784,89.2182,0.0000
6,96.5172,22.1784,89.2182,0.0000
7,67.5620,22.1784,89.2182,0.0000
0,67.5620,22.1784,89.2182,0.0000
1,67.5620,22.1784,622.5527,0.0000
2,67.5620,22.1784,622.5527,0.0000
3,67.5620,22.1784,435.7869,0.0000
4,67.5620,22.1784,305.0508,0.0000
5,67.5620,22.1784,213.5356,0.0000
6,67.5620,22.1784,149.4749,0.0000
0,67.5620,22.1784,149.4749,0.0000
1,67.5620,22.1784,167.6324,0.0000
2,67.5620,22.1784,117.3427,0.0000
3,67.5620,22.1784,82.1399,0.0000
4,67.5620,22.1784,57.4979,0.0000
5,67.5620,22.1784,57.4979,0.0000
6,368.8934,22.1784,57.4979,0.0000
7,258.2254,22.1784,57.4979,0.0000
8,180.7578,22.1784,57.4979,0.0000
9,126.5304,22.1784,57.4979,0.0000
10,88.5713,22.1784,57.4979,0.0000
0,88.5713,22.1784,57.4979,0.0000
1,728.8999,22.1784,57.4979,0.0000
2,728.8999,15.5249,57.4979,0.0000
3,510.2299,15.5249,57.4979,0.0000
4,510.2299,15.5249,57.4979,0.0000
5,357.1610,15.5249,57.4979,0.0000
6,357.1610,15.5249,57.4979,0.0000
0,357.1610,15.5249,57.4979,0.0000
1,565.0127,15.5249,57.4979,0.0000
2,395.5089,15.5249,57.4979,0.0000
3,276.8562,15.5249,57.4979,0.0000
4,193.7993,15.5249,57.4979,0.0000
5,193.7993,15.5249,40.2485,0.0000
6,135.6595,15.5249,40.2485,0.0000
0,135.6595,15.5249,40.2485,0.0000
1,392.5617,15.5249,40.2485,0.0000
2,274.7932,15.5249,40.2485,0.0000
3,192.3552,15.5249,40.2485,0.0000
4,134.6487,15.5249,40.2485,0.0000
5,94.2541,15.5249,40.2485,0.0000
6,65.9778,15.5249,40.2485,0.0000
0,65.9778,15.5249,40.2485,0.0000
1,65.9778,15.5249,349.1740,0.0000
2,65.9778,15.5249,244.4218,0.0000
3,65.9778,15.5249,171.0953,0.0000
4,65.9778,15.5249,119.7667,0.0000
5,65.9778,15.5249,83.8367,0.0000
6,65.9778,15.5249,58.6857,0.0000
0,65.9778,15.5249,58.6857,0.0000
1,624.5845,15.5249,58.6857,0.0000
2,437.2091,15.5249,58.6857,0.0000
3,306.0464,15.5249,58.6857,0.0000
4,214.2325,15.5249,58.6857,0.0000
5,149.9627,15.5249,58.6857,0.0000
6,149.9627,10.8674,58.6857,0.0000
0,149.9627,10.8674,58.6857,0.0000
1,878.0739,10.8674,58.6857,0.0000
2,614.6517,10.8674,58.6857,0.0000
3,430.2562,10.8674,58.6857,0.0000
4,301.1794,10.8674,58.6857,0.0000
5,210.8255,10.8674,58.6857,0.0000
6,147.5779,10.8674,58.6857,0.0000
0,147.5779,10.8674,58.6857,0.0000
1,160.9045,10.8674,58.6857,0.0000
2,112.6332,10.8674,58.6857,0.0000
3,78.8432,10.8674,58.6857,0.0000
4,55.1902,10.8674,58.6857,0.0000
5,55.1902,10.8674,41.0800,0.0000
6,55.1902,7.6072,41.0800,0.0000
0,55.1902,7.6072,41.0800,0.0000
1,248.6332,7.6072,41.0800,0.0000
2,174.0432,7.6072,41.0800,0.0000
3,121.8303,7.6072,41.0800,0.0000
4,85.2812,7.6072,41.0800,0.0000
5,59.6968,7.6072,41.0800,0.0000
6,41.7878,7.6072,41.0800,0.0000
0,41.7878,7.6072,41.0800,0.0000
1,186.1514,7.6072,41.0800,0.0000
2,186.1514,7.6072,41.0800,0.0000
3,130.3060,7.6072,41.0800,0.0000
4,91.2142,7.6072,41.0800,0.0000
5,63.8499,7.6072,41.0800,0.0000
6,44.6950,7.6072,41.0800,0.0000
0,44.6950,7.6072,41.0800,0.0000
1,294.0865,7.6072,41.0800,0.0000
2,205.8605,7.6072,41.0800,0.0000
3,144.1024,7.6072,41.0800,0.0000
4,100.8717,7.6072,41.0800,0.0000
5,70.6102,7.6072,41.0800,0.0000
6,70.6102,7.6072,28.7560,0.0000
0,70.6102,7.6072,28.7560,0.0000
1,524.6271,7.6072,28.7560,0.0000
2,367.2390,7.6072,28.7560,0.0000
3,257.0673,7.6072,28.7560,0.0000
4,179.9471,7.6072,28.7560,0.0000
5,125.9630,7.6072,28.7560,0.0000
6,88.1741,7.6072,28.7560,0.0000
0,88.1741,7.6072,28.7560,0.0000
1,386.0219,7.6072,28.7560,0.0000
2,270.2153,7.6072,28.7560,0.0000
3,189.1507,7.6072,28.7560,0.0000
4,132.4055,7.6072,28.7560,0.0000
5,92.6838,7.6072,28.7560,0.0000
6,64.8787,7.6072,28.7560,0.0000
0,64.8787,7.6072,28.7560,0.0000
1,213.4151,7.6072,28.7560,0.0000
2,149.3906,7.6072,28.7560,0.0000
3,104.5734,7.6072,28.7560,0.0000
4,73.2014,7.6072,28.7560,0.0000
5,51.2410,7.6072,28.7560,0.0000
6,35.8687,7.6072,28.7560,0.0000
0,35.8687,7.6072,28.7560,0.0000
1,160.4081,7.6072,28.7560,0.0000
2,112.2856,7.6072,28.7560,0.0000
3,78.6000,7.6072,28.7560,0.0000
4,55.0200,7.6072,28.7560,0.0000
5,38.5140,7.6072,28.7560,0.0000
6,26.9598,7.6072,28.7560,0.0000
0,26.9598,7.6072,28.7560,0.0000
1,26.9598,7.6072,60.9292,0.0000
2,26.9598,7.6072,42.6504,0.0000
3,26.9598,7.6072,29.8553,0.0000
4,26.9598,7.6072,29.8553,0.0000
5,26.9598,7.6072,20.8987,0.0000
6,189.8718,7.6072,20.8987,0.0000
7,189.8718,7.6072,20.8987,0.0000
8,132.9103,7.6072,20.8987,0.0000
9,93.0372,7.6072,20.8987,0.0000
10,65.1260,7.6072,20.8987,0.0000
0,65.1260,7.6072,20.8987,0.0000
1,380.0882,7.6072,20.8987,0.0000
2,266.0618,7.6072,20.8987,0.0000
3,186.2432,7.6072,20.8987,0.0000
4,186.2432,7.6072,20.8987,0.0000
5,130.3703,7.6072,20.8987,0.0000
6,91.2592,7.6072,20.8987,0.0000
0,91.2592,7.6072,20.8987,0.0000
1,291.5814,7.6072,20.8987,0.0000
2,204.1070,7.6072,20.8987,0.0000
3,142.8749,7.6072,20.8987,0.0000
4,100.0124,7.6072,20.8987,0.0000
5,70.0087,7.6072,20.8987,0.0000
6,49.0061,7.6072,20.8987,0.0000
0,49.0061,7.6072,20.8987,0.0000
1,368.2043,7.6072,20.8987,0.0000
2,257.7430,7.6072,20.8987,0.0000
3,180.4201,7.6072,20.8987,0.0000
4,126.2941,7.6072,20.8987,0.0000
5,88.4058,7.6072,20.8987,0.0000
6,61.8841,7.6072,20.8987,0.0000
0,61.8841,7.6072,20.8987,0.0000
1,732.4189,7.6072,20.8987,0.0000
2,512.6932,7.6072,20.8987,0.0000
3,358.8852,7.6072,20.8987,0.0000
4,358.8852,7.6072,14.6291,0.0000
5,251.2197,7.6072,14.6291,0.0000
6,175.8538,7.6072,14.6291,0.0000
0,175.8538,7.6072,14.6291,0.0000
1,223.8976,7.6072,14.6291,0.0000
2,156.7283,7.6072,14.6291,0.0000
3,109.7098,7.6072,14.6291,0.0000
4,76.7969,7.6072,14.6291,0.0000
5,53.7578,7.6072,14.6291,0.0000
6,53.7578,5.3250,14.6291,0.0000
0,53.7578,5.3250,14.6291,0.0000
1,284.8305,5.3250,14.6291,0.0000
2,199.3813,5.3250,14.6291,0.0000
3,139.5669,5.3250,14.6291,0.0000
4,97.6969,5.3250,14.6291,0.0000
5,68.3878,5.3250,14.6291,0.0000
6,47.8715,5.3250,14.6291,0.0000
0,47.8715,5.3250,14.6291,0.0000
1,220.1100,5.3250,14.6291,0.0000
2,154.0770,5.3250,14.6291,0.0000
3,107.8539,5.3250,14.6291,0.0000
4,107.8539,3.7275,14.6291,0.0000
5,75.4977,3.7275,14.6291,0.0000
6,52.8484,3.7275,14.6291,0.0000
0,52.8484,3.7275,14.6291,0.0000
1,52.8484,3.7275,61.2404,0.0000
2,52.8484,3.7275,42.8683,0.0000
3,52.8484,33.2093,42.8683,0.0000
4,253.2939,33.2093,42.8683,0.0000
5,253.2939,23.2465,42.8683,0.0000
6,177.3057,23.2465,42.8683,0.0000
7,124.1140,23.2465,42.8683,0.0000
8,86.8798,23.2465,42.8683,0.0000
9,60.8159,23.2465,42.8683,0.0000
0,60.8159,23.2465,42.8683,0.0000
1,695.3711,23.2465,42.8683,0.0000
2,486.7598,23.2465,42.8683,0.0000
3,340.7318,23.2465,42.8683,0.0000
4,238.5123,23.2465,42.8683,0.0000
5,166.9586,23.2465,42.8683,0.0000
6,166.9586,16.2725,42.8683,0.0000
0,166.9586,16.2725,42.8683,0.0000
1,483.4710,16.2725,42.8683,0.0000
2,338.4297,16.2725,42.8683,0.0000
3,236.9008,16.2725,42.8683,0.0000
4,165.8306,16.2725,42.8683,0.0000
5,116.0814,16.2725,42.8683,0.0000
6,81.2570,16.2725,42.8683,0.0000
0,81.2570,16.2725,42.8683,0.0000
1,624.1799,16.2725,42.8683,0.0000
2,624.1799,11.3908,42.8683,0.0000
3,624.1799,11.3908,42.8683,0.0000
4,436.9259,11.3908,42.8683,0.0000
5,305.8481,11.3908,42.8683,0.0000
6,214.0937,11.3908,42.8683,0.0000
0,214.0937,11.3908,42.8683,0.0000
1,1097.8656,11.3908,42.8683,0.0000
2,768.5059,11.3908,42.8683,0.0000
3,537.9541,11.3908,42.8683,0.0000
4,537.9541,7.9735,42.8683,0.0000
5,376.5679,7.9735,42.8683,0.0000
6,263.5975,7.9735,42.8683,0.0000
0,263.5975,7.9735,42.8683,0.0000
1,306.9183,7.9735,42.8683,0.0000
2,214.8428,7.9735,42.8683,0.0000
3,150.3900,7.9735,42.8683,0.0000
4,105.2730,7.9735,42.8683,0.0000
5,73.6911,7.9735,42.8683,0.0000
6,51.5838,7.9735,42.8683,0.0000
0,51.5838,7.9735,42.8683,0.0000
1,176.5086,7.9735,42.8683,0.0000
2,123.5560,7.9735,42.8683,0.0000
3,86.4892,7.9735,42.8683,0.0000
4,60.5425,7.9735,42.8683,0.0000
5,42.3797,7.9735,42.8683,0.0000
6,42.3797,7.9735,30.0078,0.0000
0,42.3797,7.9735,30.0078,0.0000
1,409.7658,7.9735,30.0078,0.0000
2,286.8361,7.9735,30.0078,0.0000
3,200.7852,7.9735,30.0078,0.0000
4,200.7852,7.9735,21.0054,0.0000
5,140.5497,7.9735,21.0054,0.0000
6,98.3848,7.9735,21.0054,0.0000
0,98.3848,7.9735,21.0054,0.0000
1,385.6693,7.9735,21.0054,0.0000
2,269.9685,7.9735,21.0054,0.0000
3,188.9780,7.9735,21.0054,0.0000
4,132.2846,7.9735,21.0054,0.0000
5,92.5992,7.9735,21.0054,0.0000
6,92.5992,7.9735,14.7038,0.0000
0,92.5992,7.9735,14.7038,0.0000
1,397.8194,7.9735,14.7038,0.0000
2,278.4736,7.9735,14.7038,0.0000
3,194.9315,7.9735,14.7038,0.0000
4,136.4521,7.9735,14.7038,0.0000
5,95.5164,7.9735,14.7038,0.0000
6,66.8615,7.9735,14.7038,0.0000
0,66.8615,7.9735,14.7038,0.0000
1,316.8031,7.9735,14.7038,0.0000
2,221.7621,7.9735,14.7038,0.0000
3,155.2335,7.9735,14.7038,0.0000
4,108.6634,7.9735,14.7038,0.0000
5,76.0644,7.9735,14.7038,0.0000
6,76.0644,7.9735,10.2927,0.0000
0,76.0644,7.9735,10.2927,0.0000
1,540.1451,7.9735,10.2927,0.0000
2,378.1016,7.9735,10.2927,0.0000
3,264.6711,7.9735,10.2927,0.0000
4,185.2698,7.9735,10.2927,0.0000
5,129.6888,7.9735,10.2927,0.0000
6,90.7822,7.9735,10.2927,0.0000
0,90.7822,7.9735,10.2927,0.0000
1,90.7822,7.9735,10.2927,0.0000
2,285.5475,7.9735,10.2927,0.0000
3,199.8833,7.9735,10.2927,0.0000
4,139.9183,7.9735,10.2927,0.0000
5,97.9428,7.9735,10.2927,0.0000
6,68.5600,7.9735,10.2927,0.0000
7,47.9920,7.9735,10.2927,0.0000
0,47.9920,7.9735,10.2927,0.0000
1,284.3944,7.9735,10.2927,0.0000
2,284.3944,5.5815,10.2927,0.0000
3,199.0761,5.5815,10.2927,0.0000
4,139.3532,5.5815,10.2927,0.0000
5,97.5473,5.5815,10.2927,0.0000
6,68.2831,5.5815,10.2927,0.0000
0,68.2831,5.5815,10.2927,0.0000
1,339.3982,5.5815,10.2927,0.0000
2,237.5787,5.5815,10.2927,0.0000
3,237.5787,5.5815,10.2927,0.0000
4,166.3051,5.5815,10.2927,0.0000
5,116.4136,5.5815,10.2927,0.0000
6,81.4895,5.5815,10.2927,0.0000
0,81.4895,5.5815,10.2927,0.0000
1,427.5426,5.5815,10.2927,0.0000
2,427.5426,5.5815,7.2049,0.0000
3,299.2799,5.5815,7.2049,0.0000
4,209.4959,5.5815,7.2049,0.0000
5,146.6471,5.5815,7.2049,0.0000
6,102.6530,5.5815,7.2049,0.0000
0,102.6530,5.5815,7.2049,0.0000
1,498.1571,5.5815,7.2049,0.0000
2,498.1571,5.5815,7.2049,0.0000
3,348.7100,5.5815,7.2049,0.0000
4,244.0970,5.5815,7.2049,0.0000
5,170.8679,5.5815,7.2049,0.0000
6,119.6075,5.5815,7.2049,0.0000
0,119.6075,5.5815,7.2049,0.0000
1,390.9253,5.5815,7.2049,0.0000
2,273.6477,5.5815,7.2049,0.0000
3,191.5534,5.5815,7.2049,0.0000
4,134.0874,5.5815,7.2049,0.0000
5,134.0874,5.5815,7.2049,0.0000
6,93.8612,5.5815,7.2049,0.0000
0,93.8612,5.5815,7.2049,0.0000
1,662.1028,5.5815,7.2049,0.0000
2,463.4720,5.5815,7.2049,0.0000
3,324.4304,5.5815,7.2049,0.0000
4,324.4304,5.5815,7.2049,0.0000
5,227.1013,5.5815,7.2049,0.0000
6,158.9709,5.5815,7.2049,0.0000
0,158.9709,5.5815,7.2049,0.0000
1,551.3796,5.5815,7.2049,0.0000
2,551.3796,3.9070,7.2049,0.0000
3,385.9657,3.9070,7.2049,0.0000
4,385.9657,2.7349,7.2049,0.0000
5,270.1760,2.7349,7.2049,0.0000
6,189.1232,2.7349,7.2049,0.0000
0,189.1232,2.7349,7.2049,0.0000
1,439.2862,2.7349,7.2049,0.0000
2,307.5004,2.7349,7.2049,0.0000
3,215.2503,2.7349,7.2049,0.0000
4,150.6752,2.7349,7.2049,0.0000
5,105.4726,2.7349,7.2049,0.0000
6,73.8308,2.7349,7.2049,0.0000
0,73.8308,2.7349,7.2049,0.0000
1,511.2816,2.7349,7.2049,0.0000
2,511.2816,1.9144,7.2049,0.0000
3,357.8971,1.9144,7.2049,0.0000
4,250.5280,1.9144,7.2049,0.0000
5,250.5280,1.9144,5.0434,0.0000
6,175.3696,1.9144,5.0434,0.0000
0,175.3696,1.9144,5.0434,0.0000
1,486.9587,1.9144,5.0434,0.0000
2,340.8711,1.9144,5.0434,0.0000
3,238.6098,1.9144,5.0434,0.0000
4,167.0268,1.9144,5.0434,0.0000
5,116.9188,1.9144,5.0434,0.0000
6,81.8432,1.9144,5.0434,0.0000
0,81.8432,1.9144,5.0434,0.0000
1,279.2902,1.9144,5.0434,0.0000
2,195.5031,1.9144,5.0434,0.0000
3,136.8522,1.9144,5.0434,0.0000
4,95.7965,1.9144,5.0434,0.0000
5,67.0576,1.9144,5.0434,0.0000
6,46.9403,1.9144,5.0434,0.0000
0,46.9403,1.9144,5.0434,0.0000
1,46.9403,1.9144,5.0434,0.0000
2,218.2582,1.9144,5.0434,0.0000
3,152.7807,1.9144,5.0434,0.0000
4,106.9465,1.9144,5.0434,0.0000
5,74.8626,1.9144,5.0434,0.0000
6,52.4038,1.9144,5.0434,0.0000
7,52.4038,1.9144,3.5304,0.0000
0,52.4038,1.9144,3.5304,0.0000
1,52.4038,1.9144,2.4713,0.0000
2,335.4827,1.9144,2.4713,0.0000
3,335.4827,1.9144,2.4713,0.0000
4,234.8379,1.9144,2.4713,0.0000
5,164.3865,1.9144,2.4713,0.0000
6,115.0706,1.9144,2.4713,0.0000
7,80.5494,1.9144,2.4713,0.0000
0,80.5494,1.9144,2.4713,0.0000
1,80.5494,1.9144,17.3299,0.0000
2,297.2846,1.9144,17.3299,0.0000
3,208.0992,1.9144,17.3299,0.0000
4,145.6694,1.9144,17.3299,0.0000
5,101.9686,1.9144,17.3299,0.0000
6,71.3780,1.9144,17.3299,0.0000
7,49.9646,1.9144,17.3299,0.0000
0,49.9646,1.9144,17.3299,0.0000
1,300.1752,1.9144,17.3299,0.0000
2,210.1227,1.9144,17.3299,0.0000
3,147.0859,1.9144,17.3299,0.0000
4,102.9601,1.9144,17.3299,0.0000
5,72.0721,1.9144,17.3299,0.0000
6,72.0721,1.9144,12.1309,0.0000
0,72.0721,1.9144,12.1309,0.0000
1,764.4505,1.9144,12.1309,0.0000
2,535.1153,1.9144,12.1309,0.0000
3,374.5807,1.9144,12.1309,0.0000
4,262.2065,1.9144,12.1309,0.0000
5,183.5446,1.9144,12.1309,0.0000
6,183.5446,1.3401,12.1309,0.0000
0,183.5446,1.3401,12.1309,0.0000
1,183.5446,315.0381,12.1309,0.0000
2,183.5446,220.5267,12.1309,0.0000
3,183.5446,154.3687,12.1309,0.0000
4,301.8812,154.3687,12.1309,0.0000
5,211.3168,154.3687,12.1309,0.0000
6,147.9218,154.3687,12.1309,0.0000
7,147.9218,108.0581,12.1309,0.0000
8,103.5452,108.0581,12.1309,0.0000
9,103.5452,75.6406,12.1309,0.0000
0,103.5452,75.6406,12.1309,0.0000
1,328.0817,75.6406,12.1309,0.0000
2,229.6572,75.6406,12.1309,0.0000
3,160.7600,75.6406,12.1309,0.0000
4,112.5320,75.6406,12.1309,0.0000
5,78.7724,75.6406,12.1309,0.0000
6,55.1407,75.6406,12.1309,0.0000
0,55.1407,75.6406,12.1309,0.0000
1,55.1407,182.5485,12.1309,0.0000
2,55.1407,182.5485,12.1309,0.0000
3,55.1407,127.7839,12.1309,0.0000
4,55.1407,89.4487,12.1309,0.0000
5,55.1407,62.6141,12.1309,0.0000
6,55.1407,43.8299,12.1309,0.0000
0,55.1407,43.8299,12.1309,0.0000
1,927.4985,43.8299,12.1309,0.0000
2,649.2489,43.8299,12.1309,0.0000
3,454.4743,43.8299,12.1309,0.0000
4,454.4743,30.6809,12.1309,0.0000
5,318.1320,30.6809,12.1309,0.0000
6,222.6924,30.6809,12.1309,0.0000
0,222.6924,30.6809,12.1309,0.0000
1,222.6924,30.6809,62.4916,0.0000
2,222.6924,30.6809,62.4916,0.0000
3,887.2847,30.6809,62.4916,0.0000
4,621.0993,30.6809,62.4916,0.0000
5,434.7695,30.6809,62.4916,0.0000
6,304.3386,30.6809,62.4916,0.0000
7,213.0370,30.6809,62.4916,0.0000
8,149.1259,30.6809,62.4916,0.0000
0,149.1259,30.6809,62.4916,0.0000
1,398.0882,30.6809,62.4916,0.0000
2,278.6617,30.6809,62.4916,0.0000
3,278.6617,30.6809,62.4916,0.0000
4,195.0632,30.6809,62.4916,0.0000
5,136.5442,30.6809,62.4916,0.0000
6,95.5810,30.6809,62.4916,0.0000
0,95.5810,30.6809,62.4916,0.0000
1,264.3067,30.6809,62.4916,0.0000
2,185.0147,30.6809,62.4916,0.0000
3,129.5103,30.6809,62.4916,0.0000
4,90.6572,30.6809,62.4916,0.0000
5,63.4600,30.6809,62.4916,0.0000
6,44.4220,30.6809,62.4916,0.0000
0,44.4220,30.6809,62.4916,0.0000
1,44.4220,30.6809,43.7442,0.0000
2,44.4220,30.6809,43.7442,0.0000
3,459.7954,30.6809,43.7442,0.0000
4,321.8568,30.6809,43.7442,0.0000
5,225.2998,30.6809,43.7442,0.0000
6,157.7098,30.6809,43.7442,0.0000
7,110.3969,30.6809,43.7442,0.0000
8,77.2778,30.6809,43.7442,0.0000
0,77.2778,30.6809,43.7442,0.0000
1,300.6945,30.6809,43.7442,0.0000
2,210.4861,30.6809,43.7442,0.0000
3,147.3403,30.6809,43.7442,0.0000
4,103.1382,30.6809,43.7442,0.0000
5,72.1967,30.6809,43.7442,0.0000
6,50.5377,30.6809,43.7442,0.0000
0,50.5377,30.6809,43.7442,0.0000
1,554.6764,30.6809,43.7442,0.0000
2,388.2735,30.6809,43.7442,0.0000
3,271.7914,30.6809,43.7442,0.0000
4,190.2540,30.6809,43.7442,0.0000
5,190.2540,30.6809,43.7442,0.0000
6,133.1778,30.6809,43.7442,0.0000
0,133.1778,30.6809,43.7442,0.0000
1,613.7245,30.6809,43.7442,0.0000
2,613.7245,30.6809,30.6209,0.0000
3,613.7245,21.4766,30.6209,0.0000
4,429.6071,21.4766,30.6209,0.0000
5,429.6071,15.0336,30.6209,0.0000
6,300.7250,15.0336,30.6209,0.0000
0,300.7250,15.0336,30.6209,0.0000
1,655.4075,15.0336,30.6209,0.0000
2,458.7852,15.0336,30.6209,0.0000
3,321.1497,15.0336,30.6209,0.0000
4,224.8048,15.0336,30.6209,0.0000
5,157.3633,15.0336,30.6209,0.0000
6,110.1543,15.0336,30.6209,0.0000
0,110.1543,15.0336,30.6209,0.0000
1,496.2080,15.0336,30.6209,0.0000
2,496.2080,10.5236,30.6209,0.0000
3,347.3456,10.5236,30.6209,0.0000
4,243.1419,10.5236,30.6209,0.0000
5,243.1419,10.5236,30.6209,0.0000
6,170.1994,10.5236,30.6209,0.0000
0,170.1994,10.5236,30.6209,0.0000
1,381.6395,10.5236,30.6209,0.0000
2,267.1477,10.5236,30.6209,0.0000
3,187.0034,10.5236,30.6209,0.0000
4,130.9024,10.5236,30.6209,0.0000
5,91.6317,10.5236,30.6209,0.0000
6,91.6317,10.5236,21.4346,0.0000
0,91.6317,10.5236,21.4346,0.0000
1,699.5422,10.5236,21.4346,0.0000
2,489.6795,10.5236,21.4346,0.0000
3,342.7757,10.5236,21.4346,0.0000
4,239.9430,10.5236,21.4346,0.0000
5,167.9601,10.5236,21.4346,0.0000
6,117.5721,10.5236,21.4346,0.0000
0,117.5721,10.5236,21.4346,0.0000
1,497.2004,10.5236,21.4346,0.0000
2,348.0403,10.5236,21.4346,0.0000
3,243.6282,10.5236,21.4346,0.0000
4,170.5397,10.5236,21.4346,0.0000
5,119.3778,10.5236,21.4346,0.0000
6,83.5645,10.5236,21.4346,0.0000
0,83.5645,10.5236,21.4346,0.0000
1,143.0951,10.5236,21.4346,0.0000
2,100.1666,10.5236,21.4346,0.0000
3,70.1166,10.5236,21.4346,0.0000
4,49.0816,10.5236,21.4346,0.0000
5,34.3571,10.5236,21.4346,0.0000
6,34.3571,7.3665,21.4346,0.0000
0,34.3571,7.3665,21.4346,0.0000
1,349.5500,7.3665,21.4346,0.0000
2,349.5500,7.3665,21.4346,0.0000
3,244.6850,7.3665,21.4346,0.0000
4,171.2795,7.3665,21.4346,0.0000
5,119.8956,7.3665,21.4346,0.0000
6,83.9270,7.3665,21.4346,0.0000
0,83.9270,7.3665,21.4346,0.0000
1,434.6489,7.3665,21.4346,0.0000
2,304.2542,7.3665,21.4346,0.0000
3,212.9779,7.3665,21.4346,0.0000
4,149.0846,7.3665,21.4346,0.0000
5,104.3592,7.3665,21.4346,0.0000
6,73.0514,7.3665,21.4346,0.0000
0,73.0514,7.3665,21.4346,0.0000
1,225.7360,7.3665,21.4346,0.0000
2,225.7360,132.0565,21.4346,0.0000
3,158.0152,132.0565,21.4346,0.0000
4,110.6106,132.0565,21.4346,0.0000
5,110.6106,92.4396,21.4346,0.0000
6,77.4274,92.4396,21.4346,0.0000
7,77.4274,64.7077,21.4346,0.0000
0,77.4274,64.7077,21.4346,0.0000
1,677.2992,64.7077,21.4346,0.0000
2,474.1095,64.7077,21.4346,0.0000
3,331.8766,64.7077,21.4346,0.0000
4,232.3136,64.7077,21.4346,0.0000
5,162.6195,64.7077,21.4346,0.0000
6,113.8337,64.7077,21.4346,0.0000
0,113.8337,64.7077,21.4346,0.0000
1,733.3836,64.7077,21.4346,0.0000
2,513.3685,64.7077,21.4346,0.0000
3,359.3580,64.7077,21.4346,0.0000
4,251.5506,64.7077,21.4346,0.0000
5,251.5506,45.2954,21.4346,0.0000
6,176.0854,45.2954,21.4346,0.0000
0,176.0854,45.2954,21.4346,0.0000
1,641.6598,45.2954,21.4346,0.0000
2,449.1618,45.2954,21.4346,0.0000
3,314.4133,45.2954,21.4346,0.0000
4,220.0893,45.2954,21.4346,0.0000
5,154.0625,45.2954,21.4346,0.0000
6,107.8438,45.2954,21.4346,0.0000
0,107.8438,45.2954,21.4346,0.0000
1,1070.5906,45.2954,21.4346,0.0000
2,749.4134,45.2954,21.4346,0.0000
3,524.5894,45.2954,21.4346,0.0000
4,367.2126,45.2954,21.4346,0.0000
5,257.0488,45.2954,21.4346,0.0000
6,179.9342,45.2954,21.4346,0.0000
0,179.9342,45.2954,21.4346,0.0000
1,649.1539,45.2954,21.4346,0.0000
2,454.4077,45.2954,21.4346,0.0000
3,318.0854,45.2954,21.4346,0.0000
4,222.6598,45.2954,21.4346,0.0000
5,155.8619,45.2954,21.4346,0.0000
6,155.8619,31.7068,21.4346,0.0000
0,155.8619,31.7068,21.4346,0.0000
1,155.8619,31.7068,21.4346,0.0000
2,398.6033,31.7068,21.4346,0.0000
3,279.0223,31.7068,21.4346,0.0000
4,195.3156,31.7068,21.4346,0.0000
5,195.3156,22.1947,21.4346,0.0000
6,136.7209,22.1947,21.4346,0.0000
7,136.7209,22.1947,15.0042,0.0000
0,136.7209,22.1947,15.0042,0.0000
1,993.3047,22.1947,15.0042,0.0000
2,695.3133,22.1947,15.0042,0.0000
3,695.3133,22.1947,15.0042,0.0000
4,486.7193,22.1947,15.0042,0.0000
5,340.7035,22.1947,15.0042,0.0000
6,340.7035,22.1947,15.0042,0.0000
0,340.7035,22.1947,15.0042,0.0000
1,530.0924,22.1947,15.0042,0.0000
2,371.0647,22.1947,15.0042,0.0000
3,259.7453,22.1947,15.0042,0.0000
4,181.8217,22.1947,15.0042,0.0000
5,127.2752,22.1947,15.0042,0.0000
6,89.0926,22.1947,15.0042,0.0000
0,89.0926,22.1947,15.0042,0.0000
1,568.4648,22.1947,15.0042,0.0000
2,397.9254,22.1947,15.0042,0.0000
3,397.9254,22.1947,15.0042,0.0000
4,397.9254,22.1947,10.5030,0.0000
5,397.9254,22.1947,7.3521,0.0000
6,278.5478,22.1947,7.3521,0.0000
0,278.5478,22.1947,7.3521,0.0000
1,338.0834,22.1947,7.3521,0.0000
2,236.6584,22.1947,7.3521,0.0000
3,236.6584,15.5363,7.3521,0.0000
4,236.6584,15.5363,5.1465,0.0000
5,236.6584,10.8754,5.1465,0.0000
6,165.6609,10.8754,5.1465,0.0000
0,165.6609,10.8754,5.1465,0.0000
1,122.5626,10.8754,5.1465,0.0000
2,85.7938,10.8754,5.1465,0.0000
3,60.0557,10.8754,5.1465,0.0000
4,42.0390,10.8754,5.1465,0.0000
5,29.4273,10.8754,5.1465,0.0000
6,20.5991,10.8754,5.1465,0.0000
0,20.5991,10.8754,5.1465,0.0000
1,274.2194,10.8754,5.1465,0.0000
2,191.9536,10.8754,5.1465,0.0000
3,134.3675,10.8754,5.1465,0.0000
4,94.0572,10.8754,5.1465,0.0000
5,65.8401,10.8754,5.1465,0.0000
6,46.0880,10.8754,5.1465,0.0000
0,46.0880,10.8754,5.1465,0.0000
1,165.7616,10.8754,5.1465,0.0000
2,116.0331,10.8754,5.1465,0.0000
3,81.2232,10.8754,5.1465,0.0000
4,56.8562,10.8754,5.1465,0.0000
5,39.7994,10.8754,5.1465,0.0000
6,27.8596,10.8754,5.1465,0.0000
0,27.8596,10.8754,5.1465,0.0000
1,478.5017,10.8754,5.1465,0.0000
2,334.9512,10.8754,5.1465,0.0000
3,234.4658,10.8754,5.1465,0.0000
4,234.4658,7.6128,5.1465,0.0000
5,164.1261,7.6128,5.1465,0.0000
6,114.8883,7.6128,5.1465,0.0000
0,114.8883,7.6128,5.1465,0.0000
1,411.3218,7.6128,5.1465,0.0000
2,287.9252,7.6128,5.1465,0.0000
3,201.5477,7.6128,5.1465,0.0000
4,141.0834,7.6128,5.1465,0.0000
5,141.0834,7.6128,3.6025,0.0000
6,98.7584,7.6128,3.6025,0.0000
0,98.7584,7.6128,3.6025,0.0000
1,554.8309,7.6128,3.6025,0.0000
2,388.3816,7.6128,3.6025,0.0000
3,271.8671,7.6128,3.6025,0.0000
4,190.3070,7.6128,3.6025,0.0000
5,133.2149,7.6128,3.6025,0.0000
6,93.2504,7.6128,3.6025,0.0000
0,93.2504,7.6128,3.6025,0.0000
1,753.7753,7.6128,3.6025,0.0000
2,527.6427,7.6128,3.6025,0.0000
3,369.3499,7.6128,3.6025,0.0000
4,258.5449,7.6128,3.6025,0.0000
5,180.9814,7.6128,3.6025,0.0000
6,126.6870,7.6128,3.6025,0.0000
0,126.6870,7.6128,3.6025,0.0000
1,778.3809,7.6128,3.6025,0.0000
2,544.8666,7.6128,3.6025,0.0000
3,381.4066,7.6128,3.6025,0.0000
4,266.9847,7.6128,3.6025,0.0000
5,186.8893,7.6128,3.6025,0.0000
6,130.8225,7.6128,3.6025,0.0000
0,130.8225,7.6128,3.6025,0.0000
1,599.7757,7.6128,3.6025,0.0000
2,419.8430,7.6128,3.6025,0.0000
3,293.8901,7.6128,3.6025,0.0000
4,205.7231,7.6128,3.6025,0.0000
5,205.7231,7.6128,2.5218,0.0000
6,144.0062,7.6128,2.5218,0.0000
0,144.0062,7.6128,2.5218,0.0000
1,1024.2043,7.6128,2.5218,0.0000
2,716.9430,7.6128,2.5218,0.0000
3,501.8601,7.6128,2.5218,0.0000
4,351.3021,7.6128,2.5218,0.0000
5,245.9115,7.6128,2.5218,0.0000
6,172.1380,7.6128,2.5218,0.0000
0,172.1380,7.6128,2.5218,0.0000
1,1050.1966,7.6128,2.5218,0.0000
2,735.1376,7.6128,2.5218,0.0000
3,514.5963,7.6128,2.5218,0.0000
4,360.2174,7.6128,2.5218,0.0000
5,252.1522,7.6128,2.5218,0.0000
6,176.5065,7.6128,2.5218,0.0000
0,176.5065,7.6128,2.5218,0.0000
1,179.6546,7.6128,2.5218,0.0000
2,125.7582,7.6128,2.5218,0.0000
3,88.0307,7.6128,2.5218,0.0000
4,61.6215,7.6128,2.5218,0.0000
5,43.1351,7.6128,2.5218,0.0000
6,30.1945,7.6128,2.5218,0.0000
0,30.1945,7.6128,2.5218,0.0000
1,243.1362,7.6128,2.5218,0.0000
2,170.1953,7.6128,2.5218,0.0000
3,170.1953,5.3290,2.5218,0.0000
4,119.1367,5.3290,2.5218,0.0000
5,83.3957,5.3290,2.5218,0.0000
6,58.3770,5.3290,2.5218,0.0000
0,58.3770,5.3290,2.5218,0.0000
1,58.3770,3.7303,2.5218,0.0000
2,255.3639,3.7303,2.5218,0.0000
3,178.7547,3.7303,2.5218,0.0000
4,125.1283,3.7303,2.5218,0.0000
5,87.5898,3.7303,2.5218,0.0000
6,61.3129,3.7303,2.5218,0.0000
7,42.9190,3.7303,2.5218,0.0000
0,42.9190,3.7303,2.5218,0.0000
1,642.9433,3.7303,2.5218,0.0000
2,450.0603,3.7303,2.5218,0.0000
3,315.0422,3.7303,2.5218,0.0000
4,220.5296,3.7303,2.5218,0.0000
5,220.5296,3.7303,1.7652,0.0000
6,220.5296,3.7303,1.2357,0.0000
0,220.5296,3.7303,1.2357,0.0000
1,547.6707,3.7303,1.2357,0.0000
2,383.3695,3.7303,1.2357,0.0000
3,383.3695,2.6112,1.2357,0.0000
4,268.3586,2.6112,1.2357,0.0000
5,187.8510,2.6112,1.2357,0.0000
6,131.4957,2.6112,1.2357,0.0000
0,131.4957,2.6112,1.2357,0.0000
1,589.1470,2.6112,1.2357,0.0000
2,412.4029,2.6112,1.2357,0.0000
3,412.4029,1.8278,1.2357,0.0000
4,288.6820,1.8278,1.2357,0.0000
5,202.0774,1.8278,1.2357,0.0000
6,202.0774,1.8278,1.2357,0.0000
0,202.0774,1.8278,1.2357,0.0000
1,397.9542,1.8278,1.2357,0.0000
2,278.5679,1.8278,1.2357,0.0000
3,278.5679,1.2795,1.2357,0.0000
4,194.9976,1.2795,1.2357,0.0000
5,136.4983,1.2795,1.2357,0.0000
6,95.5488,1.2795,1.2357,0.0000
0,95.5488,1.2795,1.2357,0.0000
1,451.1842,1.2795,1.2357,0.0000
2,451.1842,1.2795,0.8650,0.0000
3,315.8289,1.2795,0.8650,0.0000
4,221.0802,1.2795,0.8650,0.0000
5,154.7562,1.2795,0.8650,0.0000
6,108.3293,1.2795,0.8650,0.0000
0,108.3293,1.2795,0.8650,0.0000
1,674.6305,1.2795,0.8650,0.0000
2,472.2414,1.2795,0.8650,0.0000
3,472.2414,0.8956,0.8650,0.0000
4,330.5690,0.8956,0.8650,0.0000
5,231.3983,0.8956,0.8650,0.0000
6,161.9788,0.8956,0.8650,0.0000
0,161.9788,0.8956,0.8650,0.0000
1,746.0852,0.8956,0.8650,0.0000
2,522.2596,0.8956,0.8650,0.0000
3,365.5817,0.8956,0.8650,0.0000
4,255.9072,0.8956,0.8650,0.0000
5,179.1350,0.8956,0.8650,0.0000
6,125.3945,0.8956,0.8650,0.0000
0,125.3945,0.8956,0.8650,0.0000
1,554.5762,0.8956,0.8650,0.0000
2,388.2033,0.8956,0.8650,0.0000
3,271.7423,0.8956,0.8650,0.0000
4,190.2196,0.8956,0.8650,0.0000
5,133.1537,0.8956,0.8650,0.0000
6,93.2076,0.8956,0.8650,0.0000
0,93.2076,0.8956,0.8650,0.0000
1,230.8453,0.8956,0.8650,0.0000
2,230.8453,0.8956,0.8650,0.0000
3,161.5917,0.8956,0.8650,0.0000
4,113.1142,0.8956,0.8650,0.0000
5,79.1799,0.8956,0.8650,0.0000
6,55.4260,0.8956,0.8650,0.0000
0,55.4260,0.8956,0.8650,0.0000
1,198.0982,0.8956,0.8650,0.0000
2,138.6687,0.8956,0.8650,0.0000
3,97.0681,0.8956,0.8650,0.0000
4,67.9477,0.8956,0.8650,0.0000
5,47.5634,0.8956,0.8650,0.0000
6,47.5634,0.8956,0.8650,0.0000
0,47.5634,0.8956,0.8650,0.0000
1,488.0944,0.8956,0.8650,0.0000
2,341.6661,0.8956,0.8650,0.0000
3,239.1662,0.8956,0.8650,0.0000
4,167.4164,0.8956,0.8650,0.0000
5,167.4164,0.6269,0.8650,0.0000
6,117.1915,0.6269,0.8650,0.0000
0,117.1915,0.6269,0.8650,0.0000
1,329.5340,0.6269,0.8650,0.0000
2,230.6738,0.6269,0.8650,0.0000
3,161.4717,0.6269,0.8650,0.0000
4,113.0302,0.6269,0.8650,0.0000
5,113.0302,0.6269,0.8650,0.0000
6,113.0302,0.6269,0.6055,0.0000
0,113.0302,0.6269,0.6055,0.0000
1,423.8211,0.6269,0.6055,0.0000
2,296.6748,0.6269,0.6055,0.0000
3,207.6723,0.6269,0.6055,0.0000
4,145.3706,0.6269,0.6055,0.0000
5,101.7595,0.6269,0.6055,0.0000
6,71.2316,0.6269,0.6055,0.0000
0,71.2316,0.6269,0.6055,0.0000
1,264.0621,0.6269,0.6055,0.0000
2,264.0621,0.6269,0.4238,0.0000
3,184.8435,0.6269,0.4238,0.0000
4,129.3904,0.6269,0.4238,0.0000
5,90.5733,0.6269,0.4238,0.0000
6,63.4013,0.6269,0.4238,0.0000
0,63.4013,0.6269,0.4238,0.0000
1,313.1809,0.6269,0.4238,0.0000
2,219.2266,0.6269,0.4238,0.0000
3,153.4587,0.6269,0.4238,0.0000
4,107.4211,0.6269,0.4238,0.0000
5,75.1947,0.6269,0.4238,0.0000
6,52.6363,0.6269,0.4238,0.0000
0,52.6363,0.6269,0.4238,0.0000
1,52.6363,175.6389,0.4238,0.0000
2,52.6363,122.9472,0.4238,0.0000
3,52.6363,86.0630,0.4238,0.0000
4,52.6363,60.2441,0.4238,0.0000
5,52.6363,42.1709,0.4238,0.0000
6,287.9454,42.1709,0.4238,0.0000
7,201.5618,42.1709,0.4238,0.0000
8,141.0933,42.1709,0.4238,0.0000
9,98.7653,42.1709,0.4238,0.0000
10,98.7653,42.1709,0.2967,0.0000
0,98.7653,42.1709,0.2967,0.0000
1,496.3357,42.1709,0.2967,0.0000
2,347.4350,42.1709,0.2967,0.0000
3,243.2045,42.1709,0.2967,0.0000
4,170.2431,42.1709,0.2967,0.0000
5,119.1702,42.1709,0.2967,0.0000
6,83.4191,42.1709,0.2967,0.0000
0,83.4191,42.1709,0.2967,0.0000
1,406.0934,42.1709,0.2967,0.0000
2,284.2654,42.1709,0.2967,0.0000
3,198.9858,42.1709,0.2967,0.0000
4,139.2900,42.1709,0.2967,0.0000
5,97.5030,42.1709,0.2967,0.0000
6,68.2521,42.1709,0.2967,0.0000
0,68.2521,42.1709,0.2967,0.0000
1,68.2521,42.1709,0.2967,0.0000
2,755.1765,42.1709,0.2967,0.0000
3,528.6235,42.1709,0.2967,0.0000
4,370.0365,42.1709,0.2967,0.0000
5,259.0255,42.1709,0.2967,0.0000
6,181.3179,42.1709,0.2967,0.0000
7,126.9225,42.1709,0.2967,0.0000
0,126.9225,42.1709,0.2967,0.0000
1,183.3458,42.1709,0.2967,0.0000
2,183.3458,42.1709,0.2077,0.0000
3,128.3420,42.1709,0.2077,0.0000
4,128.3420,42.1709,0.1454,0.0000
5,128.3420,29.5196,0.1454,0.0000
6,128.3420,20.6637,0.1454,0.0000
0,128.3420,20.6637,0.1454,0.0000
1,386.2394,20.6637,0.1454,0.0000
2,270.3676,20.6637,0.1454,0.0000
3,189.2573,20.6637,0.1454,0.0000
4,132.4801,20.6637,0.1454,0.0000
5,132.4801,14.4646,0.1454,0.0000
6,92.7361,14.4646,0.1454,0.0000
0,92.7361,14.4646,0.1454,0.0000
1,297.1153,14.4646,0.1454,0.0000
2,297.1153,14.4646,0.1018,0.0000
3,297.1153,14.4646,0.1018,0.0000
4,207.9807,14.4646,0.1018,0.0000
5,207.9807,14.4646,0.0712,0.0000
6,145.5865,14.4646,0.0712,0.0000
0,145.5865,14.4646,0.0712,0.0000
1,798.8105,14.4646,0.0712,0.0000
2,559.1674,14.4646,0.0712,0.0000
3,391.4172,14.4646,0.0712,0.0000
4,273.9920,14.4646,0.0712,0.0000
5,273.9920,14.4646,0.0499,0.0000
6,191.7944,14.4646,0.0499,0.0000
0,191.7944,14.4646,0.0499,0.0000
1,771.4561,14.4646,0.0499,0.0000
2,540.0193,14.4646,0.0499,0.0000
3,378.0135,14.4646,0.0499,0.0000
4,264.6094,14.4646,0.0499,0.0000
5,185.2266,14.4646,0.0499,0.0000
6,129.6586,14.4646,0.0499,0.0000
0,129.6586,14.4646,0.0499,0.0000
1,469.6610,14.4646,0.0499,0.0000
2,328.7627,14.4646,0.0499,0.0000
3,230.1339,14.4646,0.0499,0.0000
4,161.0937,14.4646,0.0499,0.0000
5,112.7656,14.4646,0.0499,0.0000
6,78.9359,14.4646,0.0499,0.0000
0,78.9359,14.4646,0.0499,0.0000
1,348.3552,14.4646,0.0499,0.0000
2,243.8486,14.4646,0.0499,0.0000
3,170.6940,14.4646,0.0499,0.0000
4,119.4858,14.4646,0.0499,0.0000
5,83.6401,14.4646,0.0499,0.0000
6,83.6401,10.1252,0.0499,0.0000
0,83.6401,10.1252,0.0499,0.0000
1,829.2481,10.1252,0.0499,0.0000
2,580.4736,10.1252,0.0499,0.0000
3,406.3315,10.1252,0.0499,0.0000
4,284.4321,10.1252,0.0499,0.0000
5,199.1025,10.1252,0.0499,0.0000
6,139.3717,10.1252,0.0499,0.0000
0,139.3717,10.1252,0.0499,0.0000
1,783.0602,10.1252,0.0499,0.0000
2,548.1421,10.1252,0.0499,0.0000
3,383.6995,10.1252,0.0499,0.0000
4,268.5896,10.1252,0.0499,0.0000
5,188.0128,10.1252,0.0499,0.0000
6,131.6089,10.1252,0.0499,0.0000
0,131.6089,10.1252,0.0499,0.0000
1,735.3262,10.1252,0.0499,0.0000
2,514.7284,10.1252,0.0499,0.0000
3,360.3099,10.1252,0.0499,0.0000
4,360.3099,10.1252,0.0349,0.0000
5,252.2169,10.1252,0.0349,0.0000
6,176.5518,10.1252,0.0349,0.0000
0,176.5518,10.1252,0.0349,0.0000
1,176.5518,10.1252,0.0349,0.0000
2,1044.8863,10.1252,0.0349,0.0000
3,731.4204,10.1252,0.0349,0.0000
4,511.9943,10.1252,0.0349,0.0000
5,358.3960,10.1252,0.0349,0.0000
6,250.8772,10.1252,0.0349,0.0000
7,250.8772,7.0877,0.0349,0.0000
0,250.8772,7.0877,0.0349,0.0000
1,250.8772,7.0877,0.0349,0.0000
2,595.6140,7.0877,0.0349,0.0000
3,595.6140,7.0877,0.0349,0.0000
4,416.9298,7.0877,0.0349,0.0000
5,291.8509,7.0877,0.0349,0.0000
6,291.8509,7.0877,0.0244,0.0000
7,291.8509,4.9614,0.0244,0.0000
0,291.8509,4.9614,0.0244,0.0000
1,418.4956,4.9614,0.0244,0.0000
2,292.9469,4.9614,0.0244,0.0000
3,205.0629,4.9614,0.0244,0.0000
4,143.5440,4.9614,0.0244,0.0000
5,100.4808,4.9614,0.0244,0.0000
6,70.3366,4.9614,0.0244,0.0000
0,70.3366,4.9614,0.0244,0.0000
1,255.0356,4.9614,0.0244,0.0000
2,255.0356,4.9614,0.0171,0.0000
3,178.5249,4.9614,0.0171,0.0000
4,124.9674,4.9614,0.0171,0.0000
5,87.4772,4.9614,0.0171,0.0000
6,61.2340,4.9614,0.0171,0.0000
0,61.2340,4.9614,0.0171,0.0000
1,343.7638,4.9614,0.0171,0.0000
2,240.6347,4.9614,0.0171,0.0000
3,168.4443,4.9614,0.0171,0.0000
4,168.4443,4.9614,0.0171,0.0000
5,117.9110,4.9614,0.0171,0.0000
6,82.5377,4.9614,0.0171,0.0000
0,82.5377,4.9614,0.0171,0.0000
1,799.0764,4.9614,0.0171,0.0000
2,559.3535,4.9614,0.0171,0.0000
3,391.5474,4.9614,0.0171,0.0000
4,274.0832,4.9614,0.0171,0.0000
5,191.8582,4.9614,0.0171,0.0000
6,134.3008,4.9614,0.0171,0.0000
0,134.3008,4.9614,0.0171,0.0000
1,134.3008,4.9614,0.0171,0.0000
2,892.0105,4.9614,0.0171,0.0000
3,624.4074,4.9614,0.0171,0.0000
4,437.0852,4.9614,0.0171,0.0000
5,305.9596,4.9614,0.0171,0.0000
6,214.1717,4.9614,0.0171,0.0000
7,214.1717,4.9614,0.0120,0.0000
0,214.1717,4.9614,0.0120,0.0000
1,388.7202,4.9614,0.0120,0.0000
2,272.1041,4.9614,0.0120,0.0000
3,190.4729,4.9614,0.0120,0.0000
4,190.4729,3.4730,0.0120,0.0000
5,133.3310,3.4730,0.0120,0.0000
6,93.3317,3.4730,0.0120,0.0000
0,93.3317,3.4730,0.0120,0.0000
1,435.5322,3.4730,0.0120,0.0000
2,304.8725,3.4730,0.0120,0.0000
3,213.4108,3.4730,0.0120,0.0000
4,213.4108,2.4311,0.0120,0.0000
5,149.3875,2.4311,0.0120,0.0000
6,104.5713,2.4311,0.0120,0.0000
0,104.5713,2.4311,0.0120,0.0000
1,563.9999,2.4311,0.0120,0.0000
2,394.7999,2.4311,0.0120,0.0000
3,276.3599,2.4311,0.0120,0.0000
4,193.4520,2.4311,0.0120,0.0000
5,135.4164,2.4311,0.0120,0.0000
6,94.7915,2.4311,0.0120,0.0000
0,94.7915,2.4311,0.0120,0.0000
1,1002.9540,2.4311,0.0120,0.0000
2,702.0678,2.4311,0.0120,0.0000
3,491.4475,2.4311,0.0120,0.0000
4,344.0132,2.4311,0.0120,0.0000
5,240.8093,2.4311,0.0120,0.0000
6,240.8093,2.4311,0.0084,0.0000
0,240.8093,2.4311,0.0084,0.0000
1,240.8093,37.4017,0.0084,0.0000
2,240.8093,37.4017,0.0059,0.0000
3,486.5665,37.4017,0.0059,0.0000
4,340.5965,37.4017,0.0059,0.0000
5,238.4176,37.4017,0.0059,0.0000
6,238.4176,37.4017,0.0059,0.0000
7,166.8923,37.4017,0.0059,0.0000
8,166.8923,26.1812,0.0059,0.0000
0,166.8923,26.1812,0.0059,0.0000
1,166.8923,170.4269,0.0059,0.0000
2,166.8923,119.2988,0.0059,0.0000
3,198.1246,119.2988,0.0059,0.0000
4,138.6872,119.2988,0.0059,0.0000
5,138.6872,119.2988,459.0041,0.0000
6,138.6872,119.2988,321.3029,0.0000
7,138.6872,119.2988,224.9120,0.0000
8,138.6872,119.2988,157.4384,0.0000
9,138.6872,119.2988,110.2069,0.0000
10,138.6872,119.2988,77.1448,0.0000
0,138.6872,119.2988,77.1448,0.0000
1,339.4811,119.2988,77.1448,0.0000
2,237.6367,119.2988,77.1448,0.0000
3,166.3457,119.2988,77.1448,0.0000
4,116.4420,119.2988,77.1448,0.0000
5,116.4420,83.5092,77.1448,0.0000
6,81.5094,83.5092,77.1448,0.0000
0,81.5094,83.5092,77.1448,0.0000
1,81.5094,83.5092,77.1448,0.0000
2,81.5094,89.6564,77.1448,0.0000
3,81.5094,62.7595,77.1448,0.0000
4,81.5094,62.7595,54.0014,0.0000
5,203.1566,62.7595,54.0014,0.0000
6,142.2096,62.7595,54.0014,0.0000
7,99.5467,62.7595,54.0014,0.0000
8,69.6827,62.7595,54.0014,0.0000
9,48.7779,62.7595,54.0014,0.0000
10,48.7779,43.9316,54.0014,0.0000
0,48.7779,43.9316,54.0014,0.0000
1,304.1445,43.9316,54.0014,0.0000
2,212.9012,43.9316,54.0014,0.0000
3,149.0308,43.9316,54.0014,0.0000
4,104.3216,43.9316,54.0014,0.0000
5,73.0251,43.9316,54.0014,0.0000
6,51.1176,43.9316,54.0014,0.0000
0,51.1176,43.9316,54.0014,0.0000
1,51.1176,43.9316,318.0010,0.0000
2,51.1176,43.9316,222.6007,0.0000
3,51.1176,43.9316,222.6007,0.0000
4,51.1176,43.9316,155.8205,0.0000
5,51.1176,43.9316,109.0743,0.0000
6,51.1176,43.9316,76.3520,0.0000
0,51.1176,43.9316,76.3520,0.0000
1,51.1176,43.9316,253.2464,0.0000
2,51.1176,43.9316,177.2725,0.0000
3,134.1823,43.9316,177.2725,0.0000
4,134.1823,43.9316,168.4907,0.0000
5,134.1823,43.9316,117.9435,0.0000
6,193.2276,43.9316,117.9435,0.0000
7,135.2593,43.9316,117.9435,0.0000
8,94.6815,43.9316,117.9435,0.0000
9,94.6815,43.9316,82.5605,0.0000
10,66.2771,43.9316,82.5605,0.0000
0,66.2771,43.9316,82.5605,0.0000
1,66.2771,43.9316,367.0923,0.0000
2,66.2771,43.9316,256.9646,0.0000
3,66.2771,43.9316,179.8752,0.0000
4,66.2771,43.9316,125.9127,0.0000
5,66.2771,43.9316,88.1389,0.0000
6,126.1939,43.9316,88.1389,0.0000
7,88.3358,43.9316,88.1389,0.0000
8,61.8350,43.9316,88.1389,0.0000
9,61.8350,43.9316,61.6972,0.0000
10,43.2845,43.9316,61.6972,0.0000
0,43.2845,43.9316,61.6972,0.0000
1,43.2845,43.9316,313.1880,0.0000
2,43.2845,43.9316,219.2316,0.0000
3,43.2845,43.9316,153.4621,0.0000
4,43.2845,43.9316,107.4235,0.0000
5,43.2845,43.9316,75.1964,0.0000
6,43.2845,43.9316,52.6375,0.0000
0,43.2845,43.9316,52.6375,0.0000
1,43.2845,43.9316,325.4463,0.0000
2,43.2845,43.9316,227.8124,0.0000
3,43.2845,43.9316,159.4687,0.0000
4,43.2845,43.9316,111.6281,0.0000
5,43.2845,43.9316,78.1396,0.0000
6,43.2845,43.9316,54.6978,0.0000
0,43.2845,43.9316,54.6978,0.0000
1,43.2845,43.9316,145.6884,0.0000
2,43.2845,43.9316,101.9819,0.0000
3,43.2845,43.9316,71.3873,0.0000
4,43.2845,43.9316,49.9711,0.0000
5,43.2845,43.9316,34.9798,0.0000
6,43.2845,100.3521,34.9798,0.0000
7,43.2845,70.2465,34.9798,0.0000
8,43.2845,49.1726,34.9798,0.0000
9,43.2845,34.4208,34.9798,0.0000
10,43.2845,34.4208,24.4859,0.0000
0,43.2845,34.4208,24.4859,0.0000
1,605.0992,34.4208,24.4859,0.0000
2,423.5694,34.4208,24.4859,0.0000
3,296.4986,34.4208,24.4859,0.0000
4,207.5490,34.4208,24.4859,0.0000
5,145.2843,34.4208,24.4859,0.0000
6,101.6990,34.4208,24.4859,0.0000
0,101.6990,34.4208,24.4859,0.0000
1,315.9893,34.4208,24.4859,0.0000
2,221.1925,34.4208,24.4859,0.0000
3,154.8348,34.4208,24.4859,0.0000
4,154.8348,36.9946,24.4859,0.0000
5,108.3843,36.9946,24.4859,0.0000
6,75.8690,36.9946,24.4859,0.0000
7,75.8690,36.9946,24.4859,0.0000
8,53.1083,36.9946,24.4859,0.0000
9,37.1758,36.9946,24.4859,0.0000
0,37.1758,36.9946,24.4859,0.0000
1,55.7231,36.9946,24.4859,0.0000
2,39.0062,36.9946,24.4859,0.0000
3,27.3043,36.9946,24.4859,0.0000
4,27.3043,25.8962,24.4859,0.0000
5,19.1130,25.8962,24.4859,0.0000
6,19.1130,18.1273,24.4859,0.0000
0,19.1130,18.1273,24.4859,0.0000
1,19.1130,18.1273,211.8401,0.0000
2,19.1130,18.1273,148.2881,0.0000
3,19.1130,18.1273,103.8016,0.0000
4,19.1130,18.1273,72.6612,0.0000
5,19.1130,18.1273,50.8628,0.0000
6,19.1130,18.1273,35.6040,0.0000
0,19.1130,18.1273,35.6040,0.0000
1,19.1130,18.1273,140.7228,0.0000
2,19.1130,18.1273,98.5059,0.0000
3,19.1130,18.1273,68.9542,0.0000
4,19.1130,18.1273,48.2679,0.0000
5,19.1130,18.1273,33.7875,0.0000
6,19.1130,18.1273,23.6513,0.0000
0,19.1130,18.1273,23.6513,0.0000
1,354.4791,18.1273,23.6513,0.0000
2,248.1354,18.1273,23.6513,0.0000
3,173.6948,18.1273,23.6513,0.0000
4,121.5863,18.1273,23.6513,0.0000
5,85.1104,18.1273,23.6513,0.0000
6,59.5773,18.1273,23.6513,0.0000
0,59.5773,18.1273,23.6513,0.0000
1,154.5041,18.1273,23.6513,0.0000
2,108.1529,18.1273,23.6513,0.0000
3,75.7070,18.1273,23.6513,0.0000
4,52.9949,18.1273,23.6513,0.0000
5,37.0964,18.1273,23.6513,0.0000
6,25.9675,18.1273,23.6513,0.0000
0,25.9675,18.1273,23.6513,0.0000
1,650.5773,18.1273,23.6513,0.0000
2,455.4041,18.1273,23.6513,0.0000
3,318.7829,18.1273,23.6513,0.0000
4,223.1480,18.1273,23.6513,0.0000
5,156.2036,18.1273,23.6513,0.0000
6,109.3425,18.1273,23.6513,0.0000
0,109.3425,18.1273,23.6513,0.0000
1,582.0398,18.1273,23.6513,0.0000
2,407.4278,18.1273,23.6513,0.0000
3,285.1995,18.1273,23.6513,0.0000
4,199.6396,18.1273,23.6513,0.0000
5,139.7477,18.1273,23.6513,0.0000
6,97.8234,18.1273,23.6513,0.0000
0,97.8234,18.1273,23.6513,0.0000
1,384.0764,18.1273,23.6513,0.0000
2,268.8535,18.1273,23.6513,0.0000
3,188.1974,18.1273,23.6513,0.0000
4,188.1974,18.1273,16.5559,0.0000
5,131.7382,18.1273,16.5559,0.0000
6,92.2167,18.1273,16.5559,0.0000
0,92.2167,18.1273,16.5559,0.0000
1,898.2517,18.1273,16.5559,0.0000
2,628.7762,18.1273,16.5559,0.0000
3,440.1433,18.1273,16.5559,0.0000
4,308.1003,18.1273,16.5559,0.0000
5,215.6702,18.1273,16.5559,0.0000
6,215.6702,18.1273,16.5559,0.0000
0,215.6702,18.1273,16.5559,0.0000
1,1138.2692,18.1273,16.5559,0.0000
2,796.7884,18.1273,16.5559,0.0000
3,796.7884,12.6891,16.5559,0.0000
4,557.7519,12.6891,16.5559,0.0000
5,390.4263,12.6891,16.5559,0.0000
6,273.2984,12.6891,16.5559,0.0000
0,273.2984,12.6891,16.5559,0.0000
1,1211.0089,12.6891,16.5559,0.0000
2,847.7062,12.6891,16.5559,0.0000
3,593.3944,12.6891,16.5559,0.0000
4,415.3761,12.6891,16.5559,0.0000
5,290.7632,12.6891,16.5559,0.0000
6,203.5343,12.6891,16.5559,0.0000
0,203.5343,12.6891,16.5559,0.0000
1,511.4740,12.6891,16.5559,0.0000
2,511.4740,18.7824,16.5559,0.0000
3,358.0318,18.7824,16.5559,0.0000
4,358.0318,13.1477,16.5559,0.0000
5,250.6223,13.1477,16.5559,0.0000
6,250.6223,9.2034,16.5559,0.0000
7,250.6223,9.2034,11.5891,0.0000
0,250.6223,9.2034,11.5891,0.0000
1,250.6223,9.2034,11.5891,0.0000
2,402.2356,9.2034,11.5891,0.0000
3,281.5649,9.2034,11.5891,0.0000
4,197.0954,9.2034,11.5891,0.0000
5,197.0954,6.4424,11.5891,0.0000
6,137.9668,6.4424,11.5891,0.0000
7,96.5768,6.4424,11.5891,0.0000
0,96.5768,6.4424,11.5891,0.0000
1,574.9037,6.4424,11.5891,0.0000
2,402.4326,6.4424,11.5891,0.0000
3,281.7028,6.4424,11.5891,0.0000
4,197.1920,6.4424,11.5891,0.0000
5,138.0344,6.4424,11.5891,0.0000
6,96.6241,6.4424,11.5891,0.0000
0,96.6241,6.4424,11.5891,0.0000
1,473.2368,6.4424,11.5891,0.0000
2,331.2658,6.4424,11.5891,0.0000
3,231.8861,6.4424,11.5891,0.0000
4,231.8861,6.4424,8.1124,0.0000
5,162.3202,6.4424,8.1124,0.0000
6,113.6242,6.4424,8.1124,0.0000
0,113.6242,6.4424,8.1124,0.0000
1,1285.5369,6.4424,8.1124,0.0000
2,899.8758,6.4424,8.1124,0.0000
3,629.9131,6.4424,8.1124,0.0000
4,440.9392,6.4424,8.1124,0.0000
5,308.6574,6.4424,8.1124,0.0000
6,216.0602,6.4424,8.1124,0.0000
0,216.0602,6.4424,8.1124,0.0000
1,264.6421,6.4424,8.1124,0.0000
2,185.2495,6.4424,8.1124,0.0000
3,129.6746,6.4424,8.1124,0.0000
4,90.7723,6.4424,8.1124,0.0000
5,63.5406,6.4424,8.1124,0.0000
6,44.4784,6.4424,8.1124,0.0000
0,44.4784,6.4424,8.1124,0.0000
1,493.7349,6.4424,8.1124,0.0000
2,345.6144,6.4424,8.1124,0.0000
3,241.9301,6.4424,8.1124,0.0000
4,169.3511,6.4424,8.1124,0.0000
5,118.5457,6.4424,8.1124,0.0000
6,82.9820,6.4424,8.1124,0.0000
0,82.9820,6.4424,8.1124,0.0000
1,609.7874,6.4424,8.1124,0.0000
2,426.8512,6.4424,8.1124,0.0000
3,298.7958,6.4424,8.1124,0.0000
4,209.1571,6.4424,8.1124,0.0000
5,146.4100,6.4424,8.1124,0.0000
6,102.4870,6.4424,8.1124,0.0000
0,102.4870,6.4424,8.1124,0.0000
1,717.6409,6.4424,8.1124,0.0000
2,502.3486,6.4424,8.1124,0.0000
3,351.6440,6.4424,8.1124,0.0000
4,351.6440,4.5097,8.1124,0.0000
5,246.1508,4.5097,8.1124,0.0000
6,246.1508,4.5097,5.6787,0.0000
0,246.1508,4.5097,5.6787,0.0000
1,882.7056,4.5097,5.6787,0.0000
2,617.8939,4.5097,5.6787,0.0000
3,432.5257,4.5097,5.6787,0.0000
4,432.5257,4.5097,3.9751,0.0000
5,302.7680,4.5097,3.9751,0.0000
6,211.9376,4.5097,3.9751,0.0000
0,211.9376,4.5097,3.9751,0.0000
1,748.9563,4.5097,3.9751,0.0000
2,748.9563,3.1568,3.9751,0.0000
3,524.2694,3.1568,3.9751,0.0000
4,366.9886,3.1568,3.9751,0.0000
5,256.8920,3.1568,3.9751,0.0000
6,179.8244,3.1568,3.9751,0.0000
0,179.8244,3.1568,3.9751,0.0000
1,281.2771,3.1568,3.9751,0.0000
2,196.8940,3.1568,3.9751,0.0000
3,137.8258,3.1568,3.9751,0.0000
4,96.4780,3.1568,3.9751,0.0000
5,67.5346,3.1568,3.9751,0.0000
6,47.2742,3.1568,3.9751,0.0000
0,47.2742,3.1568,3.9751,0.0000
1,165.3920,3.1568,3.9751,0.0000
2,115.7744,3.1568,3.9751,0.0000
3,81.0421,3.1568,3.9751,0.0000
4,81.0421,3.1568,5.4825,0.0000
5,92.7294,3.1568,5.4825,0.0000
6,64.9106,3.1568,5.4825,0.0000
7,45.4374,3.1568,5.4825,0.0000
8,31.8062,3.1568,5.4825,0.0000
9,22.2643,3.1568,5.4825,0.0000
10,15.5850,3.1568,5.4825,0.0000
0,15.5850,3.1568,5.4825,0.0000
1,181.0095,3.1568,5.4825,0.0000
2,126.7067,3.1568,5.4825,0.0000
3,88.6947,3.1568,5.4825,0.0000
4,88.6947,2.2097,5.4825,0.0000
5,62.0863,2.2097,5.4825,0.0000
6,43.4604,2.2097,5.4825,0.0000
0,43.4604,2.2097,5.4825,0.0000
1,330.4223,2.2097,5.4825,0.0000
2,231.2956,2.2097,5.4825,0.0000
3,161.9069,2.2097,5.4825,0.0000
4,113.3348,2.2097,5.4825,0.0000
5,79.3344,2.2097,5.4825,0.0000
6,55.5341,2.2097,5.4825,0.0000
0,55.5341,2.2097,5.4825,0.0000
1,392.8738,2.2097,5.4825,0.0000
2,275.0117,2.2097,5.4825,0.0000
3,192.5082,2.2097,5.4825,0.0000
4,134.7557,2.2097,5.4825,0.0000
5,134.7557,2.2097,3.8378,0.0000
6,94.3290,2.2097,3.8378,0.0000
0,94.3290,2.2097,3.8378,0.0000
1,539.7303,2.2097,3.8378,0.0000
2,377.8112,2.2097,3.8378,0.0000
3,264.4679,2.2097,3.8378,0.0000
4,264.4679,2.2097,3.8378,0.0000
5,185.1275,2.2097,3.8378,0.0000
6,129.5892,2.2097,3.8378,0.0000
0,129.5892,2.2097,3.8378,0.0000
1,1101.7125,2.2097,3.8378,0.0000
2,771.1987,2.2097,3.8378,0.0000
3,539.8391,2.2097,3.8378,0.0000
4,377.8874,2.2097,3.8378,0.0000
5,377.8874,1.5468,3.8378,0.0000
6,264.5212,1.5468,3.8378,0.0000
0,264.5212,1.5468,3.8378,0.0000
1,504.0648,1.5468,3.8378,0.0000
2,352.8454,1.5468,3.8378,0.0000
3,246.9918,1.5468,3.8378,0.0000
4,246.9918,1.5468,3.8378,0.0000
5,172.8942,1.5468,3.8378,0.0000
6,121.0260,1.5468,3.8378,0.0000
0,121.0260,1.5468,3.8378,0.0000
1,875.2182,1.5468,3.8378,0.0000
2,612.6527,1.5468,3.8378,0.0000
3,612.6527,1.0828,3.8378,0.0000
4,428.8569,1.0828,3.8378,0.0000
5,300.1998,1.0828,3.8378,0.0000
6,210.1399,1.0828,3.8378,0.0000
0,210.1399,1.0828,3.8378,0.0000
1,713.7979,1.0828,3.8378,0.0000
2,713.7979,1.0828,2.6864,0.0000
3,499.6585,1.0828,2.6864,0.0000
4,349.7610,1.0828,2.6864,0.0000
5,349.7610,0.7579,2.6864,0.0000
6,244.8327,0.7579,2.6864,0.0000
0,244.8327,0.7579,2.6864,0.0000
1,1185.6829,0.7579,2.6864,0.0000
2,829.9780,0.7579,2.6864,0.0000
3,580.9846,0.7579,2.6864,0.0000
4,406.6892,0.7579,2.6864,0.0000
5,284.6825,0.7579,2.6864,0.0000
6,199.2777,0.7579,2.6864,0.0000
0,199.2777,0.7579,2.6864,0.0000
1,179.9944,0.7579,2.6864,0.0000
2,125.9961,0.7579,2.6864,0.0000
3,125.9961,0.7579,2.6864,0.0000
4,88.1973,0.7579,2.6864,0.0000
5,61.7381,0.7579,2.6864,0.0000
6,43.2167,0.7579,2.6864,0.0000
0,43.2167,0.7579,2.6864,0.0000
1,291.2517,0.7579,2.6864,0.0000
2,291.2517,0.7579,1.8805,0.0000
3,203.8762,0.7579,1.8805,0.0000
4,142.7133,0.7579,1.8805,0.0000
5,99.8993,0.7579,1.8805,0.0000
6,99.8993,0.7579,1.8805,0.0000
0,99.8993,0.7579,1.8805,0.0000
1,99.8993,0.7579,1.8805,0.0000
2,577.5295,0.7579,1.8805,0.0000
3,404.2707,0.7579,1.8805,0.0000
4,282.9895,0.7579,1.8805,0.0000
5,198.0926,0.7579,1.8805,0.0000
6,138.6648,0.7579,1.8805,0.0000
7,97.0654,0.7579,1.8805,0.0000
0,97.0654,0.7579,1.8805,0.0000
1,1029.1458,0.7579,1.8805,0.0000
2,720.4020,0.7579,1.8805,0.0000
3,720.4020,0.5306,1.8805,0.0000
4,504.2814,0.5306,1.8805,0.0000
5,504.2814,0.5306,1.8805,0.0000
6,352.9970,0.5306,1.8805,0.0000
0,352.9970,0.5306,1.8805,0.0000
1,706.0979,0.5306,1.8805,0.0000
2,494.2685,0.5306,1.8805,0.0000
3,345.9880,0.5306,1.8805,0.0000
4,242.1916,0.5306,1.8805,0.0000
5,169.5341,0.5306,1.8805,0.0000
6,118.6739,0.5306,1.8805,0.0000
0,118.6739,0.5306,1.8805,0.0000
1,1333.1717,0.5306,1.8805,0.0000
2,933.2202,0.5306,1.8805,0.0000
3,653.2541,0.5306,1.8805,0.0000
4,653.2541,0.5306,1.8805,0.0000
5,653.2541,0.3714,1.8805,0.0000
6,457.2779,0.3714,1.8805,0.0000
0,457.2779,0.3714,1.8805,0.0000
1,1266.5945,0.3714,1.8805,0.0000
2,886.6162,0.3714,1.8805,0.0000
3,620.6313,0.3714,1.8805,0.0000
4,434.4419,0.3714,1.8805,0.0000
5,304.1093,0.3714,1.8805,0.0000
6,212.8765,0.3714,1.8805,0.0000
0,212.8765,0.3714,1.8805,0.0000
1,1203.2136,0.3714,1.8805,0.0000
2,842.2495,0.3714,1.8805,0.0000
3,589.5747,0.3714,1.8805,0.0000
4,412.7023,0.3714,1.8805,0.0000
5,288.8916,0.3714,1.8805,0.0000
6,288.8916,0.3714,1.8805,0.0000
0,288.8916,0.3714,1.8805,0.0000
1,1036.5241,0.3714,1.8805,0.0000
2,725.5669,0.3714,1.8805,0.0000
3,507.8968,0.3714,1.8805,0.0000
4,355.5278,0.3714,1.8805,0.0000
5,355.5278,0.3714,1.3164,0.0000
6,248.8694,0.3714,1.3164,0.0000
0,248.8694,0.3714,1.3164,0.0000
1,1227.2086,0.3714,1.3164,0.0000
2,1227.2086,0.3714,1.3164,0.0000
3,859.0460,0.3714,1.3164,0.0000
4,601.3322,0.3714,1.3164,0.0000
5,601.3322,0.3714,0.9215,0.0000
6,420.9326,0.3714,0.9215,0.0000
0,420.9326,0.3714,0.9215,0.0000
1,420.6528,0.3714,0.9215,0.0000
2,420.6528,0.3714,0.9215,0.0000
3,420.6528,0.3714,0.6450,0.0000
4,294.4570,0.3714,0.6450,0.0000
5,206.1199,0.3714,0.6450,0.0000
6,144.2839,0.3714,0.6450,0.0000
0,144.2839,0.3714,0.6450,0.0000
1,228.4987,0.3714,0.6450,0.0000
2,159.9491,0.3714,0.6450,0.0000
3,159.9491,0.3714,0.4515,0.0000
4,111.9644,0.3714,0.4515,0.0000
5,111.9644,0.3714,0.4515,0.0000
6,78.3751,0.3714,0.4515,0.0000
0,78.3751,0.3714,0.4515,0.0000
1,449.3625,0.3714,0.4515,0.0000
2,314.5538,0.3714,0.4515,0.0000
3,220.1876,0.3714,0.4515,0.0000
4,154.1314,0.3714,0.4515,0.0000
5,107.8919,0.3714,0.4515,0.0000
6,75.5244,0.3714,0.4515,0.0000
0,75.5244,0.3714,0.4515,0.0000
1,515.1671,0.3714,0.4515,0.0000
2,360.6169,0.3714,0.4515,0.0000
3,252.4319,0.3714,0.4515,0.0000
4,176.7023,0.3714,0.4515,0.0000
5,176.7023,0.3714,0.3161,0.0000
6,123.6916,0.3714,0.3161,0.0000
0,123.6916,0.3714,0.3161,0.0000
1,255.7841,0.3714,0.3161,0.0000
2,179.0489,0.3714,0.3161,0.0000
3,125.3342,0.3714,0.3161,0.0000
4,87.7340,0.3714,0.3161,0.0000
5,61.4138,0.3714,0.3161,0.0000
6,42.9896,0.3714,0.3161,0.0000
0,42.9896,0.3714,0.3161,0.0000
1,551.7927,0.3714,0.3161,0.0000
2,551.7927,0.2600,0.3161,0.0000
3,551.7927,0.2600,0.2212,0.0000
4,551.7927,0.2600,0.2212,0.0000
5,386.2549,0.2600,0.2212,0.0000
6,270.3784,0.2600,0.2212,0.0000
0,270.3784,0.2600,0.2212,0.0000
1,777.2649,0.2600,0.2212,0.0000
2,544.0854,0.2600,0.2212,0.0000
3,380.8598,0.2600,0.2212,0.0000
4,266.6019,0.2600,0.2212,0.0000
5,186.6213,0.2600,0.2212,0.0000
6,130.6349,0.2600,0.2212,0.0000
0,130.6349,0.2600,0.2212,0.0000
1,472.1444,0.2600,0.2212,0.0000
2,330.5011,0.2600,0.2212,0.0000
3,231.3508,0.2600,0.2212,0.0000
4,161.9455,0.2600,0.2212,0.0000
5,113.3619,0.2600,0.2212,0.0000
6,79.3533,0.2600,0.2212,0.0000
0,79.3533,0.2600,0.2212,0.0000
1,846.0473,0.2600,0.2212,0.0000
2,592.2331,0.2600,0.2212,0.0000
3,414.5632,0.2600,0.2212,0.0000
4,290.1942,0.2600,0.2212,0.0000
5,203.1360,0.2600,0.2212,0.0000
6,142.1952,0.2600,0.2212,0.0000
0,142.1952,0.2600,0.2212,0.0000
1,829.1366,0.2600,0.2212,0.0000
2,580.3956,0.2600,0.2212,0.0000
3,406.2769,0.2600,0.2212,0.0000
4,284.3939,0.2600,0.2212,0.0000
5,199.0757,0.2600,0.2212,0.0000
6,139.3530,0.2600,0.2212,0.0000
0,139.3530,0.2600,0.2212,0.0000
1,540.9471,0.2600,0.2212,0.0000
2,378.6630,0.2600,0.2212,0.0000
3,265.0641,0.2600,0.2212,0.0000
4,185.5449,0.2600,0.2212,0.0000
5,129.8814,0.2600,0.2212,0.0000
6,90.9170,0.2600,0.2212,0.0000
0,90.9170,0.2600,0.2212,0.0000
1,212.1419,0.2600,0.2212,0.0000
2,148.4993,0.2600,0.2212,0.0000
3,103.9495,0.2600,0.2212,0.0000
4,103.9495,0.2600,0.2212,0.0000
5,72.7647,0.2600,0.2212,0.0000
6,50.9353,0.2600,0.2212,0.0000
0,50.9353,0.2600,0.2212,0.0000
1,251.0547,0.2600,0.2212,0.0000
2,175.7383,0.2600,0.2212,0.0000
3,123.0168,0.2600,0.2212,0.0000
4,86.1118,0.2600,0.2212,0.0000
5,60.2782,0.2600,0.2212,0.0000
6,60.2782,0.2600,0.1549,0.0000
0,60.2782,0.2600,0.1549,0.0000
1,60.2782,0.2600,0.1549,0.0000
2,969.4948,0.2600,0.1549,0.0000
3,969.4948,0.2600,0.1549,0.0000
4,678.6463,0.2600,0.1549,0.0000
5,678.6463,0.2600,0.1549,0.0000
6,475.0524,0.2600,0.1549,0.0000
7,475.0524,0.2600,0.1084,0.0000
0,475.0524,0.2600,0.1084,0.0000
1,679.6367,0.2600,0.1084,0.0000
2,475.7457,0.2600,0.1084,0.0000
3,333.0220,0.2600,0.1084,0.0000
4,233.1154,0.2600,0.1084,0.0000
5,163.1808,0.2600,0.1084,0.0000
6,114.2265,0.2600,0.1084,0.0000
0,114.2265,0.2600,0.1084,0.0000
1,806.5586,0.2600,0.1084,0.0000
2,564.5910,0.2600,0.1084,0.0000
3,395.2137,0.2600,0.1084,0.0000
4,276.6496,0.2600,0.1084,0.0000
5,193.6547,0.2600,0.1084,0.0000
6,193.6547,0.2600,0.0759,0.0000
0,193.6547,0.2600,0.0759,0.0000
1,193.6547,0.2600,0.0531,0.0000
2,221.9583,0.2600,0.0531,0.0000
3,155.3708,0.2600,0.0531,0.0000
4,108.7596,0.2600,0.0531,0.0000
5,76.1317,0.2600,0.0531,0.0000
6,53.2922,0.2600,0.0531,0.0000
7,37.3045,0.2600,0.0531,0.0000
0,37.3045,0.2600,0.0531,0.0000
1,218.1132,0.2600,0.0531,0.0000
2,218.1132,0.2600,0.0531,0.0000
3,152.6792,0.2600,0.0531,0.0000
4,106.8755,0.2600,0.0531,0.0000
5,74.8128,0.2600,0.0531,0.0000
6,52.3690,0.2600,0.0531,0.0000
0,52.3690,0.2600,0.0531,0.0000
1,530.1583,0.2600,0.0531,0.0000
2,371.1108,0.2600,0.0531,0.0000
3,259.7776,0.2600,0.0531,0.0000
4,181.8443,0.2600,0.0531,0.0000
5,127.2910,0.2600,0.0531,0.0000
6,89.1037,0.2600,0.0531,0.0000
0,89.1037,0.2600,0.0531,0.0000
1,566.3726,0.2600,0.0531,0.0000
2,396.4608,0.2600,0.0531,0.0000
3,277.5226,0.2600,0.0531,0.0000
4,194.2658,0.2600,0.0531,0.0000
5,135.9861,0.2600,0.0531,0.0000
6,135.9861,0.2600,0.0372,0.0000
0,135.9861,0.2600,0.0372,0.0000
1,135.9861,0.2600,0.0260,0.0000
2,796.8902,0.2600,0.0260,0.0000
3,557.8232,0.2600,0.0260,0.0000
4,390.4762,0.2600,0.0260,0.0000
5,273.3334,0.2600,0.0260,0.0000
6,273.3334,0.1820,0.0260,0.0000
7,191.3333,0.1820,0.0260,0.0000
0,191.3333,0.1820,0.0260,0.0000
1,923.5333,0.1820,0.0260,0.0000
2,646.4733,0.1820,0.0260,0.0000
3,452.5313,0.1820,0.0260,0.0000
4,316.7719,0.1820,0.0260,0.0000
5,221.7404,0.1820,0.0260,0.0000
6,155.2182,0.1820,0.0260,0.0000
0,155.2182,0.1820,0.0260,0.0000
1,1406.1528,0.1820,0.0260,0.0000
2,984.3069,0.1820,0.0260,0.0000
3,689.0149,0.1820,0.0260,0.0000
4,482.3104,0.1820,0.0260,0.0000
5,337.6173,0.1820,0.0260,0.0000
6,236.3321,0.1820,0.0260,0.0000
0,236.3321,0.1820,0.0260,0.0000
1,678.7325,0.1820,0.0260,0.0000
2,475.1127,0.1820,0.0260,0.0000
3,332.5789,0.1820,0.0260,0.0000
4,232.8052,0.1820,0.0260,0.0000
5,162.9637,0.1820,0.0260,0.0000
6,114.0746,0.1820,0.0260,0.0000
0,114.0746,0.1820,0.0260,0.0000
1,114.0746,0.1820,0.0260,0.0000
2,287.7522,0.1820,0.0260,0.0000
3,201.4265,0.1820,0.0260,0.0000
4,201.4265,0.1274,0.0260,0.0000
5,140.9986,0.1274,0.0260,0.0000
6,98.6990,0.1274,0.0260,0.0000
7,69.0893,0.1274,0.0260,0.0000
0,69.0893,0.1274,0.0260,0.0000
1,425.4625,0.1274,0.0260,0.0000
2,297.8238,0.1274,0.0260,0.0000
3,208.4766,0.1274,0.0260,0.0000
4,145.9336,0.1274,0.0260,0.0000
5,102.1535,0.1274,0.0260,0.0000
6,71.5075,0.1274,0.0260,0.0000
0,71.5075,0.1274,0.0260,0.0000
1,177.2552,0.1274,0.0260,0.0000
2,124.0787,0.1274,0.0260,0.0000
3,86.8551,0.1274,0.0260,0.0000
4,60.7985,0.1274,0.0260,0.0000
5,60.7985,0.0892,0.0260,0.0000
6,42.5590,0.0892,0.0260,0.0000
0,42.5590,0.0892,0.0260,0.0000
1,388.5913,0.0892,0.0260,0.0000
2,272.0139,0.0892,0.0260,0.0000
3,190.4097,0.0892,0.0260,0.0000
4,133.2868,0.0892,0.0260,0.0000
5,93.3008,0.0892,0.0260,0.0000
6,65.3105,0.0892,0.0260,0.0000
0,65.3105,0.0892,0.0260,0.0000
1,429.1174,0.0892,0.0260,0.0000
2,300.3822,0.0892,0.0260,0.0000
3,210.2675,0.0892,0.0260,0.0000
4,147.1873,0.0892,0.0260,0.0000
5,103.0311,0.0892,0.0260,0.0000
6,72.1218,0.0892,0.0260,0.0000
0,72.1218,0.0892,0.0260,0.0000
1,435.0852,0.0892,0.0260,0.0000
2,304.5597,0.0892,0.0260,0.0000
3,213.1918,0.0892,0.0260,0.0000
4,149.2342,0.0892,0.0260,0.0000
5,149.2342,0.0892,0.0182,0.0000
6,104.4640,0.0892,0.0182,0.0000
0,104.4640,0.0892,0.0182,0.0000
1,104.4640,280.2624,0.0182,0.0000
2,104.4640,196.1837,0.0182,0.0000
3,104.4640,196.1837,0.0182,0.0000
4,299.9248,196.1837,0.0182,0.0000
5,209.9473,196.1837,0.0182,0.0000
6,146.9631,196.1837,0.0182,0.0000
7,146.9631,166.1286,0.0182,0.0000
8,146.9631,116.2900,0.0182,0.0000
9,146.9631,116.2900,0.0128,0.0000
10,102.8742,116.2900,0.0128,0.0000
0,102.8742,116.2900,0.0128,0.0000
1,102.8742,129.1030,0.0128,0.0000
2,102.8742,90.3721,0.0128,0.0000
3,129.9119,90.3721,0.0128,0.0000
4,90.9384,90.3721,0.0128,0.0000
5,63.6568,90.3721,0.0128,0.0000
6,63.6568,63.2605,0.0128,0.0000
7,44.5598,63.2605,0.0128,0.0000
8,44.5598,44.2823,0.0128,0.0000
0,44.5598,44.2823,0.0128,0.0000
1,317.9919,44.2823,0.0128,0.0000
2,222.5943,44.2823,0.0128,0.0000
3,155.8160,44.2823,0.0128,0.0000
4,109.0712,44.2823,0.0128,0.0000
5,76.3498,44.2823,0.0128,0.0000
6,76.3498,44.2823,0.0089,0.0000
0,76.3498,44.2823,0.0089,0.0000
1,504.6449,44.2823,0.0089,0.0000
2,353.2514,44.2823,0.0089,0.0000
3,247.2760,44.2823,0.0089,0.0000
4,247.2760,30.9976,0.0089,0.0000
5,173.0932,30.9976,0.0089,0.0000
6,121.1652,30.9976,0.0089,0.0000
0,121.1652,30.9976,0.0089,0.0000
1,538.7157,30.9976,0.0089,0.0000
2,377.1010,30.9976,0.0089,0.0000
3,263.9707,30.9976,0.0089,0.0000
4,184.7795,30.9976,0.0089,0.0000
5,129.3456,30.9976,0.0089,0.0000
6,90.5419,30.9976,0.0089,0.0000
0,90.5419,30.9976,0.0089,0.0000
1,1127.4794,30.9976,0.0089,0.0000
2,789.2356,30.9976,0.0089,0.0000
3,552.4649,30.9976,0.0089,0.0000
4,386.7254,30.9976,0.0089,0.0000
5,270.7078,30.9976,0.0089,0.0000
6,189.4955,30.9976,0.0089,0.0000
0,189.4955,30.9976,0.0089,0.0000
1,793.2468,30.9976,0.0089,0.0000
2,793.2468,30.9976,0.0062,0.0000
3,793.2468,21.6983,0.0062,0.0000
4,555.2728,21.6983,0.0062,0.0000
5,388.6909,21.6983,0.0062,0.0000
6,272.0837,21.6983,0.0062,0.0000
0,272.0837,21.6983,0.0062,0.0000
1,272.0837,21.6983,0.0044,0.0000
2,236.9586,21.6983,0.0044,0.0000
3,236.9586,21.6983,0.0044,0.0000
4,236.9586,21.6983,0.0031,0.0000
5,165.8710,21.6983,0.0031,0.0000
6,116.1097,21.6983,0.0031,0.0000
7,81.2768,21.6983,0.0031,0.0000
0,81.2768,21.6983,0.0031,0.0000
1,90.1938,21.6983,0.0031,0.0000
2,63.1356,21.6983,0.0031,0.0000
3,44.1949,21.6983,0.0031,0.0000
4,30.9365,21.6983,0.0031,0.0000
5,21.6555,21.6983,0.0031,0.0000
6,21.6555,15.1888,0.0031,0.0000
0,21.6555,15.1888,0.0031,0.0000
1,433.3589,15.1888,0.0031,0.0000
2,433.3589,15.1888,0.0031,0.0000
3,303.3512,15.1888,0.0031,0.0000
4,303.3512,15.1888,0.0021,0.0000
5,212.3458,15.1888,0.0021,0.0000
6,148.6421,15.1888,0.0021,0.0000
0,148.6421,15.1888,0.0021,0.0000
1,161.6495,15.1888,0.0021,0.0000
2,113.1546,15.1888,0.0021,0.0000
3,79.2082,15.1888,0.0021,0.0000
4,55.4458,15.1888,0.0021,0.0000
5,38.8120,15.1888,0.0021,0.0000
6,27.1684,15.1888,0.0021,0.0000
0,27.1684,15.1888,0.0021,0.0000
1,302.2179,15.1888,0.0021,0.0000
2,211.5525,15.1888,0.0021,0.0000
3,148.0868,15.1888,0.0021,0.0000
4,103.6607,15.1888,0.0021,0.0000
5,72.5625,15.1888,0.0021,0.0000
6,50.7938,15.1888,0.0021,0.0000
0,50.7938,15.1888,0.0021,0.0000
1,912.7556,15.1888,0.0021,0.0000
2,912.7556,15.1888,0.0021,0.0000
3,912.7556,10.6322,0.0021,0.0000
4,638.9289,10.6322,0.0021,0.0000
5,447.2503,10.6322,0.0021,0.0000
6,313.0752,10.6322,0.0021,0.0000
0,313.0752,10.6322,0.0021,0.0000
1,607.9526,10.6322,0.0021,0.0000
2,425.5668,10.6322,0.0021,0.0000
3,297.8968,10.6322,0.0021,0.0000
4,208.5278,10.6322,0.0021,0.0000
5,145.9694,10.6322,0.0021,0.0000
6,145.9694,7.4425,0.0021,0.0000
0,145.9694,7.4425,0.0021,0.0000
1,601.6786,7.4425,0.0021,0.0000
2,421.1750,7.4425,0.0021,0.0000
3,294.8225,7.4425,0.0021,0.0000
4,206.3758,7.4425,0.0021,0.0000
5,144.4630,7.4425,0.0021,0.0000
6,101.1241,7.4425,0.0021,0.0000
0,101.1241,7.4425,0.0021,0.0000
1,1003.7869,7.4425,0.0021,0.0000
2,702.6508,7.4425,0.0021,0.0000
3,491.8556,7.4425,0.0021,0.0000
4,344.2989,7.4425,0.0021,0.0000
5,241.0092,7.4425,0.0021,0.0000
6,168.7065,7.4425,0.0021,0.0000
0,168.7065,7.4425,0.0021,0.0000
1,591.4945,7.4425,0.0021,0.0000
2,414.0462,7.4425,0.0021,0.0000
3,289.8323,7.4425,0.0021,0.0000
4,202.8826,7.4425,0.0021,0.0000
5,142.0178,7.4425,0.0021,0.0000
6,99.4125,7.4425,0.0021,0.0000
0,99.4125,7.4425,0.0021,0.0000
1,141.5887,7.4425,0.0021,0.0000
2,99.1121,7.4425,0.0021,0.0000
3,69.3785,7.4425,0.0021,0.0000
4,69.3785,7.4425,0.0015,0.0000
5,69.3785,24.1098,0.0015,0.0000
6,61.4649,24.1098,0.0015,0.0000
7,43.0255,24.1098,0.0015,0.0000
8,30.1178,24.1098,0.0015,0.0000
9,21.0825,24.1098,0.0015,0.0000
10,21.0825,16.8768,0.0015,0.0000
0,21.0825,16.8768,0.0015,0.0000
1,21.0825,16.8768,0.0015,0.0000
2,284.7577,16.8768,0.0015,0.0000
3,199.3304,16.8768,0.0015,0.0000
4,139.5313,16.8768,0.0015,0.0000
5,97.6719,16.8768,0.0015,0.0000
6,68.3703,16.8768,0.0015,0.0000
7,68.3703,16.8768,0.0011,0.0000
0,68.3703,16.8768,0.0011,0.0000
1,534.7592,16.8768,0.0011,0.0000
2,374.3315,16.8768,0.0011,0.0000
3,262.0320,16.8768,0.0011,0.0000
4,183.4224,16.8768,0.0011,0.0000
5,128.3957,16.8768,0.0011,0.0000
6,89.8770,16.8768,0.0011,0.0000
0,89.8770,16.8768,0.0011,0.0000
1,271.4139,16.8768,0.0011,0.0000
2,271.4139,16.8768,0.0011,0.0000
3,189.9897,16.8768,0.0011,0.0000
4,132.9928,16.8768,0.0011,0.0000
5,93.0950,16.8768,0.0011,0.0000
6,65.1665,16.8768,0.0011,0.0000
0,65.1665,16.8768,0.0011,0.0000
1,282.6165,16.8768,0.0011,0.0000
2,197.8316,16.8768,0.0011,0.0000
3,197.8316,16.8768,0.0007,0.0000
4,138.4821,16.8768,0.0007,0.0000
5,138.4821,16.8768,0.0005,0.0000
6,96.9375,16.8768,0.0005,0.0000
0,96.9375,16.8768,0.0005,0.0000
1,309.3562,16.8768,0.0005,0.0000
2,309.3562,11.8138,0.0005,0.0000
3,216.5494,11.8138,0.0005,0.0000
4,151.5846,11.8138,0.0005,0.0000
5,106.1092,11.8138,0.0005,0.0000
6,74.2764,11.8138,0.0005,0.0000
0,74.2764,11.8138,0.0005,0.0000
1,548.7935,11.8138,0.0005,0.0000
2,384.1555,11.8138,0.0005,0.0000
3,268.9088,11.8138,0.0005,0.0000
4,188.2362,11.8138,0.0005,0.0000
5,131.7653,11.8138,0.0005,0.0000
6,131.7653,11.8138,0.0005,0.0000
0,131.7653,11.8138,0.0005,0.0000
1,595.3357,11.8138,0.0005,0.0000
2,416.7350,11.8138,0.0005,0.0000
3,291.7145,11.8138,0.0005,0.0000
4,204.2002,11.8138,0.0005,0.0000
5,142.9401,11.8138,0.0005,0.0000
6,100.0581,11.8138,0.0005,0.0000
0,100.0581,11.8138,0.0005,0.0000
1,568.0407,11.8138,0.0005,0.0000
2,397.6285,11.8138,0.0005,0.0000
3,278.3399,11.8138,0.0005,0.0000
4,194.8379,11.8138,0.0005,0.0000
5,194.8379,8.2697,0.0005,0.0000
6,194.8379,5.7888,0.0005,0.0000
0,194.8379,5.7888,0.0005,0.0000
1,724.6866,5.7888,0.0005,0.0000
2,507.2806,5.7888,0.0005,0.0000
3,355.0964,5.7888,0.0005,0.0000
4,248.5675,5.7888,0.0005,0.0000
5,248.5675,5.7888,0.0004,0.0000
6,173.9972,5.7888,0.0004,0.0000
0,173.9972,5.7888,0.0004,0.0000
1,1034.0981,5.7888,0.0004,0.0000
2,723.8686,5.7888,0.0004,0.0000
3,506.7081,5.7888,0.0004,0.0000
4,354.6956,5.7888,0.0004,0.0000
5,354.6956,5.7888,0.0004,0.0000
6,248.2869,5.7888,0.0004,0.0000
0,248.2869,5.7888,0.0004,0.0000
1,248.2869,5.7888,317.4003,0.0000
2,248.2869,5.7888,222.1802,0.0000
3,957.7009,5.7888,222.1802,0.0000
4,670.3906,5.7888,222.1802,0.0000
5,670.3906,5.7888,155.5261,0.0000
6,469.2734,5.7888,155.5261,0.0000
7,328.4914,5.7888,155.5261,0.0000
8,229.9440,5.7888,155.5261,0.0000
0,229.9440,5.7888,155.5261,0.0000
1,229.9440,5.7888,155.5261,0.0000
2,235.9608,5.7888,155.5261,0.0000
3,165.1725,5.7888,155.5261,0.0000
4,115.6208,5.7888,155.5261,0.0000
5,115.6208,5.7888,108.8683,0.0000
6,80.9345,5.7888,108.8683,0.0000
7,80.9345,5.7888,76.2078,0.0000
0,80.9345,5.7888,76.2078,0.0000
1,393.2542,5.7888,76.2078,0.0000
2,393.2542,5.7888,76.2078,0.0000
3,275.2779,5.7888,76.2078,0.0000
4,192.6946,5.7888,76.2078,0.0000
5,134.8862,5.7888,76.2078,0.0000
6,94.4203,5.7888,76.2078,0.0000
0,94.4203,5.7888,76.2078,0.0000
1,231.9942,5.7888,76.2078,0.0000
2,162.3960,5.7888,76.2078,0.0000
3,113.6772,5.7888,76.2078,0.0000
4,79.5740,5.7888,76.2078,0.0000
5,79.5740,5.7888,53.3455,0.0000
6,55.7018,5.7888,53.3455,0.0000
0,55.7018,5.7888,53.3455,0.0000
1,343.7913,5.7888,53.3455,0.0000
2,240.6539,5.7888,53.3455,0.0000
3,168.4577,5.7888,53.3455,0.0000
4,117.9204,5.7888,53.3455,0.0000
5,117.9204,4.0521,53.3455,0.0000
6,82.5443,4.0521,53.3455,0.0000
0,82.5443,4.0521,53.3455,0.0000
1,82.5443,142.9365,53.3455,0.0000
2,82.5443,142.9365,114.1418,0.0000
3,82.5443,100.0555,114.1418,0.0000
4,82.5443,100.0555,79.8993,0.0000
5,82.5443,70.0389,79.8993,0.0000
6,247.6810,70.0389,79.8993,0.0000
7,173.3767,70.0389,79.8993,0.0000
8,121.3637,70.0389,79.8993,0.0000
9,84.9546,70.0389,79.8993,0.0000
10,59.4682,70.0389,79.8993,0.0000
0,59.4682,70.0389,79.8993,0.0000
1,59.4682,90.4272,79.8993,0.0000
2,59.4682,63.2991,79.8993,0.0000
3,59.4682,63.2991,127.9295,0.0000
4,59.4682,63.2991,89.5506,0.0000
5,59.4682,63.2991,62.6855,0.0000
6,59.4682,44.3093,62.6855,0.0000
7,59.4682,44.3093,43.8798,0.0000
8,41.6277,44.3093,43.8798,0.0000
0,41.6277,44.3093,43.8798,0.0000
1,41.6277,44.3093,409.9159,0.0000
2,41.6277,44.3093,286.9411,0.0000
3,41.6277,44.3093,200.8588,0.0000
4,41.6277,44.3093,140.6011,0.0000
5,41.6277,44.3093,98.4208,0.0000
6,41.6277,44.3093,68.8946,0.0000
0,41.6277,44.3093,68.8946,0.0000
1,41.6277,44.3093,339.8262,0.0000
2,41.6277,44.3093,237.8783,0.0000
3,41.6277,44.3093,166.5148,0.0000
4,41.6277,44.3093,116.5604,0.0000
5,41.6277,44.3093,81.5923,0.0000
6,41.6277,44.3093,57.1146,0.0000
0,41.6277,44.3093,57.1146,0.0000
1,41.6277,44.3093,57.1146,0.0000
2,41.6277,44.3093,277.5802,0.0000
3,41.6277,44.3093,194.3061,0.0000
4,41.6277,44.3093,136.0143,0.0000
5,41.6277,44.3093,95.2100,0.0000
6,41.6277,44.3093,66.6470,0.0000
7,41.6277,44.3093,46.6529,0.0000
0,41.6277,44.3093,46.6529,0.0000
1,41.6277,44.3093,1293.8570,0.0000
2,104.4394,44.3093,1293.8570,0.0000
3,104.4394,44.3093,905.6999,0.0000
4,104.4394,44.3093,633.9899,0.0000
5,104.4394,31.0165,633.9899,0.0000
6,104.4394,31.0165,443.7930,0.0000
7,104.4394,31.0165,310.6551,0.0000
0,104.4394,31.0165,310.6551,0.0000
1,104.4394,31.0165,217.4586,0.0000
2,104.4394,31.0165,152.2210,0.0000
3,104.4394,31.0165,106.5547,0.0000
4,104.4394,31.0165,74.5883,0.0000
5,104.4394,21.7116,74.5883,0.0000
0,104.4394,21.7116,74.5883,0.0000
1,200.6076,21.7116,74.5883,0.0000
2,140.4253,21.7116,74.5883,0.0000
3,98.2977,21.7116,74.5883,0.0000
4,68.8084,21.7116,74.5883,0.0000
5,68.8084,21.7116,52.2118,0.0000
6,48.1659,21.7116,52.2118,0.0000
0,48.1659,21.7116,52.2118,0.0000
1,48.1659,21.7116,125.9483,0.0000
2,48.1659,21.7116,88.1638,0.0000
3,48.1659,44.2981,88.1638,0.0000
4,48.1659,44.2981,90.2146,0.0000
5,48.1659,44.2981,63.1503,0.0000
6,48.1659,44.2981,44.2052,0.0000
7,142.0161,44.2981,44.2052,0.0000
8,99.4113,44.2981,44.2052,0.0000
9,69.5879,44.2981,44.2052,0.0000
10,48.7115,44.2981,44.2052,0.0000
0,48.7115,44.2981,44.2052,0.0000
1,42.4981,44.2981,44.2052,0.0000
2,42.4981,31.0087,44.2052,0.0000
3,42.4981,31.0087,30.9436,0.0000
4,29.7486,31.0087,30.9436,0.0000
5,29.7486,21.7061,30.9436,0.0000
6,29.7486,21.7061,21.6605,0.0000
0,29.7486,21.7061,21.6605,0.0000
1,192.4241,21.7061,21.6605,0.0000
2,134.6968,21.7061,21.6605,0.0000
3,94.2878,21.7061,21.6605,0.0000
4,66.0015,21.7061,21.6605,0.0000
5,46.2010,21.7061,21.6605,0.0000
6,32.3407,21.7061,21.6605,0.0000
0,32.3407,21.7061,21.6605,0.0000
1,323.8385,21.7061,21.6605,0.0000
2,226.6869,21.7061,21.6605,0.0000
3,226.6869,21.7061,15.1624,0.0000
4,158.6809,21.7061,15.1624,0.0000
5,111.0766,21.7061,15.1624,0.0000
6,77.7536,21.7061,15.1624,0.0000
0,77.7536,21.7061,15.1624,0.0000
1,593.8275,21.7061,15.1624,0.0000
2,415.6793,21.7061,15.1624,0.0000
3,290.9755,21.7061,15.1624,0.0000
4,203.6828,21.7061,15.1624,0.0000
5,142.5780,21.7061,15.1624,0.0000
6,99.8046,21.7061,15.1624,0.0000
0,99.8046,21.7061,15.1624,0.0000
1,239.0632,21.7061,15.1624,0.0000
2,167.3443,21.7061,15.1624,0.0000
3,167.3443,21.7061,10.6137,0.0000
4,167.3443,15.1942,10.6137,0.0000
5,117.1410,15.1942,10.6137,0.0000
6,81.9987,15.1942,10.6137,0.0000
0,81.9987,15.1942,10.6137,0.0000
1,200.4991,15.1942,10.6137,0.0000
2,140.3494,15.1942,10.6137,0.0000
3,140.3494,15.1942,7.4296,0.0000
4,98.2445,15.1942,7.4296,0.0000
5,68.7712,15.1942,7.4296,0.0000
6,48.1398,15.1942,7.4296,0.0000
0,48.1398,15.1942,7.4296,0.0000
1,380.4979,15.1942,7.4296,0.0000
2,266.3485,15.1942,7.4296,0.0000
3,186.4440,15.1942,7.4296,0.0000
4,130.5108,15.1942,7.4296,0.0000
5,130.5108,15.1942,7.4296,0.0000
6,91.3575,15.1942,7.4296,0.0000
0,91.3575,15.1942,7.4296,0.0000
1,367.2503,15.1942,7.4296,0.0000
2,257.0752,15.1942,7.4296,0.0000
3,179.9526,15.1942,7.4296,0.0000
4,125.9668,15.1942,7.4296,0.0000
5,88.1768,15.1942,7.4296,0.0000
6,61.7238,15.1942,7.4296,0.0000
0,61.7238,15.1942,7.4296,0.0000
1,439.2066,15.1942,7.4296,0.0000
2,307.4446,15.1942,7.4296,0.0000
3,215.2112,15.1942,7.4296,0.0000
4,150.6479,15.1942,7.4296,0.0000
5,105.4535,15.1942,7.4296,0.0000
6,73.8175,15.1942,7.4296,0.0000
0,73.8175,15.1942,7.4296,0.0000
1,471.3722,15.1942,7.4296,0.0000
2,471.3722,15.1942,5.2007,0.0000
3,329.9606,15.1942,5.2007,0.0000
4,230.9724,15.1942,5.2007,0.0000
5,230.9724,15.1942,5.2007,0.0000
6,161.6807,15.1942,5.2007,0.0000
0,161.6807,15.1942,5.2007,0.0000
1,873.6765,15.1942,5.2007,0.0000
2,611.5735,15.1942,5.2007,0.0000
3,611.5735,15.1942,3.6405,0.0000
4,428.1015,15.1942,3.6405,0.0000
5,299.6710,15.1942,3.6405,0.0000
6,209.7697,15.1942,3.6405,0.0000
0,209.7697,15.1942,3.6405,0.0000
1,713.5388,15.1942,3.6405,0.0000
2,713.5388,15.1942,3.6405,0.0000
3,499.4772,15.1942,3.6405,0.0000
4,349.6340,15.1942,3.6405,0.0000
5,244.7438,15.1942,3.6405,0.0000
6,244.7438,15.1942,2.5483,0.0000
0,244.7438,15.1942,2.5483,0.0000
1,669.9207,15.1942,2.5483,0.0000
2,468.9445,15.1942,2.5483,0.0000
3,328.2611,15.1942,2.5483,0.0000
4,328.2611,15.1942,2.5483,0.0000
5,328.2611,29.8360,2.5483,0.0000
6,248.9828,29.8360,2.5483,0.0000
7,174.2880,29.8360,2.5483,0.0000
8,122.0016,29.8360,2.5483,0.0000
9,85.4011,29.8360,2.5483,0.0000
10,59.7808,29.8360,2.5483,0.0000
0,59.7808,29.8360,2.5483,0.0000
1,59.7808,29.8360,258.2838,0.0000
2,59.7808,29.8360,180.7987,0.0000
3,59.7808,29.8360,126.5591,0.0000
4,59.7808,29.8360,88.5914,0.0000
5,59.7808,29.8360,62.0139,0.0000
6,59.7808,29.8360,43.4098,0.0000
0,59.7808,29.8360,43.4098,0.0000
1,145.0465,29.8360,43.4098,0.0000
2,101.5326,29.8360,43.4098,0.0000
3,71.0728,29.8360,43.4098,0.0000
4,71.0728,29.8360,30.3868,0.0000
5,49.7510,29.8360,30.3868,0.0000
6,49.7510,29.8360,30.3868,0.0000
0,49.7510,29.8360,30.3868,0.0000
1,171.9257,29.8360,30.3868,0.0000
2,120.3480,29.8360,30.3868,0.0000
3,84.2436,29.8360,30.3868,0.0000
4,58.9705,29.8360,30.3868,0.0000
5,58.9705,29.8360,30.3868,0.0000
6,58.9705,29.8360,30.3868,0.0000
0,58.9705,29.8360,30.3868,0.0000
1,226.6794,29.8360,30.3868,0.0000
2,158.6755,29.8360,30.3868,0.0000
3,111.0729,29.8360,30.3868,0.0000
4,77.7510,29.8360,30.3868,0.0000
5,77.7510,29.8360,30.3868,0.0000
6,54.4257,29.8360,30.3868,0.0000
0,54.4257,29.8360,30.3868,0.0000
1,436.7980,29.8360,30.3868,0.0000
2,305.7586,29.8360,30.3868,0.0000
3,214.0310,29.8360,30.3868,0.0000
4,149.8217,29.8360,30.3868,0.0000
5,104.8752,29.8360,30.3868,0.0000
6,73.4126,29.8360,30.3868,0.0000
0,73.4126,29.8360,30.3868,0.0000
1,512.7888,29.8360,30.3868,0.0000
2,358.9522,29.8360,30.3868,0.0000
3,251.2665,29.8360,30.3868,0.0000
4,175.8866,29.8360,30.3868,0.0000
5,123.1206,29.8360,30.3868,0.0000
6,86.1844,29.8360,30.3868,0.0000
0,86.1844,29.8360,30.3868,0.0000
1,714.6291,29.8360,30.3868,0.0000
2,500.2404,29.8360,30.3868,0.0000
3,350.1683,29.8360,30.3868,0.0000
4,245.1178,29.8360,30.3868,0.0000
5,171.5824,29.8360,30.3868,0.0000
6,120.1077,29.8360,30.3868,0.0000
0,120.1077,29.8360,30.3868,0.0000
1,713.7754,29.8360,30.3868,0.0000
2,499.6428,29.8360,30.3868,0.0000
3,349.7499,29.8360,30.3868,0.0000
4,244.8250,29.8360,30.3868,0.0000
5,244.8250,29.8360,21.2708,0.0000
6,244.8250,20.8852,21.2708,0.0000
0,244.8250,20.8852,21.2708,0.0000
1,1094.1775,20.8852,21.2708,0.0000
2,765.9242,20.8852,21.2708,0.0000
3,765.9242,14.6196,21.2708,0.0000
4,536.1470,14.6196,21.2708,0.0000
5,375.3029,14.6196,21.2708,0.0000
6,262.7120,14.6196,21.2708,0.0000
0,262.7120,14.6196,21.2708,0.0000
1,1204.7984,14.6196,21.2708,0.0000
2,843.3589,14.6196,21.2708,0.0000
3,590.3512,14.6196,21.2708,0.0000
4,413.2459,14.6196,21.2708,0.0000
5,413.2459,94.2337,21.2708,0.0000
6,289.2721,94.2337,21.2708,0.0000
7,202.4905,94.2337,21.2708,0.0000
8,141.7433,94.2337,21.2708,0.0000
9,99.2203,94.2337,21.2708,0.0000
10,69.4542,94.2337,21.2708,0.0000
0,69.4542,94.2337,21.2708,0.0000
1,69.4542,305.9636,21.2708,0.0000
2,69.4542,214.1745,21.2708,0.0000
3,69.4542,149.9222,21.2708,0.0000
4,69.4542,104.9455,21.2708,0.0000
5,69.4542,73.4619,21.2708,0.0000
6,69.4542,73.4619,34.3895,0.0000
7,69.4542,51.4233,34.3895,0.0000
8,689.4180,51.4233,34.3895,0.0000
9,482.5926,51.4233,34.3895,0.0000
10,337.8148,51.4233,34.3895,0.0000
0,337.8148,51.4233,34.3895,0.0000
1,305.4704,51.4233,34.3895,0.0000
2,213.8293,51.4233,34.3895,0.0000
3,149.6805,51.4233,34.3895,0.0000
4,104.7763,51.4233,34.3895,0.0000
5,73.3434,51.4233,34.3895,0.0000
6,51.3404,51.4233,34.3895,0.0000
0,51.3404,51.4233,34.3895,0.0000
1,51.3404,110.3963,34.3895,0.0000
2,51.3404,77.2774,34.3895,0.0000
3,51.3404,54.0942,34.3895,0.0000
4,51.3404,37.8659,34.3895,0.0000
5,242.9383,37.8659,34.3895,0.0000
6,170.0568,37.8659,34.3895,0.0000
7,119.0398,37.8659,34.3895,0.0000
8,83.3278,37.8659,34.3895,0.0000
9,58.3295,37.8659,34.3895,0.0000
10,40.8306,37.8659,34.3895,0.0000
0,40.8306,37.8659,34.3895,0.0000
1,150.3814,37.8659,34.3895,0.0000
2,105.2670,37.8659,34.3895,0.0000
3,73.6869,37.8659,34.3895,0.0000
4,51.5808,37.8659,34.3895,0.0000
5,36.1066,37.8659,34.3895,0.0000
6,36.1066,26.5062,34.3895,0.0000
0,36.1066,26.5062,34.3895,0.0000
1,112.2746,26.5062,34.3895,0.0000
2,78.5922,26.5062,34.3895,0.0000
3,78.5922,18.5543,34.3895,0.0000
4,55.0146,18.5543,34.3895,0.0000
5,38.5102,18.5543,34.3895,0.0000
6,38.5102,18.5543,34.3895,0.0000
0,38.5102,18.5543,34.3895,0.0000
1,195.8571,18.5543,34.3895,0.0000
2,137.1000,18.5543,34.3895,0.0000
3,95.9700,18.5543,34.3895,0.0000
4,67.1790,18.5543,34.3895,0.0000
5,67.1790,12.9880,34.3895,0.0000
6,67.1790,12.9880,34.3895,0.0000
0,67.1790,12.9880,34.3895,0.0000
1,272.0253,12.9880,34.3895,0.0000
2,272.0253,12.9880,24.0727,0.0000
3,190.4177,12.9880,24.0727,0.0000
4,133.2924,12.9880,24.0727,0.0000
5,93.3047,12.9880,24.0727,0.0000
6,65.3133,12.9880,24.0727,0.0000
0,65.3133,12.9880,24.0727,0.0000
1,960.1193,12.9880,24.0727,0.0000
2,672.0835,12.9880,24.0727,0.0000
3,672.0835,12.9880,16.8509,0.0000
4,470.4585,12.9880,16.8509,0.0000
5,329.3209,12.9880,16.8509,0.0000
6,230.5246,12.9880,16.8509,0.0000
0,230.5246,12.9880,16.8509,0.0000
1,246.8672,12.9880,16.8509,0.0000
2,172.8071,12.9880,16.8509,0.0000
3,120.9650,12.9880,16.8509,0.0000
4,84.6755,12.9880,16.8509,0.0000
5,59.2728,12.9880,16.8509,0.0000
6,41.4910,12.9880,16.8509,0.0000
0,41.4910,12.9880,16.8509,0.0000
1,177.5437,12.9880,16.8509,0.0000
2,124.2806,12.9880,16.8509,0.0000
3,86.9964,12.9880,16.8509,0.0000
4,60.8975,12.9880,16.8509,0.0000
5,42.6282,12.9880,16.8509,0.0000
6,29.8398,12.9880,16.8509,0.0000
0,29.8398,12.9880,16.8509,0.0000
1,387.7878,12.9880,16.8509,0.0000
2,271.4515,12.9880,16.8509,0.0000
3,190.0160,12.9880,16.8509,0.0000
4,133.0112,12.9880,16.8509,0.0000
5,93.1079,12.9880,16.8509,0.0000
6,65.1755,12.9880,16.8509,0.0000
0,65.1755,12.9880,16.8509,0.0000
1,476.4229,12.9880,16.8509,0.0000
2,333.4960,12.9880,16.8509,0.0000
3,233.4472,12.9880,16.8509,0.0000
4,163.4130,12.9880,16.8509,0.0000
5,114.3891,12.9880,16.8509,0.0000
6,80.0724,12.9880,16.8509,0.0000
0,80.0724,12.9880,16.8509,0.0000
1,511.1507,12.9880,16.8509,0.0000
2,357.8055,12.9880,16.8509,0.0000
3,357.8055,12.9880,11.7956,0.0000
4,250.4638,12.9880,11.7956,0.0000
5,175.3247,12.9880,11.7956,0.0000
6,122.7273,12.9880,11.7956,0.0000
0,122.7273,12.9880,11.7956,0.0000
1,299.2091,12.9880,11.7956,0.0000
2,209.4464,12.9880,11.7956,0.0000
3,146.6125,12.9880,11.7956,0.0000
4,146.6125,12.9880,8.2569,0.0000
5,102.6287,12.9880,8.2569,0.0000
6,71.8401,12.9880,8.2569,0.0000
0,71.8401,12.9880,8.2569,0.0000
1,375.4881,12.9880,8.2569,0.0000
2,375.4881,12.9880,8.2569,0.0000
3,262.8417,12.9880,8.2569,0.0000
4,183.9892,12.9880,8.2569,0.0000
5,128.7924,12.9880,8.2569,0.0000
6,90.1547,12.9880,8.2569,0.0000
0,90.1547,12.9880,8.2569,0.0000
1,820.3083,12.9880,8.2569,0.0000
2,574.2158,12.9880,8.2569,0.0000
3,574.2158,9.0916,8.2569,0.0000
4,574.2158,9.0916,8.2569,0.0000
5,401.9511,9.0916,8.2569,0.0000
6,281.3657,9.0916,8.2569,0.0000
0,281.3657,9.0916,8.2569,0.0000
1,974.5560,9.0916,8.2569,0.0000
2,682.1892,9.0916,8.2569,0.0000
3,477.5324,9.0916,8.2569,0.0000
4,334.2727,9.0916,8.2569,0.0000
5,233.9909,9.0916,8.2569,0.0000
6,163.7936,9.0916,8.2569,0.0000
0,163.7936,9.0916,8.2569,0.0000
1,1674.3555,9.0916,8.2569,0.0000
2,1172.0489,9.0916,8.2569,0.0000
3,820.4342,9.0916,8.2569,0.0000
4,820.4342,6.3641,8.2569,0.0000
5,574.3040,6.3641,8.2569,0.0000
6,402.0128,6.3641,8.2569,0.0000
0,402.0128,6.3641,8.2569,0.0000
1,868.8089,6.3641,8.2569,0.0000
2,608.1663,6.3641,8.2569,0.0000
3,425.7164,6.3641,8.2569,0.0000
4,298.0015,6.3641,8.2569,0.0000
5,208.6010,6.3641,8.2569,0.0000
6,146.0207,6.3641,8.2569,0.0000
0,146.0207,6.3641,8.2569,0.0000
1,120.5145,6.3641,8.2569,0.0000
2,84.3602,6.3641,8.2569,0.0000
3,59.0521,6.3641,8.2569,0.0000
4,41.3365,6.3641,8.2569,0.0000
5,28.9355,6.3641,8.2569,0.0000
6,20.2549,6.3641,8.2569,0.0000
0,20.2549,6.3641,8.2569,0.0000
1,120.6784,6.3641,8.2569,0.0000
2,84.4749,6.3641,8.2569,0.0000
3,59.1324,6.3641,8.2569,0.0000
4,41.3927,6.3641,8.2569,0.0000
5,28.9749,6.3641,8.2569,0.0000
6,20.2824,6.3641,8.2569,0.0000
0,20.2824,6.3641,8.2569,0.0000
1,274.8977,6.3641,8.2569,0.0000
2,192.4284,6.3641,8.2569,0.0000
3,134.6999,6.3641,8.2569,0.0000
4,134.6999,6.3641,5.7799,0.0000
5,94.2899,6.3641,5.7799,0.0000
6,66.0029,6.3641,5.7799,0.0000
0,66.0029,6.3641,5.7799,0.0000
1,394.8021,6.3641,5.7799,0.0000
2,276.3614,6.3641,5.7799,0.0000
3,193.4530,6.3641,5.7799,0.0000
4,135.4171,6.3641,5.7799,0.0000
5,94.7920,6.3641,5.7799,0.0000
6,66.3544,6.3641,5.7799,0.0000
0,66.3544,6.3641,5.7799,0.0000
1,256.1481,6.3641,5.7799,0.0000
2,179.3036,6.3641,5.7799,0.0000
3,125.5126,6.3641,5.7799,0.0000
4,87.8588,6.3641,5.7799,0.0000
5,61.5012,6.3641,5.7799,0.0000
6,43.0508,6.3641,5.7799,0.0000
0,43.0508,6.3641,5.7799,0.0000
1,43.0508,6.3641,5.7799,0.0000
2,456.4356,6.3641,5.7799,0.0000
3,319.5049,6.3641,5.7799,0.0000
4,223.6534,6.3641,5.7799,0.0000
5,156.5574,6.3641,5.7799,0.0000
6,109.5902,6.3641,5.7799,0.0000
7,76.7131,6.3641,5.7799,0.0000
0,76.7131,6.3641,5.7799,0.0000
1,556.1992,6.3641,5.7799,0.0000
2,389.3394,6.3641,5.7799,0.0000
3,389.3394,4.4549,5.7799,0.0000
4,272.5376,4.4549,5.7799,0.0000
5,190.7763,4.4549,5.7799,0.0000
6,133.5434,4.4549,5.7799,0.0000
0,133.5434,4.4549,5.7799,0.0000
1,132.4804,4.4549,5.7799,0.0000
2,132.4804,3.1184,5.7799,0.0000
3,92.7363,3.1184,5.7799,0.0000
4,92.7363,3.1184,4.0459,0.0000
5,64.9154,3.1184,4.0459,0.0000
6,45.4408,3.1184,4.0459,0.0000
0,45.4408,3.1184,4.0459,0.0000
1,317.1085,3.1184,4.0459,0.0000
2,317.1085,3.1184,2.8321,0.0000
3,221.9760,3.1184,2.8321,0.0000
4,221.9760,3.1184,2.8321,0.0000
5,155.3832,3.1184,2.8321,0.0000
6,108.7682,3.1184,2.8321,0.0000
0,108.7682,3.1184,2.8321,0.0000
1,244.1378,3.1184,2.8321,0.0000
2,244.1378,3.1184,2.8321,0.0000
3,170.8964,3.1184,2.8321,0.0000
4,119.6275,3.1184,2.8321,0.0000
5,83.7393,3.1184,2.8321,0.0000
6,58.6175,3.1184,2.8321,0.0000
0,58.6175,3.1184,2.8321,0.0000
1,206.9322,3.1184,2.8321,0.0000
2,144.8526,3.1184,2.8321,0.0000
3,101.3968,3.1184,2.8321,0.0000
4,70.9778,3.1184,2.8321,0.0000
5,49.6844,3.1184,2.8321,0.0000
6,34.7791,3.1184,2.8321,0.0000
0,34.7791,3.1184,2.8321,0.0000
1,819.0454,3.1184,2.8321,0.0000
2,573.3318,3.1184,2.8321,0.0000
3,401.3322,3.1184,2.8321,0.0000
4,280.9326,3.1184,2.8321,0.0000
5,196.6528,3.1184,2.8321,0.0000
6,196.6528,3.1184,1.9825,0.0000
0,196.6528,3.1184,1.9825,0.0000
1,196.6528,3.1184,1.9825,0.0000
2,196.6528,3.1184,1.9825,0.0000
3,654.8570,3.1184,1.9825,0.0000
4,458.3999,3.1184,1.9825,0.0000
5,458.3999,3.1184,1.3877,0.0000
6,320.8799,3.1184,1.3877,0.0000
7,224.6159,3.1184,1.3877,0.0000
8,157.2312,3.1184,1.3877,0.0000
0,157.2312,3.1184,1.3877,0.0000
1,236.0618,3.1184,1.3877,0.0000
2,165.2433,3.1184,1.3877,0.0000
3,115.6703,3.1184,1.3877,0.0000
4,80.9692,3.1184,1.3877,0.0000
5,56.6784,3.1184,1.3877,0.0000
6,56.6784,3.1184,0.9714,0.0000
0,56.6784,3.1184,0.9714,0.0000
1,280.8749,3.1184,0.9714,0.0000
2,196.6124,3.1184,0.9714,0.0000
3,137.6287,3.1184,0.9714,0.0000
4,137.6287,3.1184,0.6800,0.0000
5,96.3401,3.1184,0.6800,0.0000
6,67.4381,3.1184,0.6800,0.0000
0,67.4381,3.1184,0.6800,0.0000
1,251.5066,3.1184,0.6800,0.0000
2,176.0547,3.1184,0.6800,0.0000
3,123.2383,3.1184,0.6800,0.0000
4,86.2668,3.1184,0.6800,0.0000
5,60.3867,3.1184,0.6800,0.0000
6,42.2707,3.1184,0.6800,0.0000
0,42.2707,3.1184,0.6800,0.0000
1,244.3895,3.1184,0.6800,0.0000
2,171.0727,3.1184,0.6800,0.0000
3,119.7509,3.1184,0.6800,0.0000
4,83.8256,3.1184,0.6800,0.0000
5,58.6779,3.1184,0.6800,0.0000
6,41.0745,3.1184,0.6800,0.0000
0,41.0745,3.1184,0.6800,0.0000
1,588.5522,3.1184,0.6800,0.0000
2,411.9865,3.1184,0.6800,0.0000
3,411.9865,3.1184,0.4760,0.0000
4,411.9865,3.1184,0.3332,0.0000
5,288.3906,3.1184,0.3332,0.0000
6,201.8734,3.1184,0.3332,0.0000
0,201.8734,3.1184,0.3332,0.0000
1,978.6114,3.1184,0.3332,0.0000
2,978.6114,3.1184,0.3332,0.0000
3,685.0280,3.1184,0.3332,0.0000
4,479.5196,3.1184,0.3332,0.0000
5,335.6637,3.1184,0.3332,0.0000
6,234.9646,3.1184,0.3332,0.0000
0,234.9646,3.1184,0.3332,0.0000
1,180.6752,3.1184,0.3332,0.0000
2,180.6752,2.1829,0.3332,0.0000
3,126.4727,2.1829,0.3332,0.0000
4,88.5309,2.1829,0.3332,0.0000
5,61.9716,2.1829,0.3332,0.0000
6,43.3801,2.1829,0.3332,0.0000
0,43.3801,2.1829,0.3332,0.0000
1,43.3801,9.3280,0.3332,0.0000
2,43.3801,6.5296,0.3332,0.0000
3,221.4661,6.5296,0.3332,0.0000
4,155.0263,6.5296,0.3332,0.0000
5,108.5184,6.5296,0.3332,0.0000
6,75.9629,6.5296,0.3332,0.0000
7,53.1740,6.5296,0.3332,0.0000
8,37.2218,6.5296,0.3332,0.0000
0,37.2218,6.5296,0.3332,0.0000
1,313.1553,6.5296,0.3332,0.0000
2,313.1553,6.5296,0.3332,0.0000
3,219.2087,6.5296,0.3332,0.0000
4,153.4461,6.5296,0.3332,0.0000
5,107.4123,6.5296,0.3332,0.0000
6,75.1886,6.5296,0.3332,0.0000
0,75.1886,6.5296,0.3332,0.0000
1,545.5320,6.5296,0.3332,0.0000
2,381.8724,6.5296,0.3332,0.0000
3,267.3107,6.5296,0.3332,0.0000
4,187.1175,6.5296,0.3332,0.0000
5,187.1175,4.5707,0.3332,0.0000
6,130.9822,4.5707,0.3332,0.0000
0,130.9822,4.5707,0.3332,0.0000
1,740.2876,4.5707,0.3332,0.0000
2,518.2013,4.5707,0.3332,0.0000
3,362.7409,4.5707,0.3332,0.0000
4,253.9186,4.5707,0.3332,0.0000
5,177.7430,4.5707,0.3332,0.0000
6,177.7430,3.1995,0.3332,0.0000
0,177.7430,3.1995,0.3332,0.0000
1,177.7430,582.4397,0.3332,0.0000
2,177.7430,407.7078,0.3332,0.0000
3,177.7430,407.7078,218.9332,0.0000
4,177.7430,285.3954,218.9332,0.0000
5,177.7430,199.7768,218.9332,0.0000
6,177.7430,199.7768,153.2533,0.0000
7,177.7430,139.8438,153.2533,0.0000
8,312.2201,139.8438,153.2533,0.0000
9,218.5541,139.8438,153.2533,0.0000
10,152.9879,139.8438,153.2533,0.0000
0,152.9879,139.8438,153.2533,0.0000
1,152.9879,139.8438,153.2533,0.0000
2,152.9879,139.8438,107.2773,0.0000
3,143.0915,139.8438,107.2773,0.0000
4,143.0915,97.8906,107.2773,0.0000
5,100.1641,97.8906,107.2773,0.0000
6,100.1641,97.8906,75.0941,0.0000
7,70.1148,97.8906,75.0941,0.0000
8,49.0804,97.8906,75.0941,0.0000
0,49.0804,97.8906,75.0941,0.0000
1,49.0804,121.3234,75.0941,0.0000
2,49.0804,84.9264,75.0941,0.0000
3,49.0804,59.4485,75.0941,0.0000
4,49.0804,59.4485,52.5659,0.0000
5,49.0804,41.6139,52.5659,0.0000
6,49.0804,41.6139,36.7961,0.0000
0,49.0804,41.6139,36.7961,0.0000
1,439.3563,41.6139,36.7961,0.0000
2,307.5494,41.6139,36.7961,0.0000
3,215.2846,41.6139,36.7961,0.0000
4,150.6992,41.6139,36.7961,0.0000
5,105.4894,41.6139,36.7961,0.0000
6,73.8426,41.6139,36.7961,0.0000
0,73.8426,41.6139,36.7961,0.0000
1,571.8898,41.6139,36.7961,0.0000
2,400.3229,41.6139,36.7961,0.0000
3,400.3229,41.6139,36.7961,0.0000
4,400.3229,41.6139,36.7961,0.0000
5,280.2260,41.6139,36.7961,0.0000
6,196.1582,41.6139,36.7961,0.0000
0,196.1582,41.6139,36.7961,0.0000
1,498.5107,41.6139,36.7961,0.0000
2,348.9575,41.6139,36.7961,0.0000
3,244.2703,41.6139,36.7961,0.0000
4,244.2703,41.6139,25.7573,0.0000
5,170.9892,41.6139,25.7573,0.0000
6,119.6924,41.6139,25.7573,0.0000
0,119.6924,41.6139,25.7573,0.0000
1,920.7847,41.6139,25.7573,0.0000
2,644.5493,41.6139,25.7573,0.0000
3,451.1845,41.6139,25.7573,0.0000
4,315.8292,41.6139,25.7573,0.0000
5,221.0804,41.6139,25.7573,0.0000
6,154.7563,41.6139,25.7573,0.0000
0,154.7563,41.6139,25.7573,0.0000
1,871.2294,41.6139,25.7573,0.0000
2,609.8606,41.6139,25.7573,0.0000
3,426.9024,41.6139,25.7573,0.0000
4,298.8317,41.6139,25.7573,0.0000
5,209.1822,41.6139,25.7573,0.0000
6,209.1822,41.6139,18.0301,0.0000
0,209.1822,41.6139,18.0301,0.0000
1,663.6275,41.6139,18.0301,0.0000
2,464.5393,41.6139,18.0301,0.0000
3,325.1775,41.6139,18.0301,0.0000
4,227.6242,41.6139,18.0301,0.0000
5,159.3370,41.6139,18.0301,0.0000
6,111.5359,41.6139,18.0301,0.0000
0,111.5359,41.6139,18.0301,0.0000
1,872.4751,41.6139,18.0301,0.0000
2,610.7326,41.6139,18.0301,0.0000
3,427.5128,41.6139,18.0301,0.0000
4,427.5128,41.6139,12.6211,0.0000
5,299.2590,41.6139,12.6211,0.0000
6,209.4813,41.6139,12.6211,0.0000
0,209.4813,41.6139,12.6211,0.0000
1,209.4813,462.6298,12.6211,0.0000
2,209.4813,323.8408,12.6211,0.0000
3,209.4813,226.6886,12.6211,0.0000
4,209.4813,158.6820,12.6211,0.0000
5,404.0369,158.6820,12.6211,0.0000
6,404.0369,158.6820,8.8347,0.0000
7,282.8258,158.6820,8.8347,0.0000
8,282.8258,158.6820,8.8347,0.0000
9,197.9781,158.6820,8.8347,0.0000
10,197.9781,158.6820,6.1843,0.0000
0,197.9781,158.6820,6.1843,0.0000
1,1113.5847,158.6820,6.1843,0.0000
2,779.5093,158.6820,6.1843,0.0000
3,545.6565,158.6820,6.1843,0.0000
4,545.6565,158.6820,4.3290,0.0000
5,545.6565,111.0774,4.3290,0.0000
6,381.9595,111.0774,4.3290,0.0000
0,381.9595,111.0774,4.3290,0.0000
1,297.0717,111.0774,4.3290,0.0000
2,207.9502,111.0774,4.3290,0.0000
3,145.5651,111.0774,4.3290,0.0000
4,101.8956,111.0774,4.3290,0.0000
5,101.8956,77.7542,4.3290,0.0000
6,71.3269,77.7542,4.3290,0.0000
0,71.3269,77.7542,4.3290,0.0000
1,71.3269,86.5279,4.3290,0.0000
2,71.3269,60.5695,4.3290,0.0000
3,154.6288,60.5695,4.3290,0.0000
4,154.6288,60.5695,3.0303,0.0000
5,108.2402,60.5695,3.0303,0.0000
6,75.7681,60.5695,3.0303,0.0000
7,53.0377,60.5695,3.0303,0.0000
8,53.0377,42.3987,3.0303,0.0000
0,53.0377,42.3987,3.0303,0.0000
1,184.7264,42.3987,3.0303,0.0000
2,129.3085,42.3987,3.0303,0.0000
3,90.5159,42.3987,3.0303,0.0000
4,63.3611,42.3987,3.0303,0.0000
5,44.3528,42.3987,3.0303,0.0000
6,31.0470,42.3987,3.0303,0.0000
0,31.0470,42.3987,3.0303,0.0000
1,31.0470,29.6791,3.0303,0.0000
2,133.6329,29.6791,3.0303,0.0000
3,93.5430,29.6791,3.0303,0.0000
4,65.4801,29.6791,3.0303,0.0000
5,45.8361,29.6791,3.0303,0.0000
6,45.8361,20.7754,3.0303,0.0000
7,32.0853,20.7754,3.0303,0.0000
0,32.0853,20.7754,3.0303,0.0000
1,408.5597,20.7754,3.0303,0.0000
2,285.9918,20.7754,3.0303,0.0000
3,285.9918,20.7754,3.0303,0.0000
4,285.9918,20.7754,3.0303,0.0000
5,200.1942,20.7754,3.0303,0.0000
6,140.1360,20.7754,3.0303,0.0000
0,140.1360,20.7754,3.0303,0.0000
1,406.4952,20.7754,3.0303,0.0000
2,284.5466,20.7754,3.0303,0.0000
3,199.1826,20.7754,3.0303,0.0000
4,139.4278,20.7754,3.0303,0.0000
5,97.5995,20.7754,3.0303,0.0000
6,68.3196,20.7754,3.0303,0.0000
0,68.3196,20.7754,3.0303,0.0000
1,666.7238,20.7754,3.0303,0.0000
2,466.7066,20.7754,3.0303,0.0000
3,326.6946,20.7754,3.0303,0.0000
4,326.6946,14.5427,3.0303,0.0000
5,326.6946,10.1799,3.0303,0.0000
6,228.6862,10.1799,3.0303,0.0000
0,228.6862,10.1799,3.0303,0.0000
1,758.8804,10.1799,3.0303,0.0000
2,531.2163,10.1799,3.0303,0.0000
3,371.8514,10.1799,3.0303,0.0000
4,260.2960,10.1799,3.0303,0.0000
5,260.2960,7.1259,3.0303,0.0000
6,182.2072,7.1259,3.0303,0.0000
0,182.2072,7.1259,3.0303,0.0000
1,182.2072,189.4882,3.0303,0.0000
2,182.2072,132.6417,3.0303,0.0000
3,387.3450,132.6417,3.0303,0.0000
4,387.3450,92.8492,3.0303,0.0000
5,387.3450,92.8492,3.0303,0.0000
6,271.1415,92.8492,3.0303,0.0000
7,189.7991,92.8492,3.0303,0.0000
8,189.7991,92.8492,2.1212,0.0000
0,189.7991,92.8492,2.1212,0.0000
1,811.4593,92.8492,2.1212,0.0000
2,568.0215,92.8492,2.1212,0.0000
3,397.6151,92.8492,2.1212,0.0000
4,278.3306,92.8492,2.1212,0.0000
5,194.8314,92.8492,2.1212,0.0000
6,136.3820,92.8492,2.1212,0.0000
0,136.3820,92.8492,2.1212,0.0000
1,489.6674,92.8492,2.1212,0.0000
2,489.6674,92.8492,2.1212,0.0000
3,342.7672,92.8492,2.1212,0.0000
4,239.9370,92.8492,2.1212,0.0000
5,239.9370,92.8492,1.4849,0.0000
6,167.9559,92.8492,1.4849,0.0000
0,167.9559,92.8492,1.4849,0.0000
1,794.9691,92.8492,1.4849,0.0000
2,556.4784,92.8492,1.4849,0.0000
3,389.5349,92.8492,1.4849,0.0000
4,272.6744,92.8492,1.4849,0.0000
5,190.8721,92.8492,1.4849,0.0000
6,133.6105,92.8492,1.4849,0.0000
0,133.6105,92.8492,1.4849,0.0000
1,1316.0273,92.8492,1.4849,0.0000
2,921.2191,92.8492,1.4849,0.0000
3,644.8534,92.8492,1.4849,0.0000
4,451.3974,92.8492,1.4849,0.0000
5,315.9782,92.8492,1.4849,0.0000
6,315.9782,92.8492,1.4849,0.0000
0,315.9782,92.8492,1.4849,0.0000
1,477.6847,92.8492,1.4849,0.0000
2,334.3793,92.8492,1.4849,0.0000
3,234.0655,92.8492,1.4849,0.0000
4,163.8459,92.8492,1.4849,0.0000
5,114.6921,92.8492,1.4849,0.0000
6,114.6921,64.9944,1.4849,0.0000
0,114.6921,64.9944,1.4849,0.0000
1,114.6921,64.9944,1.4849,0.0000
2,232.0845,64.9944,1.4849,0.0000
3,162.4591,64.9944,1.4849,0.0000
4,162.4591,45.4961,1.4849,0.0000
5,113.7214,45.4961,1.4849,0.0000
6,113.7214,45.4961,1.4849,0.0000
7,79.6050,45.4961,1.4849,0.0000
0,79.6050,45.4961,1.4849,0.0000
1,185.9235,45.4961,1.4849,0.0000
2,130.1464,45.4961,1.4849,0.0000
3,91.1025,45.4961,1.4849,0.0000
4,63.7718,45.4961,1.4849,0.0000
5,44.6402,45.4961,1.4849,0.0000
6,44.6402,31.8473,1.4849,0.0000
0,44.6402,31.8473,1.4849,0.0000
1,187.2482,31.8473,1.4849,0.0000
2,131.0737,31.8473,1.4849,0.0000
3,91.7516,31.8473,1.4849,0.0000
4,64.2261,31.8473,1.4849,0.0000
5,44.9583,31.8473,1.4849,0.0000
6,44.9583,22.2931,1.4849,0.0000
0,44.9583,22.2931,1.4849,0.0000
1,277.1708,22.2931,1.4849,0.0000
2,194.0196,22.2931,1.4849,0.0000
3,135.8137,22.2931,1.4849,0.0000
4,95.0696,22.2931,1.4849,0.0000
5,66.5487,22.2931,1.4849,0.0000
6,66.5487,22.2931,1.0394,0.0000
0,66.5487,22.2931,1.0394,0.0000
1,117.0841,22.2931,1.0394,0.0000
2,117.0841,22.2931,0.7276,0.0000
3,117.0841,22.2931,0.7276,0.0000
4,81.9589,22.2931,0.7276,0.0000
5,57.3712,22.2931,0.7276,0.0000
6,40.1598,22.2931,0.7276,0.0000
0,40.1598,22.2931,0.7276,0.0000
1,251.0119,22.2931,0.7276,0.0000
2,175.7083,22.2931,0.7276,0.0000
3,122.9958,22.2931,0.7276,0.0000
4,86.0971,22.2931,0.7276,0.0000
5,60.2680,22.2931,0.7276,0.0000
6,42.1876,22.2931,0.7276,0.0000
0,42.1876,22.2931,0.7276,0.0000
1,410.2313,22.2931,0.7276,0.0000
2,287.1619,22.2931,0.7276,0.0000
3,201.0133,22.2931,0.7276,0.0000
4,201.0133,22.2931,0.5093,0.0000
5,140.7093,22.2931,0.5093,0.0000
6,98.4965,22.2931,0.5093,0.0000
0,98.4965,22.2931,0.5093,0.0000
1,98.4965,22.2931,0.5093,0.0000
2,568.7476,22.2931,0.5093,0.0000
3,398.1233,22.2931,0.5093,0.0000
4,278.6863,22.2931,0.5093,0.0000
5,195.0804,22.2931,0.5093,0.0000
6,136.5563,22.2931,0.5093,0.0000
7,95.5894,22.2931,0.5093,0.0000
0,95.5894,22.2931,0.5093,0.0000
1,998.4126,22.2931,0.5093,0.0000
2,698.8888,22.2931,0.5093,0.0000
3,489.2222,22.2931,0.5093,0.0000
4,342.4555,22.2931,0.5093,0.0000
5,239.7189,22.2931,0.5093,0.0000
6,167.8032,22.2931,0.5093,0.0000
0,167.8032,22.2931,0.5093,0.0000
1,525.7622,22.2931,0.5093,0.0000
2,368.0336,22.2931,0.5093,0.0000
3,257.6235,22.2931,0.5093,0.0000
4,257.6235,22.2931,0.3565,0.0000
5,180.3364,22.2931,0.3565,0.0000
6,126.2355,22.2931,0.3565,0.0000
0,126.2355,22.2931,0.3565,0.0000
1,126.2355,22.2931,0.3565,0.0000
2,218.5649,22.2931,0.3565,0.0000
3,152.9954,22.2931,0.3565,0.0000
4,107.0968,22.2931,0.3565,0.0000
5,107.0968,22.2931,0.2496,0.0000
6,107.0968,22.2931,0.2496,0.0000
7,107.0968,15.6052,0.2496,0.0000
0,107.0968,15.6052,0.2496,0.0000
1,248.3677,15.6052,0.2496,0.0000
2,173.8574,15.6052,0.2496,0.0000
3,121.7002,15.6052,0.2496,0.0000
4,85.1901,15.6052,0.2496,0.0000
5,59.6331,15.6052,0.2496,0.0000
6,41.7432,15.6052,0.2496,0.0000
0,41.7432,15.6052,0.2496,0.0000
1,41.7432,10.9236,0.2496,0.0000
2,355.0202,10.9236,0.2496,0.0000
3,248.5142,10.9236,0.2496,0.0000
4,173.9599,10.9236,0.2496,0.0000
5,121.7719,10.9236,0.2496,0.0000
6,85.2404,10.9236,0.2496,0.0000
7,59.6682,10.9236,0.2496,0.0000
0,59.6682,10.9236,0.2496,0.0000
1,465.6678,10.9236,0.2496,0.0000
2,325.9674,10.9236,0.2496,0.0000
3,228.1772,10.9236,0.2496,0.0000
4,159.7240,10.9236,0.2496,0.0000
5,111.8068,10.9236,0.2496,0.0000
6,111.8068,10.9236,0.2496,0.0000
0,111.8068,10.9236,0.2496,0.0000
1,415.7648,10.9236,0.2496,0.0000
2,415.7648,10.9236,0.2496,0.0000
3,291.0353,10.9236,0.2496,0.0000
4,203.7247,10.9236,0.2496,0.0000
5,142.6073,10.9236,0.2496,0.0000
6,99.8251,10.9236,0.2496,0.0000
0,99.8251,10.9236,0.2496,0.0000
1,412.7776,10.9236,0.2496,0.0000
2,288.9443,10.9236,0.2496,0.0000
3,202.2610,10.9236,0.2496,0.0000
4,141.5827,10.9236,0.2496,0.0000
5,99.1079,10.9236,0.2496,0.0000
6,99.1079,7.6465,0.2496,0.0000
0,99.1079,7.6465,0.2496,0.0000
1,828.0755,7.6465,0.2496,0.0000
2,579.6529,7.6465,0.2496,0.0000
3,405.7570,7.6465,0.2496,0.0000
4,284.0299,7.6465,0.2496,0.0000
5,198.8209,7.6465,0.2496,0.0000
6,139.1747,7.6465,0.2496,0.0000
0,139.1747,7.6465,0.2496,0.0000
1,836.9223,7.6465,0.2496,0.0000
2,585.8456,7.6465,0.2496,0.0000
3,410.0919,7.6465,0.2496,0.0000
4,287.0643,7.6465,0.2496,0.0000
5,200.9450,7.6465,0.2496,0.0000
6,140.6615,7.6465,0.2496,0.0000
0,140.6615,7.6465,0.2496,0.0000
1,140.6615,7.6465,277.3747,0.0000
2,140.6615,7.6465,194.1623,0.0000
3,140.6615,7.6465,135.9136,0.0000
4,957.6631,7.6465,135.9136,0.0000
5,670.3641,7.6465,135.9136,0.0000
6,469.2549,7.6465,135.9136,0.0000
7,469.2549,7.6465,95.1395,0.0000
8,328.4784,7.6465,95.1395,0.0000
9,229.9349,7.6465,95.1395,0.0000
0,229.9349,7.6465,95.1395,0.0000
1,1545.1544,7.6465,95.1395,0.0000
2,1081.6081,7.6465,95.1395,0.0000
3,757.1257,7.6465,95.1395,0.0000
4,529.9880,7.6465,95.1395,0.0000
5,370.9916,7.6465,95.1395,0.0000
6,370.9916,5.3526,95.1395,0.0000
0,370.9916,5.3526,95.1395,0.0000
1,298.6941,5.3526,95.1395,0.0000
2,209.0859,5.3526,95.1395,0.0000
3,146.3601,5.3526,95.1395,0.0000
4,102.4521,5.3526,95.1395,0.0000
5,71.7165,5.3526,95.1395,0.0000
6,71.7165,3.7468,95.1395,0.0000
0,71.7165,3.7468,95.1395,0.0000
1,71.7165,3.7468,66.5977,0.0000
2,259.3015,3.7468,66.5977,0.0000
3,181.5111,3.7468,66.5977,0.0000
4,127.0577,3.7468,66.5977,0.0000
5,88.9404,3.7468,66.5977,0.0000
6,88.9404,3.7468,66.5977,0.0000
7,62.2583,3.7468,66.5977,0.0000
0,62.2583,3.7468,66.5977,0.0000
1,62.2583,2.6228,66.5977,0.0000
2,133.2808,2.6228,66.5977,0.0000
3,93.2966,2.6228,66.5977,0.0000
4,65.3076,2.6228,66.5977,0.0000
5,65.3076,2.6228,46.6184,0.0000
6,65.3076,1.8359,46.6184,0.0000
7,45.7153,1.8359,46.6184,0.0000
0,45.7153,1.8359,46.6184,0.0000
1,326.6007,1.8359,46.6184,0.0000
2,326.6007,1.2852,46.6184,0.0000
3,326.6007,0.8996,46.6184,0.0000
4,228.6205,0.8996,46.6184,0.0000
5,228.6205,0.8996,32.6329,0.0000
6,160.0344,0.8996,32.6329,0.0000
0,160.0344,0.8996,32.6329,0.0000
1,354.7240,0.8996,32.6329,0.0000
2,354.7240,0.6297,32.6329,0.0000
3,248.3068,0.6297,32.6329,0.0000
4,173.8148,0.6297,32.6329,0.0000
5,121.6703,0.6297,32.6329,0.0000
6,85.1692,0.6297,32.6329,0.0000
0,85.1692,0.6297,32.6329,0.0000
1,791.0185,0.6297,32.6329,0.0000
2,553.7129,0.6297,32.6329,0.0000
3,553.7129,109.6408,32.6329,0.0000
4,553.7129,76.7486,32.6329,0.0000
5,387.5991,76.7486,32.6329,0.0000
6,271.3193,76.7486,32.6329,0.0000
7,189.9235,76.7486,32.6329,0.0000
8,189.9235,76.7486,32.6329,0.0000
0,189.9235,76.7486,32.6329,0.0000
1,710.1465,76.7486,32.6329,0.0000
2,497.1025,76.7486,32.6329,0.0000
3,497.1025,76.7486,22.8430,0.0000
4,347.9718,76.7486,22.8430,0.0000
5,243.5802,76.7486,22.8430,0.0000
6,243.5802,53.7240,22.8430,0.0000
0,243.5802,53.7240,22.8430,0.0000
1,798.1062,53.7240,22.8430,0.0000
2,558.6743,53.7240,22.8430,0.0000
3,391.0720,53.7240,22.8430,0.0000
4,273.7504,53.7240,22.8430,0.0000
5,191.6253,53.7240,22.8430,0.0000
6,134.1377,53.7240,22.8430,0.0000
0,134.1377,53.7240,22.8430,0.0000
1,935.9964,53.7240,22.8430,0.0000
2,655.1975,53.7240,22.8430,0.0000
3,458.6382,53.7240,22.8430,0.0000
4,321.0468,53.7240,22.8430,0.0000
5,224.7327,53.7240,22.8430,0.0000
6,157.3129,53.7240,22.8430,0.0000
0,157.3129,53.7240,22.8430,0.0000
1,1122.9190,53.7240,22.8430,0.0000
2,1122.9190,53.7240,15.9901,0.0000
3,786.0433,53.7240,15.9901,0.0000
4,550.2303,53.7240,15.9901,0.0000
5,550.2303,53.7240,11.1931,0.0000
6,385.1612,53.7240,11.1931,0.0000
0,385.1612,53.7240,11.1931,0.0000
1,385.1612,53.7240,11.1931,0.0000
2,1131.8129,53.7240,11.1931,0.0000
3,792.2690,53.7240,11.1931,0.0000
4,554.5883,53.7240,11.1931,0.0000
5,388.2118,53.7240,11.1931,0.0000
6,271.7483,53.7240,11.1931,0.0000
7,190.2238,53.7240,11.1931,0.0000
0,190.2238,53.7240,11.1931,0.0000
1,218.6567,53.7240,11.1931,0.0000
2,153.0597,53.7240,11.1931,0.0000
3,107.1418,53.7240,11.1931,0.0000
4,74.9992,53.7240,11.1931,0.0000
5,52.4995,53.7240,11.1931,0.0000
6,52.4995,37.6068,11.1931,0.0000
0,52.4995,37.6068,11.1931,0.0000
1,193.6496,37.6068,11.1931,0.0000
2,193.6496,37.6068,7.8351,0.0000
3,135.5547,37.6068,7.8351,0.0000
4,94.8883,37.6068,7.8351,0.0000
5,66.4218,37.6068,7.8351,0.0000
6,46.4953,37.6068,7.8351,0.0000
0,46.4953,37.6068,7.8351,0.0000
1,714.1467,37.6068,7.8351,0.0000
2,499.9027,37.6068,7.8351,0.0000
3,349.9319,37.6068,7.8351,0.0000
4,244.9523,37.6068,7.8351,0.0000
5,244.9523,37.6068,7.8351,0.0000
6,171.4666,37.6068,7.8351,0.0000
0,171.4666,37.6068,7.8351,0.0000
1,457.8266,37.6068,7.8351,0.0000
2,457.8266,26.3248,7.8351,0.0000
3,320.4786,26.3248,7.8351,0.0000
4,224.3351,26.3248,7.8351,0.0000
5,157.0345,26.3248,7.8351,0.0000
6,109.9242,26.3248,7.8351,0.0000
0,109.9242,26.3248,7.8351,0.0000
1,109.9242,138.4273,7.8351,0.0000
2,109.9242,96.8991,7.8351,0.0000
3,501.7469,96.8991,7.8351,0.0000
4,351.2228,96.8991,7.8351,0.0000
5,351.2228,96.8991,5.4846,0.0000
6,245.8560,96.8991,5.4846,0.0000
7,172.0992,96.8991,5.4846,0.0000
8,120.4694,96.8991,5.4846,0.0000
0,120.4694,96.8991,5.4846,0.0000
1,415.5286,96.8991,5.4846,0.0000
2,290.8700,96.8991,5.4846,0.0000
3,203.6090,96.8991,5.4846,0.0000
4,203.6090,67.8294,5.4846,0.0000
5,142.5263,67.8294,5.4846,0.0000
6,142.5263,67.8294,3.8392,0.0000
0,142.5263,67.8294,3.8392,0.0000
1,694.9684,67.8294,3.8392,0.0000
2,486.4779,67.8294,3.8392,0.0000
3,340.5345,67.8294,3.8392,0.0000
4,238.3742,67.8294,3.8392,0.0000
5,166.8619,67.8294,3.8392,0.0000
6,116.8033,67.8294,3.8392,0.0000
0,116.8033,67.8294,3.8392,0.0000
1,721.6623,67.8294,3.8392,0.0000
2,505.1636,67.8294,3.8392,0.0000
3,353.6145,67.8294,3.8392,0.0000
4,247.5302,67.8294,3.8392,0.0000
5,173.2711,67.8294,3.8392,0.0000
6,121.2898,67.8294,3.8392,0.0000
0,121.2898,67.8294,3.8392,0.0000
1,1004.4029,67.8294,3.8392,0.0000
2,703.0820,67.8294,3.8392,0.0000
3,492.1574,67.8294,3.8392,0.0000
4,344.5102,67.8294,3.8392,0.0000
5,241.1571,67.8294,3.8392,0.0000
6,168.8100,67.8294,3.8392,0.0000
0,168.8100,67.8294,3.8392,0.0000
1,975.5670,67.8294,3.8392,0.0000
2,682.8969,67.8294,3.8392,0.0000
3,478.0278,67.8294,3.8392,0.0000
4,334.6195,67.8294,3.8392,0.0000
5,234.2336,67.8294,3.8392,0.0000
6,163.9635,67.8294,3.8392,0.0000
0,163.9635,67.8294,3.8392,0.0000
1,163.9635,560.7806,3.8392,0.0000
2,163.9635,392.5464,3.8392,0.0000
3,163.9635,274.7825,3.8392,0.0000
4,163.9635,192.3477,3.8392,0.0000
5,518.8745,192.3477,3.8392,0.0000
6,363.2121,192.3477,3.8392,0.0000
7,254.2485,192.3477,3.8392,0.0000
8,177.9739,192.3477,3.8392,0.0000
9,177.9739,134.6434,3.8392,0.0000
10,124.5818,134.6434,3.8392,0.0000
0,124.5818,134.6434,3.8392,0.0000
1,124.5818,94.2504,3.8392,0.0000
2,124.5818,94.2504,2.6875,0.0000
3,93.8072,94.2504,2.6875,0.0000
4,93.8072,65.9753,2.6875,0.0000
5,65.6651,65.9753,2.6875,0.0000
6,45.9655,65.9753,2.6875,0.0000
7,45.9655,46.1827,2.6875,0.0000
8,45.9655,32.3279,2.6875,0.0000
0,45.9655,32.3279,2.6875,0.0000
1,189.3759,32.3279,2.6875,0.0000
2,189.3759,32.3279,2.6875,0.0000
3,132.5631,32.3279,2.6875,0.0000
4,92.7942,32.3279,2.6875,0.0000
5,64.9559,32.3279,2.6875,0.0000
6,64.9559,22.6295,2.6875,0.0000
0,64.9559,22.6295,2.6875,0.0000
1,64.9559,22.6295,215.4812,0.0000
2,64.9559,22.6295,150.8369,0.0000
3,64.9559,22.6295,105.5858,0.0000
4,64.9559,22.6295,73.9101,0.0000
5,64.9559,22.6295,51.7370,0.0000
6,228.4691,22.6295,51.7370,0.0000
7,159.9284,22.6295,51.7370,0.0000
8,111.9499,22.6295,51.7370,0.0000
9,78.3649,22.6295,51.7370,0.0000
10,54.8554,22.6295,51.7370,0.0000
0,54.8554,22.6295,51.7370,0.0000
1,271.7988,22.6295,51.7370,0.0000
2,190.2592,22.6295,51.7370,0.0000
3,133.1814,22.6295,51.7370,0.0000
4,133.1814,22.6295,51.7370,0.0000
5,93.2270,22.6295,51.7370,0.0000
6,65.2589,22.6295,51.7370,0.0000
0,65.2589,22.6295,51.7370,0.0000
1,570.6812,22.6295,51.7370,0.0000
2,399.4769,22.6295,51.7370,0.0000
3,399.4769,22.6295,51.7370,0.0000
4,279.6338,22.6295,51.7370,0.0000
5,195.7437,22.6295,51.7370,0.0000
6,195.7437,15.8407,51.7370,0.0000
0,195.7437,15.8407,51.7370,0.0000
1,580.4206,15.8407,51.7370,0.0000
2,406.2944,15.8407,51.7370,0.0000
3,284.4061,15.8407,51.7370,0.0000
4,199.0843,15.8407,51.7370,0.0000
5,139.3590,15.8407,51.7370,0.0000
6,97.5513,15.8407,51.7370,0.0000
0,97.5513,15.8407,51.7370,0.0000
1,879.4859,15.8407,51.7370,0.0000
2,615.6401,15.8407,51.7370,0.0000
3,430.9481,15.8407,51.7370,0.0000
4,301.6637,15.8407,51.7370,0.0000
5,301.6637,11.0885,51.7370,0.0000
6,301.6637,7.7619,51.7370,0.0000
0,301.6637,7.7619,51.7370,0.0000
1,1076.9646,7.7619,51.7370,0.0000
2,753.8752,7.7619,51.7370,0.0000
3,753.8752,5.4333,51.7370,0.0000
4,527.7126,5.4333,51.7370,0.0000
5,369.3988,5.4333,51.7370,0.0000
6,369.3988,5.4333,36.2159,0.0000
0,369.3988,5.4333,36.2159,0.0000
1,908.9792,5.4333,36.2159,0.0000
2,636.2854,5.4333,36.2159,0.0000
3,445.3998,5.4333,36.2159,0.0000
4,445.3998,5.4333,25.3511,0.0000
5,311.7799,5.4333,25.3511,0.0000
6,311.7799,5.4333,17.7458,0.0000
0,311.7799,5.4333,17.7458,0.0000
1,1100.5459,5.4333,17.7458,0.0000
2,770.3821,5.4333,17.7458,0.0000
3,539.2675,5.4333,17.7458,0.0000
4,377.4872,5.4333,17.7458,0.0000
5,264.2411,5.4333,17.7458,0.0000
6,184.9688,5.4333,17.7458,0.0000
0,184.9688,5.4333,17.7458,0.0000
1,1043.2781,5.4333,17.7458,0.0000
2,1043.2781,5.4333,12.4221,0.0000
3,730.2947,5.4333,12.4221,0.0000
4,511.2063,5.4333,12.4221,0.0000
5,357.8444,5.4333,12.4221,0.0000
6,250.4911,5.4333,12.4221,0.0000
0,250.4911,5.4333,12.4221,0.0000
1,396.4438,5.4333,12.4221,0.0000
2,277.5106,5.4333,12.4221,0.0000
3,194.2574,5.4333,12.4221,0.0000
4,135.9802,5.4333,12.4221,0.0000
5,95.1861,5.4333,12.4221,0.0000
6,66.6303,5.4333,12.4221,0.0000
0,66.6303,5.4333,12.4221,0.0000
1,66.6303,5.4333,12.4221,0.0000
2,154.6412,5.4333,12.4221,0.0000
3,108.2488,5.4333,12.4221,0.0000
4,75.7742,5.4333,12.4221,0.0000
5,53.0419,5.4333,12.4221,0.0000
6,37.1294,5.4333,12.4221,0.0000
7,25.9905,5.4333,12.4221,0.0000
0,25.9905,5.4333,12.4221,0.0000
1,384.4934,5.4333,12.4221,0.0000
2,269.1454,5.4333,12.4221,0.0000
3,188.4018,5.4333,12.4221,0.0000
4,131.8812,5.4333,12.4221,0.0000
5,92.3169,5.4333,12.4221,0.0000
6,64.6218,5.4333,12.4221,0.0000
0,64.6218,5.4333,12.4221,0.0000
1,289.1353,5.4333,12.4221,0.0000
2,202.3947,5.4333,12.4221,0.0000
3,202.3947,5.4333,12.4221,0.0000
4,141.6763,5.4333,12.4221,0.0000
5,141.6763,5.4333,12.4221,0.0000
6,141.6763,5.4333,8.6954,0.0000
0,141.6763,5.4333,8.6954,0.0000
1,639.4734,5.4333,8.6954,0.0000
2,447.6314,5.4333,8.6954,0.0000
3,313.3420,5.4333,8.6954,0.0000
4,219.3394,5.4333,8.6954,0.0000
5,219.3394,3.8033,8.6954,0.0000
6,153.5376,3.8033,8.6954,0.0000
0,153.5376,3.8033,8.6954,0.0000
1,496.2763,3.8033,8.6954,0.0000
2,347.3934,3.8033,8.6954,0.0000
3,243.1754,3.8033,8.6954,0.0000
4,243.1754,3.8033,8.6954,0.0000
5,243.1754,2.6623,8.6954,0.0000
6,170.2228,2.6623,8.6954,0.0000
0,170.2228,2.6623,8.6954,0.0000
1,716.4559,2.6623,8.6954,0.0000
2,501.5192,2.6623,8.6954,0.0000
3,351.0634,2.6623,8.6954,0.0000
4,245.7444,2.6623,8.6954,0.0000
5,172.0211,2.6623,8.6954,0.0000
6,172.0211,1.8636,8.6954,0.0000
0,172.0211,1.8636,8.6954,0.0000
1,940.3147,1.8636,8.6954,0.0000
2,658.2203,1.8636,8.6954,0.0000
3,460.7542,1.8636,8.6954,0.0000
4,322.5280,1.8636,8.6954,0.0000
5,225.7696,1.8636,8.6954,0.0000
6,158.0387,1.8636,8.6954,0.0000
0,158.0387,1.8636,8.6954,0.0000
1,1553.6271,1.8636,8.6954,0.0000
2,1087.5390,1.8636,8.6954,0.0000
3,761.2773,1.8636,8.6954,0.0000
4,532.8941,1.8636,8.6954,0.0000
5,373.0259,1.8636,8.6954,0.0000
6,373.0259,1.8636,8.6954,0.0000
0,373.0259,1.8636,8.6954,0.0000
1,373.0259,1.8636,8.6954,0.0000
2,373.0259,728.2045,8.6954,0.0000
3,373.0259,509.7432,8.6954,0.0000
4,373.0259,356.8202,8.6954,0.0000
5,421.0181,356.8202,8.6954,0.0000
6,294.7127,356.8202,8.6954,0.0000
7,294.7127,249.7742,8.6954,0.0000
8,294.7127,174.8419,8.6954,0.0000
9,294.7127,122.3893,8.6954,0.0000
10,206.2989,122.3893,8.6954,0.0000
0,206.2989,122.3893,8.6954,0.0000
1,206.2989,122.3893,6.0868,0.0000
2,840.4092,122.3893,6.0868,0.0000
3,588.2864,122.3893,6.0868,0.0000
4,411.8005,122.3893,6.0868,0.0000
5,288.2604,122.3893,6.0868,0.0000
6,201.7823,122.3893,6.0868,0.0000
7,141.2476,122.3893,6.0868,0.0000
0,141.2476,122.3893,6.0868,0.0000
1,210.1733,122.3893,6.0868,0.0000
2,147.1213,122.3893,6.0868,0.0000
3,102.9849,122.3893,6.0868,0.0000
4,102.9849,85.6725,6.0868,0.0000
5,72.0894,85.6725,6.0868,0.0000
6,72.0894,59.9708,6.0868,0.0000
0,72.0894,59.9708,6.0868,0.0000
1,367.5626,59.9708,6.0868,0.0000
2,257.2938,59.9708,6.0868,0.0000
3,180.1057,59.9708,6.0868,0.0000
4,180.1057,41.9795,6.0868,0.0000
5,180.1057,41.9795,4.2608,0.0000
6,126.0740,41.9795,4.2608,0.0000
0,126.0740,41.9795,4.2608,0.0000
1,601.5518,41.9795,4.2608,0.0000
2,421.0862,41.9795,4.2608,0.0000
3,421.0862,41.9795,2.9825,0.0000
4,294.7604,41.9795,2.9825,0.0000
5,206.3323,41.9795,2.9825,0.0000
6,206.3323,41.9795,2.0878,0.0000
0,206.3323,41.9795,2.0878,0.0000
1,554.8326,41.9795,2.0878,0.0000
2,388.3828,41.9795,2.0878,0.0000
3,271.8680,41.9795,2.0878,0.0000
4,190.3076,41.9795,2.0878,0.0000
5,133.2153,41.9795,2.0878,0.0000
6,133.2153,29.3857,2.0878,0.0000
0,133.2153,29.3857,2.0878,0.0000
1,542.9507,29.3857,2.0878,0.0000
2,542.9507,20.5700,2.0878,0.0000
3,380.0655,20.5700,2.0878,0.0000
4,266.0458,20.5700,2.0878,0.0000
5,186.2321,20.5700,2.0878,0.0000
6,130.3625,20.5700,2.0878,0.0000
0,130.3625,20.5700,2.0878,0.0000
1,575.1537,20.5700,2.0878,0.0000
2,402.6076,20.5700,2.0878,0.0000
3,281.8253,20.5700,2.0878,0.0000
4,197.2777,20.5700,2.0878,0.0000
5,138.0944,20.5700,2.0878,0.0000
6,96.6661,20.5700,2.0878,0.0000
0,96.6661,20.5700,2.0878,0.0000
1,926.2663,20.5700,2.0878,0.0000
2,648.3864,20.5700,2.0878,0.0000
3,453.8705,20.5700,2.0878,0.0000
4,317.7093,20.5700,2.0878,0.0000
5,222.3965,20.5700,2.0878,0.0000
6,155.6776,20.5700,2.0878,0.0000
0,155.6776,20.5700,2.0878,0.0000
1,492.6743,20.5700,2.0878,0.0000
2,344.8720,20.5700,2.0878,0.0000
3,241.4104,20.5700,2.0878,0.0000
4,168.9873,20.5700,2.0878,0.0000
5,118.2911,20.5700,2.0878,0.0000
6,118.2911,20.5700,2.0878,0.0000
0,118.2911,20.5700,2.0878,0.0000
1,828.6038,20.5700,2.0878,0.0000
2,580.0226,20.5700,2.0878,0.0000
3,406.0158,20.5700,2.0878,0.0000
4,406.0158,20.5700,1.4614,0.0000
5,284.2111,20.5700,1.4614,0.0000
6,198.9478,20.5700,1.4614,0.0000
0,198.9478,20.5700,1.4614,0.0000
1,1226.4634,20.5700,1.4614,0.0000
2,858.5244,20.5700,1.4614,0.0000
3,600.9671,20.5700,1.4614,0.0000
4,420.6770,20.5700,1.4614,0.0000
5,420.6770,14.3990,1.4614,0.0000
6,294.4739,14.3990,1.4614,0.0000
0,294.4739,14.3990,1.4614,0.0000
1,294.4739,14.3990,159.4230,0.0000
2,206.1317,14.3990,159.4230,0.0000
3,144.2922,14.3990,159.4230,0.0000
4,101.0045,14.3990,159.4230,0.0000
5,101.0045,14.3990,111.5961,0.0000
6,101.0045,14.3990,78.1173,0.0000
0,101.0045,14.3990,78.1173,0.0000
1,101.0045,14.3990,78.1173,0.0000
2,281.6032,14.3990,78.1173,0.0000
3,197.1222,14.3990,78.1173,0.0000
4,137.9856,14.3990,78.1173,0.0000
5,137.9856,10.0793,78.1173,0.0000
6,96.5899,10.0793,78.1173,0.0000
7,67.6129,10.0793,78.1173,0.0000
0,67.6129,10.0793,78.1173,0.0000
1,67.6129,10.0793,54.6821,0.0000
2,397.7290,10.0793,54.6821,0.0000
3,278.4103,10.0793,54.6821,0.0000
4,194.8872,10.0793,54.6821,0.0000
5,136.4211,10.0793,54.6821,0.0000
6,95.4947,10.0793,54.6821,0.0000
7,66.8463,10.0793,54.6821,0.0000
0,66.8463,10.0793,54.6821,0.0000
1,435.2924,10.0793,54.6821,0.0000
2,304.7047,10.0793,54.6821,0.0000
3,213.2933,10.0793,54.6821,0.0000
4,149.3053,10.0793,54.6821,0.0000
5,104.5137,10.0793,54.6821,0.0000
6,73.1596,10.0793,54.6821,0.0000
0,73.1596,10.0793,54.6821,0.0000
1,757.4117,10.0793,54.6821,0.0000
2,530.1882,10.0793,54.6821,0.0000
3,371.1317,10.0793,54.6821,0.0000
4,259.7922,10.0793,54.6821,0.0000
5,181.8546,10.0793,54.6821,0.0000
6,127.2982,10.0793,54.6821,0.0000
0,127.2982,10.0793,54.6821,0.0000
1,692.1087,10.0793,54.6821,0.0000
2,484.4761,10.0793,54.6821,0.0000
3,339.1333,10.0793,54.6821,0.0000
4,237.3933,10.0793,54.6821,0.0000
5,166.1753,10.0793,54.6821,0.0000
6,116.3227,10.0793,54.6821,0.0000
0,116.3227,10.0793,54.6821,0.0000
1,116.3227,885.4555,54.6821,0.0000
2,116.3227,619.8189,54.6821,0.0000
3,116.3227,433.8732,54.6821,0.0000
4,116.3227,303.7112,54.6821,0.0000
5,116.3227,212.5979,54.6821,0.0000
6,116.3227,148.8185,54.6821,0.0000
0,116.3227,148.8185,54.6821,0.0000
1,116.3227,226.8730,54.6821,0.0000
2,116.3227,158.8111,54.6821,0.0000
3,116.3227,111.1677,54.6821,0.0000
4,206.2259,111.1677,54.6821,0.0000
5,144.3581,111.1677,54.6821,0.0000
6,144.3581,111.1677,54.6821,0.0000
7,101.0507,111.1677,54.6821,0.0000
8,70.7355,111.1677,54.6821,0.0000
9,70.7355,77.8174,54.6821,0.0000
0,70.7355,77.8174,54.6821,0.0000
1,70.7355,527.2722,54.6821,0.0000
2,70.7355,369.0905,54.6821,0.0000
3,70.7355,369.0905,38.2775,0.0000
4,70.7355,258.3634,38.2775,0.0000
5,70.7355,180.8544,38.2775,0.0000
6,70.7355,126.5981,38.2775,0.0000
0,70.7355,126.5981,38.2775,0.0000
1,70.7355,631.9186,38.2775,0.0000
2,70.7355,442.3430,38.2775,0.0000
3,70.7355,309.6401,38.2775,0.0000
4,70.7355,216.7481,38.2775,0.0000
5,70.7355,151.7237,38.2775,0.0000
6,70.7355,106.2066,38.2775,0.0000
0,70.7355,106.2066,38.2775,0.0000
1,70.7355,491.6446,38.2775,0.0000
2,70.7355,344.1512,38.2775,0.0000
3,70.7355,240.9059,38.2775,0.0000
4,70.7355,168.6341,38.2775,0.0000
5,70.7355,118.0439,38.2775,0.0000
6,70.7355,82.6307,38.2775,0.0000
0,70.7355,82.6307,38.2775,0.0000
1,70.7355,219.8415,38.2775,0.0000
2,70.7355,153.8890,38.2775,0.0000
3,70.7355,107.7223,38.2775,0.0000
4,70.7355,75.4056,38.2775,0.0000
5,70.7355,52.7839,38.2775,0.0000
6,135.9148,52.7839,38.2775,0.0000
7,95.1404,52.7839,38.2775,0.0000
8,66.5983,52.7839,38.2775,0.0000
9,46.6188,52.7839,38.2775,0.0000
10,46.6188,36.9488,38.2775,0.0000
0,46.6188,36.9488,38.2775,0.0000
1,308.9332,36.9488,38.2775,0.0000
2,216.2532,36.9488,38.2775,0.0000
3,151.3772,36.9488,38.2775,0.0000
4,151.3772,36.9488,26.7942,0.0000
5,105.9641,36.9488,26.7942,0.0000
6,74.1748,36.9488,26.7942,0.0000
0,74.1748,36.9488,26.7942,0.0000
1,651.9224,36.9488,26.7942,0.0000
2,456.3457,36.9488,26.7942,0.0000
3,319.4420,36.9488,26.7942,0.0000
4,223.6094,36.9488,26.7942,0.0000
5,156.5266,36.9488,26.7942,0.0000
6,109.5686,36.9488,26.7942,0.0000
0,109.5686,36.9488,26.7942,0.0000
1,109.5686,36.9488,26.7942,0.0000
2,413.8980,36.9488,26.7942,0.0000
3,289.7286,36.9488,26.7942,0.0000
4,202.8100,36.9488,26.7942,0.0000
5,141.9670,36.9488,26.7942,0.0000
6,99.3769,36.9488,26.7942,0.0000
7,69.5638,36.9488,26.7942,0.0000
0,69.5638,36.9488,26.7942,0.0000
1,69.5638,36.9488,535.3560,0.0000
2,69.5638,36.9488,374.7492,0.0000
3,69.5638,36.9488,262.3244,0.0000
4,69.5638,36.9488,183.6271,0.0000
5,69.5638,36.9488,128.5390,0.0000
6,69.5638,36.9488,89.9773,0.0000
0,69.5638,36.9488,89.9773,0.0000
1,69.5638,36.9488,314.6841,0.0000
2,69.5638,36.9488,314.6841,0.0000
3,69.5638,36.9488,220.2789,0.0000
4,69.5638,36.9488,220.2789,0.0000
5,69.5638,36.9488,154.1952,0.0000
6,69.5638,36.9488,107.9366,0.0000
0,69.5638,36.9488,107.9366,0.0000
1,69.5638,141.0641,107.9366,0.0000
2,69.5638,98.7449,107.9366,0.0000
3,69.5638,98.7449,286.1557,0.0000
4,69.5638,69.1214,286.1557,0.0000
5,69.5638,69.1214,286.1557,0.0000
6,69.5638,69.1214,200.3090,0.0000
7,69.5638,69.1214,140.2163,0.0000
8,69.5638,69.1214,98.1514,0.0000
0,69.5638,69.1214,98.1514,0.0000
1,69.5638,69.1214,705.0060,0.0000
2,69.5638,69.1214,493.5042,0.0000
3,69.5638,69.1214,345.4529,0.0000
4,69.5638,69.1214,241.8170,0.0000
5,900.3947,69.1214,241.8170,0.0000
6,630.2763,69.1214,241.8170,0.0000
7,441.1934,69.1214,241.8170,0.0000
8,308.8354,69.1214,241.8170,0.0000
9,216.1848,69.1214,241.8170,0.0000
10,216.1848,69.1214,169.2719,0.0000
0,216.1848,69.1214,169.2719,0.0000
1,1408.9293,69.1214,169.2719,0.0000
2,986.2505,69.1214,169.2719,0.0000
3,986.2505,48.3850,169.2719,0.0000
4,690.3754,48.3850,169.2719,0.0000
5,690.3754,33.8695,169.2719,0.0000
6,483.2628,33.8695,169.2719,0.0000
0,483.2628,33.8695,169.2719,0.0000
1,1600.6839,33.8695,169.2719,0.0000
2,1120.4788,33.8695,169.2719,0.0000
3,784.3351,33.8695,169.2719,0.0000
4,549.0346,33.8695,169.2719,0.0000
5,384.3242,33.8695,169.2719,0.0000
6,269.0269,33.8695,169.2719,0.0000
0,269.0269,33.8695,169.2719,0.0000
1,1308.2189,33.8695,169.2719,0.0000
2,915.7532,33.8695,169.2719,0.0000
3,641.0272,33.8695,169.2719,0.0000
4,448.7191,33.8695,169.2719,0.0000
5,314.1033,33.8695,169.2719,0.0000
6,219.8723,33.8695,169.2719,0.0000
0,219.8723,33.8695,169.2719,0.0000
1,199.8106,33.8695,169.2719,0.0000
2,199.8106,33.8695,118.4904,0.0000
3,139.8674,33.8695,118.4904,0.0000
4,97.9072,33.8695,118.4904,0.0000
5,97.9072,33.8695,82.9432,0.0000
6,97.9072,33.8695,58.0603,0.0000
0,97.9072,33.8695,58.0603,0.0000
1,376.0350,33.8695,58.0603,0.0000
2,263.2245,33.8695,58.0603,0.0000
3,184.2572,33.8695,58.0603,0.0000
4,128.9800,33.8695,58.0603,0.0000
5,90.2860,33.8695,58.0603,0.0000
6,63.2002,33.8695,58.0603,0.0000
0,63.2002,33.8695,58.0603,0.0000
1,250.0401,33.8695,58.0603,0.0000
2,175.0281,33.8695,58.0603,0.0000
3,175.0281,33.8695,58.0603,0.0000
4,122.5197,33.8695,58.0603,0.0000
5,85.7638,33.8695,58.0603,0.0000
6,60.0346,33.8695,58.0603,0.0000
0,60.0346,33.8695,58.0603,0.0000
1,404.4242,33.8695,58.0603,0.0000
2,283.0970,33.8695,58.0603,0.0000
3,198.1679,33.8695,58.0603,0.0000
4,138.7175,33.8695,58.0603,0.0000
5,138.7175,33.8695,40.6422,0.0000
6,97.1023,33.8695,40.6422,0.0000
0,97.1023,33.8695,40.6422,0.0000
1,1071.4716,33.8695,40.6422,0.0000
2,750.0301,33.8695,40.6422,0.0000
3,525.0211,33.8695,40.6422,0.0000
4,367.5148,33.8695,40.6422,0.0000
5,367.5148,33.8695,40.6422,0.0000
6,257.2603,33.8695,40.6422,0.0000
0,257.2603,33.8695,40.6422,0.0000
1,984.3822,33.8695,40.6422,0.0000
2,689.0676,33.8695,40.6422,0.0000
3,482.3473,33.8695,40.6422,0.0000
4,337.6431,33.8695,40.6422,0.0000
5,236.3502,33.8695,40.6422,0.0000
6,165.4451,33.8695,40.6422,0.0000
0,165.4451,33.8695,40.6422,0.0000
1,1122.9116,33.8695,40.6422,0.0000
2,786.0381,33.8695,40.6422,0.0000
3,550.2267,33.8695,40.6422,0.0000
4,550.2267,23.7086,40.6422,0.0000
5,385.1587,23.7086,40.6422,0.0000
6,385.1587,16.5961,40.6422,0.0000
0,385.1587,16.5961,40.6422,0.0000
1,841.1111,16.5961,40.6422,0.0000
2,588.7778,16.5961,40.6422,0.0000
3,588.7778,11.6172,40.6422,0.0000
4,412.1444,11.6172,40.6422,0.0000
5,412.1444,11.6172,40.6422,0.0000
6,288.5011,11.6172,40.6422,0.0000
0,288.5011,11.6172,40.6422,0.0000
1,833.7508,11.6172,40.6422,0.0000
2,583.6255,11.6172,40.6422,0.0000
3,408.5379,11.6172,40.6422,0.0000
4,408.5379,11.6172,40.6422,0.0000
5,285.9765,11.6172,40.6422,0.0000
6,200.1836,11.6172,40.6422,0.0000
0,200.1836,11.6172,40.6422,0.0000
1,1023.9285,11.6172,40.6422,0.0000
2,716.7499,11.6172,40.6422,0.0000
3,501.7250,11.6172,40.6422,0.0000
4,351.2075,11.6172,40.6422,0.0000
5,245.8452,11.6172,40.6422,0.0000
6,172.0917,11.6172,40.6422,0.0000
0,172.0917,11.6172,40.6422,0.0000
1,899.2642,11.6172,40.6422,0.0000
2,629.4849,11.6172,40.6422,0.0000
3,440.6394,11.6172,40.6422,0.0000
4,308.4476,11.6172,40.6422,0.0000
5,215.9133,11.6172,40.6422,0.0000
6,151.1393,11.6172,40.6422,0.0000
0,151.1393,11.6172,40.6422,0.0000
1,105.7975,11.6172,40.6422,0.0000
2,74.0583,11.6172,40.6422,0.0000
3,51.8408,11.6172,40.6422,0.0000
4,36.2886,11.6172,40.6422,0.0000
5,36.2886,11.6172,442.7495,0.0000
6,36.2886,11.6172,309.9247,0.0000
7,36.2886,159.0321,309.9247,0.0000
8,36.2886,159.0321,235.8473,0.0000
9,36.2886,159.0321,165.0931,0.0000
10,36.2886,159.0321,115.5652,0.0000
0,36.2886,159.0321,115.5652,0.0000
1,36.2886,159.0321,115.5652,0.0000
2,36.2886,210.9224,115.5652,0.0000
3,36.2886,147.6457,115.5652,0.0000
4,36.2886,103.3520,115.5652,0.0000
5,36.2886,103.3520,194.2956,0.0000
6,36.2886,103.3520,136.0069,0.0000
7,36.2886,103.3520,95.2049,0.0000
8,36.2886,72.3464,95.2049,0.0000
9,36.2886,72.3464,66.6434,0.0000
10,36.2886,50.6425,66.6434,0.0000
0,36.2886,50.6425,66.6434,0.0000
1,36.2886,50.6425,208.9504,0.0000
2,36.2886,50.6425,146.2653,0.0000
3,36.2886,50.6425,102.3857,0.0000
4,36.2886,50.6425,71.6700,0.0000
5,36.2886,50.6425,50.1690,0.0000
6,36.2886,35.4497,50.1690,0.0000
0,36.2886,35.4497,50.1690,0.0000
1,36.2886,35.4497,116.1183,0.0000
2,36.2886,35.4497,81.2828,0.0000
3,200.9020,35.4497,81.2828,0.0000
4,140.6314,35.4497,81.2828,0.0000
5,98.4420,35.4497,81.2828,0.0000
6,68.9094,35.4497,81.2828,0.0000
7,68.9094,35.4497,97.9980,0.0000
8,68.9094,35.4497,68.5986,0.0000
9,48.2366,35.4497,68.5986,0.0000
10,48.2366,24.8148,68.5986,0.0000
0,48.2366,24.8148,68.5986,0.0000
1,48.2366,24.8148,48.0190,0.0000
2,48.7656,24.8148,48.0190,0.0000
3,34.1359,24.8148,48.0190,0.0000
4,34.1359,24.8148,33.6133,0.0000
5,23.8951,24.8148,33.6133,0.0000
6,23.8951,24.8148,23.5293,0.0000
7,23.8951,17.3704,23.5293,0.0000
0,23.8951,17.3704,23.5293,0.0000
1,118.4266,17.3704,23.5293,0.0000
2,82.8986,17.3704,23.5293,0.0000
3,58.0290,17.3704,23.5293,0.0000
4,40.6203,17.3704,23.5293,0.0000
5,28.4342,17.3704,23.5293,0.0000
6,19.9040,17.3704,23.5293,0.0000
0,19.9040,17.3704,23.5293,0.0000
1,19.9040,17.3704,89.9705,0.0000
2,19.9040,17.3704,62.9794,0.0000
3,19.9040,17.3704,44.0856,0.0000
4,19.9040,17.3704,30.8599,0.0000
5,19.9040,17.3704,21.6019,0.0000
6,19.9040,17.3704,15.1213,0.0000
0,19.9040,17.3704,15.1213,0.0000
1,384.4328,17.3704,15.1213,0.0000
2,269.1029,17.3704,15.1213,0.0000
3,269.1029,17.3704,10.5849,0.0000
4,269.1029,17.3704,7.4095,0.0000
5,188.3721,17.3704,7.4095,0.0000
6,131.8604,17.3704,7.4095,0.0000
0,131.8604,17.3704,7.4095,0.0000
1,414.5023,17.3704,7.4095,0.0000
2,290.1516,17.3704,7.4095,0.0000
3,203.1061,17.3704,7.4095,0.0000
4,142.1743,17.3704,7.4095,0.0000
5,99.5220,17.3704,7.4095,0.0000
6,69.6654,17.3704,7.4095,0.0000
0,69.6654,17.3704,7.4095,0.0000
1,346.0658,17.3704,7.4095,0.0000
2,242.2460,17.3704,7.4095,0.0000
3,169.5722,17.3704,7.4095,0.0000
4,169.5722,12.1593,7.4095,0.0000
5,118.7006,12.1593,7.4095,0.0000
6,83.0904,12.1593,7.4095,0.0000
0,83.0904,12.1593,7.4095,0.0000
1,358.1633,12.1593,7.4095,0.0000
2,250.7143,12.1593,7.4095,0.0000
3,175.5000,12.1593,7.4095,0.0000
4,122.8500,12.1593,7.4095,0.0000
5,85.9950,12.1593,7.4095,0.0000
6,85.9950,12.1593,5.1866,0.0000
0,85.9950,12.1593,5.1866,0.0000
1,661.3965,12.1593,5.1866,0.0000
2,462.9776,12.1593,5.1866,0.0000
3,324.0843,12.1593,5.1866,0.0000
4,324.0843,8.5115,5.1866,0.0000
5,226.8590,8.5115,5.1866,0.0000
6,226.8590,5.9580,5.1866,0.0000
0,226.8590,5.9580,5.1866,0.0000
1,211.3013,5.9580,5.1866,0.0000
2,147.9109,5.9580,5.1866,0.0000
3,103.5376,5.9580,5.1866,0.0000
4,72.4763,5.9580,5.1866,0.0000
5,72.4763,5.9580,3.6306,0.0000
6,50.7334,5.9580,3.6306,0.0000
0,50.7334,5.9580,3.6306,0.0000
1,105.7134,5.9580,3.6306,0.0000
2,73.9994,5.9580,3.6306,0.0000
3,51.7996,5.9580,3.6306,0.0000
4,51.7996,5.9580,2.5414,0.0000
5,36.2597,5.9580,2.5414,0.0000
6,25.3818,5.9580,2.5414,0.0000
0,25.3818,5.9580,2.5414,0.0000
1,70.2673,5.9580,2.5414,0.0000
2,70.2673,5.9580,2.5414,0.0000
3,49.1871,5.9580,2.5414,0.0000
4,34.4310,5.9580,2.5414,0.0000
5,24.1017,5.9580,2.5414,0.0000
6,16.8712,5.9580,2.5414,0.0000
0,16.8712,5.9580,2.5414,0.0000
1,115.0098,5.9580,2.5414,0.0000
2,115.0098,5.9580,2.5414,0.0000
3,80.5069,5.9580,2.5414,0.0000
4,56.3548,5.9580,2.5414,0.0000
5,39.4484,5.9580,2.5414,0.0000
6,27.6139,5.9580,2.5414,0.0000
0,27.6139,5.9580,2.5414,0.0000
1,192.1297,5.9580,2.5414,0.0000
2,192.1297,5.9580,2.5414,0.0000
3,134.4908,5.9580,2.5414,0.0000
4,94.1436,5.9580,2.5414,0.0000
5,94.1436,5.9580,2.5414,0.0000
6,65.9005,5.9580,2.5414,0.0000
0,65.9005,5.9580,2.5414,0.0000
1,185.9303,5.9580,2.5414,0.0000
2,130.1512,5.9580,2.5414,0.0000
3,130.1512,5.9580,1.7790,0.0000
4,91.1059,5.9580,1.7790,0.0000
5,63.7741,5.9580,1.7790,0.0000
6,44.6419,5.9580,1.7790,0.0000
0,44.6419,5.9580,1.7790,0.0000
1,239.7493,5.9580,1.7790,0.0000
2,167.8245,5.9580,1.7790,0.0000
3,117.4772,5.9580,1.7790,0.0000
4,82.2340,5.9580,1.7790,0.0000
5,57.5638,5.9580,1.7790,0.0000
6,40.2947,5.9580,1.7790,0.0000
0,40.2947,5.9580,1.7790,0.0000
1,40.2947,5.9580,1.2453,0.0000
2,529.2063,5.9580,1.2453,0.0000
3,529.2063,4.1706,1.2453,0.0000
4,370.4444,4.1706,1.2453,0.0000
5,259.3111,4.1706,1.2453,0.0000
6,181.5177,4.1706,1.2453,0.0000
7,181.5177,4.1706,1.2453,0.0000
0,181.5177,4.1706,1.2453,0.0000
1,655.9624,4.1706,1.2453,0.0000
2,459.1737,4.1706,1.2453,0.0000
3,321.4216,4.1706,1.2453,0.0000
4,321.4216,2.9194,1.2453,0.0000
5,224.9951,2.9194,1.2453,0.0000
6,224.9951,2.9194,0.8717,0.0000
0,224.9951,2.9194,0.8717,0.0000
1,193.4966,2.9194,0.8717,0.0000
2,193.4966,2.9194,0.6102,0.0000
3,135.4476,2.9194,0.6102,0.0000
4,135.4476,2.9194,0.6102,0.0000
5,94.8133,2.9194,0.6102,0.0000
6,66.3693,2.9194,0.6102,0.0000
0,66.3693,2.9194,0.6102,0.0000
1,121.4585,2.9194,0.6102,0.0000
2,85.0210,2.9194,0.6102,0.0000
3,59.5147,2.9194,0.6102,0.0000
4,41.6603,2.9194,0.6102,0.0000
5,29.1622,2.9194,0.6102,0.0000
6,20.4135,2.9194,0.6102,0.0000
0,20.4135,2.9194,0.6102,0.0000
1,221.8895,2.9194,0.6102,0.0000
2,155.3226,2.9194,0.6102,0.0000
3,108.7258,2.9194,0.6102,0.0000
4,108.7258,2.0436,0.6102,0.0000
5,76.1081,2.0436,0.6102,0.0000
6,53.2757,2.0436,0.6102,0.0000
0,53.2757,2.0436,0.6102,0.0000
1,205.5930,2.0436,0.6102,0.0000
2,143.9151,2.0436,0.6102,0.0000
3,100.7406,2.0436,0.6102,0.0000
4,70.5184,2.0436,0.6102,0.0000
5,49.3629,2.0436,0.6102,0.0000
6,34.5540,2.0436,0.6102,0.0000
0,34.5540,2.0436,0.6102,0.0000
1,401.8878,2.0436,0.6102,0.0000
2,281.3215,2.0436,0.6102,0.0000
3,196.9250,2.0436,0.6102,0.0000
4,137.8475,2.0436,0.6102,0.0000
5,96.4933,2.0436,0.6102,0.0000
6,67.5453,2.0436,0.6102,0.0000
0,67.5453,2.0436,0.6102,0.0000
1,271.9817,2.0436,0.6102,0.0000
2,190.3872,2.0436,0.6102,0.0000
3,133.2710,2.0436,0.6102,0.0000
4,93.2897,2.0436,0.6102,0.0000
5,65.3028,2.0436,0.6102,0.0000
6,45.7120,2.0436,0.6102,0.0000
0,45.7120,2.0436,0.6102,0.0000
1,45.7120,97.4305,0.6102,0.0000
2,45.7120,68.2014,0.6102,0.0000
3,45.7120,68.2014,0.6102,0.0000
4,45.7120,47.7410,0.6102,0.0000
5,45.7120,33.4187,0.6102,0.0000
6,141.4984,33.4187,0.6102,0.0000
7,99.0489,33.4187,0.6102,0.0000
8,69.3342,33.4187,0.6102,0.0000
9,48.5339,33.4187,0.6102,0.0000
10,33.9738,33.4187,0.6102,0.0000
0,33.9738,33.4187,0.6102,0.0000
1,89.7816,33.4187,0.6102,0.0000
2,62.8471,33.4187,0.6102,0.0000
3,43.9930,33.4187,0.6102,0.0000
4,30.7951,33.4187,0.6102,0.0000
5,30.7951,23.3931,0.6102,0.0000
6,21.5566,23.3931,0.6102,0.0000
0,21.5566,23.3931,0.6102,0.0000
1,21.5566,16.3751,0.6102,0.0000
2,70.8896,16.3751,0.6102,0.0000
3,70.8896,16.3751,0.6102,0.0000
4,49.6227,16.3751,0.6102,0.0000
5,34.7359,16.3751,0.6102,0.0000
6,24.3151,16.3751,0.6102,0.0000
7,17.0206,16.3751,0.6102,0.0000
0,17.0206,16.3751,0.6102,0.0000
1,144.5144,16.3751,0.6102,0.0000
2,101.1601,16.3751,0.6102,0.0000
3,70.8121,16.3751,0.6102,0.0000
4,49.5684,16.3751,0.6102,0.0000
5,34.6979,16.3751,0.6102,0.0000
6,24.2885,16.3751,0.6102,0.0000
0,24.2885,16.3751,0.6102,0.0000
1,355.1020,16.3751,0.6102,0.0000
2,248.5714,16.3751,0.6102,0.0000
3,174.0000,16.3751,0.6102,0.0000
4,121.8000,16.3751,0.6102,0.0000
5,121.8000,16.3751,13.6271,0.0000
6,121.8000,16.3751,13.6271,0.0000
7,121.8000,16.3751,9.5390,0.0000
8,85.2600,16.3751,9.5390,0.0000
9,59.6820,16.3751,9.5390,0.0000
10,41.7774,16.3751,9.5390,0.0000
0,41.7774,16.3751,9.5390,0.0000
1,88.6442,16.3751,9.5390,0.0000
2,62.0509,16.3751,9.5390,0.0000
3,43.4356,16.3751,9.5390,0.0000
4,30.4050,16.3751,9.5390,0.0000
5,21.2835,16.3751,9.5390,0.0000
6,14.8984,16.3751,9.5390,0.0000
0,14.8984,16.3751,9.5390,0.0000
1,14.8984,23.7626,9.5390,0.0000
2,14.8984,16.6338,9.5390,0.0000
3,14.8984,11.6437,9.5390,0.0000
4,238.1289,11.6437,9.5390,0.0000
5,166.6902,11.6437,9.5390,0.0000
6,166.6902,8.1506,9.5390,0.0000
7,116.6832,8.1506,9.5390,0.0000
8,81.6782,8.1506,9.5390,0.0000
9,57.1747,8.1506,9.5390,0.0000
0,57.1747,8.1506,9.5390,0.0000
1,61.0223,8.1506,9.5390,0.0000
2,42.7156,8.1506,9.5390,0.0000
3,29.9009,8.1506,9.5390,0.0000
4,20.9307,8.1506,9.5390,0.0000
5,20.9307,5.7054,9.5390,0.0000
6,20.9307,5.7054,6.6773,0.0000
0,20.9307,5.7054,6.6773,0.0000
1,53.9515,5.7054,6.6773,0.0000
2,53.9515,5.7054,4.6741,0.0000
3,37.7660,5.7054,4.6741,0.0000
4,26.4362,5.7054,4.6741,0.0000
5,26.4362,5.7054,4.6741,0.0000
6,18.5054,5.7054,4.6741,0.0000
0,18.5054,5.7054,4.6741,0.0000
1,18.5054,3.9938,4.6741,0.0000
2,62.7537,3.9938,4.6741,0.0000
3,43.9276,3.9938,4.6741,0.0000
4,30.7493,3.9938,4.6741,0.0000
5,21.5245,3.9938,4.6741,0.0000
6,15.0672,3.9938,4.6741,0.0000
7,10.5470,3.9938,4.6741,0.0000
0,10.5470,3.9938,4.6741,0.0000
1,100.9829,3.9938,4.6741,0.0000
2,70.6880,3.9938,4.6741,0.0000
3,49.4816,3.9938,4.6741,0.0000
4,34.6371,3.9938,4.6741,0.0000
5,24.2460,3.9938,4.6741,0.0000
6,24.2460,2.7956,4.6741,0.0000
0,24.2460,2.7956,4.6741,0.0000
1,24.2460,2.7956,4.6741,0.0000
2,87.1722,2.7956,4.6741,0.0000
3,61.0205,2.7956,4.6741,0.0000
4,42.7144,2.7956,4.6741,0.0000
5,42.7144,2.7956,3.2719,0.0000
6,29.9001,2.7956,3.2719,0.0000
7,20.9300,2.7956,3.2719,0.0000
0,20.9300,2.7956,3.2719,0.0000
1,62.9510,2.7956,3.2719,0.0000
2,44.0657,2.7956,3.2719,0.0000
3,30.8460,2.7956,3.2719,0.0000
4,30.8460,2.7956,3.2719,0.0000
5,21.5922,2.7956,3.2719,0.0000
6,15.1145,2.7956,3.2719,0.0000
0,15.1145,2.7956,3.2719,0.0000
1,183.0802,2.7956,3.2719,0.0000
2,128.1561,2.7956,3.2719,0.0000
3,89.7093,2.7956,3.2719,0.0000
4,62.7965,2.7956,3.2719,0.0000
5,43.9576,2.7956,3.2719,0.0000
6,30.7703,2.7956,3.2719,0.0000
0,30.7703,2.7956,3.2719,0.0000
1,94.1392,2.7956,3.2719,0.0000
2,65.8974,2.7956,3.2719,0.0000
3,46.1282,2.7956,3.2719,0.0000
4,32.2897,2.7956,3.2719,0.0000
5,22.6028,2.7956,3.2719,0.0000
6,15.8220,2.7956,3.2719,0.0000
0,15.8220,2.7956,3.2719,0.0000
1,211.7754,2.7956,3.2719,0.0000
2,148.2428,2.7956,3.2719,0.0000
3,103.7699,2.7956,3.2719,0.0000
4,72.6390,2.7956,3.2719,0.0000
5,50.8473,2.7956,3.2719,0.0000
6,35.5931,2.7956,3.2719,0.0000
0,35.5931,2.7956,3.2719,0.0000
1,97.8152,2.7956,3.2719,0.0000
2,68.4706,2.7956,3.2719,0.0000
3,47.9294,2.7956,3.2719,0.0000
4,33.5506,2.7956,3.2719,0.0000
5,23.4854,2.7956,3.2719,0.0000
6,16.4398,2.7956,3.2719,0.0000
0,16.4398,2.7956,3.2719,0.0000
1,169.6079,2.7956,3.2719,0.0000
2,118.7255,2.7956,3.2719,0.0000
3,83.1078,2.7956,3.2719,0.0000
4,83.1078,1.9570,3.2719,0.0000
5,58.1755,1.9570,3.2719,0.0000
6,40.7228,1.9570,3.2719,0.0000
0,40.7228,1.9570,3.2719,0.0000
1,231.0060,1.9570,3.2719,0.0000
2,161.7042,1.9570,3.2719,0.0000
3,113.1929,1.9570,3.2719,0.0000
4,79.2351,1.9570,3.2719,0.0000
5,55.4645,1.9570,3.2719,0.0000
6,38.8252,1.9570,3.2719,0.0000
0,38.8252,1.9570,3.2719,0.0000
1,372.7776,1.9570,3.2719,0.0000
2,260.9443,1.9570,3.2719,0.0000
3,182.6610,1.9570,3.2719,0.0000
4,127.8627,1.9570,3.2719,0.0000
5,89.5039,1.9570,3.2719,0.0000
6,62.6527,1.9570,3.2719,0.0000
0,62.6527,1.9570,3.2719,0.0000
1,62.6527,1.9570,2.2903,0.0000
2,62.6527,1.9570,2.2903,0.0000
3,192.3569,1.9570,2.2903,0.0000
4,134.6498,1.9570,2.2903,0.0000
5,134.6498,8.5699,2.2903,0.0000
6,94.8549,8.5699,2.2903,0.0000
7,66.3984,8.5699,2.2903,0.0000
8,46.4789,8.5699,2.2903,0.0000
9,32.5352,8.5699,2.2903,0.0000
10,32.5352,8.5699,1.6032,0.0000
0,32.5352,8.5699,1.6032,0.0000
1,403.4747,8.5699,1.6032,0.0000
2,282.4323,8.5699,1.6032,0.0000
3,197.7026,8.5699,1.6032,0.0000
4,138.3918,8.5699,1.6032,0.0000
5,96.8743,8.5699,1.6032,0.0000
6,67.8120,8.5699,1.6032,0.0000
0,67.8120,8.5699,1.6032,0.0000
1,72.9684,8.5699,1.6032,0.0000
2,51.0779,8.5699,1.6032,0.0000
3,51.0779,5.9989,1.6032,0.0000
4,35.7545,5.9989,1.6032,0.0000
5,25.0282,5.9989,1.6032,0.0000
6,17.5197,5.9989,1.6032,0.0000
0,17.5197,5.9989,1.6032,0.0000
1,34.4638,5.9989,1.6032,0.0000
2,24.1247,5.9989,1.6032,0.0000
3,16.8873,5.9989,1.6032,0.0000
4,11.8211,5.9989,1.6032,0.0000
5,8.2748,5.9989,1.6032,0.0000
6,5.7923,5.9989,1.6032,0.0000
0,5.7923,5.9989,1.6032,0.0000
1,5.7923,4.1992,1.6032,0.0000
2,133.0546,4.1992,1.6032,0.0000
3,93.1382,4.1992,1.6032,0.0000
4,65.1968,4.1992,1.6032,0.0000
5,45.6377,4.1992,1.6032,0.0000
6,31.9464,4.1992,1.6032,0.0000
7,22.3625,4.1992,1.6032,0.0000
0,22.3625,4.1992,1.6032,0.0000
1,160.2537,4.1992,1.6032,0.0000
2,112.1776,4.1992,1.6032,0.0000
3,78.5243,4.1992,1.6032,0.0000
4,54.9670,4.1992,1.6032,0.0000
5,38.4769,4.1992,1.6032,0.0000
6,38.4769,2.9395,1.6032,0.0000
0,38.4769,2.9395,1.6032,0.0000
1,131.9338,2.9395,1.6032,0.0000
2,92.3537,2.9395,1.6032,0.0000
3,64.6476,2.9395,1.6032,0.0000
4,64.6476,2.9395,1.6032,0.0000
5,45.2533,2.9395,1.6032,0.0000
6,31.6773,2.9395,1.6032,0.0000
0,31.6773,2.9395,1.6032,0.0000
1,254.0741,2.9395,1.6032,0.0000
2,177.8519,2.9395,1.6032,0.0000
3,124.4963,2.9395,1.6032,0.0000
4,87.1474,2.9395,1.6032,0.0000
5,87.1474,2.0576,1.6032,0.0000
6,61.0032,2.0576,1.6032,0.0000
0,61.0032,2.0576,1.6032,0.0000
1,153.4022,2.0576,1.6032,0.0000
2,153.4022,2.0576,1.6032,0.0000
3,107.3816,2.0576,1.6032,0.0000
4,75.1671,2.0576,1.6032,0.0000
5,75.1671,2.0576,1.6032,0.0000
6,52.6170,2.0576,1.6032,0.0000
0,52.6170,2.0576,1.6032,0.0000
1,147.2319,2.0576,1.6032,0.0000
2,103.0623,2.0576,1.6032,0.0000
3,72.1436,2.0576,1.6032,0.0000
4,50.5005,2.0576,1.6032,0.0000
5,35.3504,2.0576,1.6032,0.0000
6,24.7453,2.0576,1.6032,0.0000
0,24.7453,2.0576,1.6032,0.0000
1,251.6217,2.0576,1.6032,0.0000
2,176.1352,2.0576,1.6032,0.0000
3,123.2946,2.0576,1.6032,0.0000
4,86.3062,2.0576,1.6032,0.0000
5,60.4144,2.0576,1.6032,0.0000
6,42.2901,2.0576,1.6032,0.0000
0,42.2901,2.0576,1.6032,0.0000
1,42.2901,2.0576,1.6032,0.0000
2,159.8030,2.0576,1.6032,0.0000
3,111.8621,2.0576,1.6032,0.0000
4,78.3035,2.0576,1.6032,0.0000
5,54.8124,2.0576,1.6032,0.0000
6,38.3687,2.0576,1.6032,0.0000
7,26.8581,2.0576,1.6032,0.0000
0,26.8581,2.0576,1.6032,0.0000
1,211.4007,2.0576,1.6032,0.0000
2,147.9805,2.0576,1.6032,0.0000
3,103.5863,2.0576,1.6032,0.0000
4,72.5104,2.0576,1.6032,0.0000
5,50.7573,2.0576,1.6032,0.0000
6,35.5301,2.0576,1.6032,0.0000
0,35.5301,2.0576,1.6032,0.0000
1,39.2711,2.0576,1.6032,0.0000
2,27.4898,2.0576,1.6032,0.0000
3,19.2428,2.0576,1.6032,0.0000
4,13.4700,2.0576,1.6032,0.0000
5,9.4290,2.0576,1.6032,0.0000
6,6.6003,2.0576,1.6032,0.0000
0,6.6003,2.0576,1.6032,0.0000
1,60.1202,2.0576,1.6032,0.0000
2,60.1202,1.4403,1.6032,0.0000
3,60.1202,1.4403,1.1223,0.0000
4,42.0841,1.4403,1.1223,0.0000
5,29.4589,1.4403,1.1223,0.0000
6,20.6212,1.4403,1.1223,0.0000
0,20.6212,1.4403,1.1223,0.0000
1,69.6349,1.4403,1.1223,0.0000
2,48.7444,1.4403,1.1223,0.0000
3,34.1211,1.4403,1.1223,0.0000
4,34.1211,1.4403,1.1223,0.0000
5,23.8848,1.4403,1.1223,0.0000
6,23.8848,1.4403,0.7856,0.0000
0,23.8848,1.4403,0.7856,0.0000
1,46.1193,1.4403,0.7856,0.0000
2,32.2835,1.4403,0.7856,0.0000
3,22.5985,1.4403,0.7856,0.0000
4,15.8189,1.4403,0.7856,0.0000
5,11.0733,1.4403,0.7856,0.0000
6,7.7513,1.4403,0.7856,0.0000
0,7.7513,1.4403,0.7856,0.0000
1,251.7259,1.4403,0.7856,0.0000
2,251.7259,1.4403,0.5499,0.0000
3,176.2081,1.4403,0.5499,0.0000
4,123.3457,1.4403,0.5499,0.0000
5,86.3420,1.4403,0.5499,0.0000
6,60.4394,1.4403,0.5499,0.0000
0,60.4394,1.4403,0.5499,0.0000
1,61.5076,1.4403,0.5499,0.0000
2,43.0553,1.4403,0.5499,0.0000
3,43.0553,1.4403,0.3849,0.0000
4,30.1387,1.4403,0.3849,0.0000
5,21.0971,1.4403,0.3849,0.0000
6,14.7680,1.4403,0.3849,0.0000
0,14.7680,1.4403,0.3849,0.0000
1,37.6376,1.4403,0.3849,0.0000
2,26.3463,1.4403,0.3849,0.0000
3,18.4424,1.4403,0.3849,0.0000
4,12.9097,1.4403,0.3849,0.0000
5,9.0368,1.4403,0.3849,0.0000
6,6.3257,1.4403,0.3849,0.0000
0,6.3257,1.4403,0.3849,0.0000
1,83.3280,1.4403,0.3849,0.0000
2,58.3296,1.4403,0.3849,0.0000
3,40.8307,1.4403,0.3849,0.0000
4,28.5815,1.4403,0.3849,0.0000
5,20.0071,1.4403,0.3849,0.0000
6,14.0049,1.4403,0.3849,0.0000
0,14.0049,1.4403,0.3849,0.0000
1,56.6035,1.4403,0.3849,0.0000
2,39.6224,1.4403,0.3849,0.0000
3,39.6224,1.9082,0.3849,0.0000
4,39.6224,1.9082,0.3849,0.0000
5,39.6224,1.9082,0.2695,0.0000
6,28.3357,1.9082,0.2695,0.0000
7,19.8350,1.9082,0.2695,0.0000
8,13.8845,1.9082,0.2695,0.0000
9,9.7191,1.9082,0.2695,0.0000
10,6.8034,1.9082,0.2695,0.0000
0,6.8034,1.9082,0.2695,0.0000
1,91.4624,1.9082,0.2695,0.0000
2,64.0237,1.9082,0.2695,0.0000
3,44.8166,1.9082,0.2695,0.0000
4,44.8166,1.9082,0.1886,0.0000
5,31.3716,1.9082,0.1886,0.0000
6,21.9601,1.9082,0.1886,0.0000
0,21.9601,1.9082,0.1886,0.0000
1,133.5721,1.9082,0.1886,0.0000
2,93.5005,1.9082,0.1886,0.0000
3,65.4503,1.9082,0.1886,0.0000
4,45.8152,1.9082,0.1886,0.0000
5,32.0707,1.9082,0.1886,0.0000
6,22.4495,1.9082,0.1886,0.0000
0,22.4495,1.9082,0.1886,0.0000
1,346.9146,1.9082,0.1886,0.0000
2,346.9146,1.3358,0.1886,0.0000
3,242.8402,1.3358,0.1886,0.0000
4,169.9882,1.3358,0.1886,0.0000
5,118.9917,1.3358,0.1886,0.0000
6,83.2942,1.3358,0.1886,0.0000
0,83.2942,1.3358,0.1886,0.0000
1,575.8059,1.3358,0.1886,0.0000
2,403.0642,1.3358,0.1886,0.0000
3,282.1449,1.3358,0.1886,0.0000
4,197.5014,1.3358,0.1886,0.0000
5,138.2510,1.3358,0.1886,0.0000
6,96.7757,1.3358,0.1886,0.0000
0,96.7757,1.3358,0.1886,0.0000
1,285.5430,1.3358,0.1886,0.0000
2,199.8801,1.3358,0.1886,0.0000
3,139.9161,1.3358,0.1886,0.0000
4,97.9412,1.3358,0.1886,0.0000
5,68.5589,1.3358,0.1886,0.0000
6,47.9912,1.3358,0.1886,0.0000
0,47.9912,1.3358,0.1886,0.0000
1,301.1938,1.3358,0.1886,0.0000
2,210.8357,1.3358,0.1886,0.0000
3,147.5850,1.3358,0.1886,0.0000
4,103.3095,1.3358,0.1886,0.0000
5,72.3166,1.3358,0.1886,0.0000
6,50.6216,1.3358,0.1886,0.0000
0,50.6216,1.3358,0.1886,0.0000
1,199.2352,1.3358,0.1886,0.0000
2,139.4646,1.3358,0.1886,0.0000
3,97.6252,1.3358,0.1886,0.0000
4,68.3377,1.3358,0.1886,0.0000
5,68.3377,1.3358,0.1320,0.0000
6,47.8364,1.3358,0.1320,0.0000
0,47.8364,1.3358,0.1320,0.0000
1,73.9855,1.3358,0.1320,0.0000
2,51.7898,1.3358,0.1320,0.0000
3,51.7898,0.9350,0.1320,0.0000
4,36.2529,0.9350,0.1320,0.0000
5,25.3770,0.9350,0.1320,0.0000
6,17.7639,0.9350,0.1320,0.0000
0,17.7639,0.9350,0.1320,0.0000
1,58.0347,0.9350,0.1320,0.0000
2,58.0347,0.6545,0.1320,0.0000
3,40.6243,0.6545,0.1320,0.0000
4,28.4370,0.6545,0.1320,0.0000
5,19.9059,0.6545,0.1320,0.0000
6,13.9341,0.6545,0.1320,0.0000
0,13.9341,0.6545,0.1320,0.0000
1,162.1539,0.6545,0.1320,0.0000
2,113.5077,0.6545,0.1320,0.0000
3,79.4554,0.6545,0.1320,0.0000
4,55.6188,0.6545,0.1320,0.0000
5,38.9332,0.6545,0.1320,0.0000
6,27.2532,0.6545,0.1320,0.0000
0,27.2532,0.6545,0.1320,0.0000
1,147.7772,0.6545,0.1320,0.0000
2,103.4441,0.6545,0.1320,0.0000
3,72.4108,0.6545,0.1320,0.0000
4,50.6876,0.6545,0.1320,0.0000
5,35.4813,0.6545,0.1320,0.0000
6,24.8369,0.6545,