iter,LS1,LS2,LS3,LS4
0,0.5000,0.5000,0.5000,0.5000
1,0.4000,0.5000,0.5000,0.5000
2,0.4000,0.4017,0.5000,0.5000
3,0.4000,0.4017,0.5000,0.4000
4,0.4000,0.4017,0.4047,0.4000
5,0.4000,0.4017,0.3238,0.4000
6,0.4000,0.3225,0.3238,0.4000
7,0.3221,0.3225,0.3238,0.4000
8,0.3221,0.3225,0.3238,0.3200
9,0.3221,0.3225,0.2590,0.3200
10,0.3221,0.2580,0.2590,0.3200
0,0.3221,0.2580,0.2590,0.3200
1,0.2581,0.2580,0.2590,0.3200
2,0.2581,0.2580,0.2590,0.2560
3,0.2581,0.2580,0.2072,0.2560
4,0.2065,0.2580,0.2072,0.2560
5,0.2065,0.2064,0.2072,0.2560
6,0.2065,0.2064,0.2072,0.2048
0,0.2065,0.2064,0.2072,0.2048
1,0.2065,0.2064,0.1664,0.2048
2,0.1662,0.2064,0.1664,0.2048
3,0.1662,0.1651,0.1664,0.2048
4,0.1662,0.1651,0.1664,0.1638
5,0.1662,0.1651,0.1331,0.1638
6,0.1330,0.1651,0.1331,0.1638
7,0.1330,0.1321,0.1331,0.1638
0,0.1330,0.1321,0.1331,0.1638
1,0.1330,0.1321,0.1331,0.1311
2,0.1330,0.1321,0.1069,0.1311
3,0.1064,0.1321,0.1069,0.1311
4,0.1064,0.1057,0.1069,0.1311
5,0.1064,0.1057,0.1069,0.1049
6,0.1064,0.1057,0.0855,0.1049
7,0.0851,0.1057,0.0855,0.1049
0,0.0851,0.1057,0.0855,0.1049
1,0.0851,0.0882,0.0855,0.1049
2,0.0851,0.0882,0.0855,0.0839
3,0.0851,0.0706,0.0855,0.0839
4,0.0851,0.0706,0.0684,0.0839
5,0.0685,0.0706,0.0684,0.0839
6,0.0685,0.0706,0.0684,0.0671
7,0.0685,0.0565,0.0684,0.0671
8,0.0548,0.0565,0.0684,0.0671
9,0.0548,0.0565,0.0547,0.0671
10,0.0548,0.0565,0.0547,0.0537
0,0.0548,0.0565,0.0547,0.0537
1,0.0548,0.0452,0.0547,0.0537
2,0.0439,0.0452,0.0547,0.0537
3,0.0439,0.0452,0.0438,0.0537
4,0.0439,0.0452,0.0438,0.0429
5,0.0439,0.0362,0.0438,0.0429
6,0.0352,0.0362,0.0438,0.0429
7,0.0352,0.0362,0.0350,0.0429
0,0.0352,0.0362,0.0350,0.0429
1,0.0352,0.0362,0.0350,0.0344
2,0.0352,0.0290,0.0350,0.0344
3,0.0303,0.0290,0.0350,0.0344
4,0.0303,0.0290,0.0280,0.0344
5,0.0303,0.0290,0.0280,0.0275
6,0.0242,0.0290,0.0280,0.0275
7,0.0242,0.0232,0.0280,0.0275
8,0.0242,0.0232,0.0224,0.0275
0,0.0242,0.0232,0.0224,0.0275
1,0.0242,0.0232,0.0224,0.0220
2,0.0211,0.0232,0.0224,0.0220
3,0.0211,0.0185,0.0224,0.0220
4,0.0211,0.0185,0.0179,0.0220
5,0.0211,0.0185,0.0179,0.0176
6,0.0169,0.0185,0.0179,0.0176
7,0.0169,0.0148,0.0179,0.0176
0,0.0169,0.0148,0.0179,0.0176
1,0.0169,0.0148,0.0154,0.0176
2,0.0169,0.0148,0.0154,0.0141
3,0.0140,0.0148,0.0154,0.0141
4,0.0140,0.0148,0.0123,0.0141
5,0.0140,0.0119,0.0123,0.0141
6,0.0140,0.0119,0.0123,0.0113
7,0.0112,0.0119,0.0123,0.0113
8,0.0112,0.0119,0.0098,0.0113
0,0.0112,0.0119,0.0098,0.0113
1,0.0112,0.0102,0.0098,0.0113
2,0.0112,0.0102,0.0098,0.0090
3,0.0109,0.0102,0.0098,0.0090
4,0.0087,0.0102,0.0098,0.0090
5,0.0087,0.0081,0.0098,0.0090
6,0.0087,0.0081,0.0079,0.0090
7,0.0087,0.0081,0.0079,0.0072
8,0.0070,0.0081,0.0079,0.0072
0,0.0070,0.0081,0.0079,0.0072
1,0.0070,0.0072,0.0079,0.0072
2,0.0070,0.0072,0.0063,0.0072
3,0.0070,0.0072,0.0063,0.0058
4,0.0070,0.0057,0.0063,0.0058
5,0.0057,0.0057,0.0063,0.0058
6,0.0057,0.0057,0.0050,0.0058
7,0.0057,0.0057,0.0050,0.0046
8,0.0057,0.0046,0.0050,0.0046
9,0.0045,0.0046,0.0050,0.0046
10,0.0045,0.0046,0.0040,0.0046
0,0.0045,0.0046,0.0040,0.0046
1,0.0045,0.0046,0.0040,0.0037
2,0.0045,0.0041,0.0040,0.0037
3,0.0043,0.0041,0.0040,0.0037
4,0.0035,0.0041,0.0040,0.0037
5,0.0035,0.0033,0.0040,0.0037
6,0.0035,0.0033,0.0032,0.0037
7,0.0035,0.0033,0.0032,0.0030
8,0.0028,0.0033,0.0032,0.0030
0,0.0028,0.0033,0.0032,0.0030
1,0.0028,0.0036,0.0032,0.0030
2,0.0028,0.0029,0.0032,0.0030
3,0.0028,0.0029,0.0026,0.0030
4,0.0028,0.0029,0.0026,0.0024
5,0.0028,0.0023,0.0026,0.0024
6,0.0029,0.0023,0.0026,0.0024
7,0.0023,0.0023,0.0026,0.0024
8,0.0023,0.0023,0.0021,0.0024
9,0.0023,0.0023,0.0021,0.0019
10,0.0019,0.0023,0.0021,0.0019
0,0.0019,0.0023,0.0021,0.0019
1,0.0019,0.0040,0.0021,0.0019
2,0.0019,0.0032,0.0021,0.0019
3,0.0019,0.0025,0.0021,0.0019
4,0.0019,0.0020,0.0021,0.0019
5,0.0019,0.0020,0.0016,0.0019
6,0.0019,0.0016,0.0016,0.0019
0,0.0019,0.0016,0.0016,0.0019
1,0.0019,0.0016,0.0016,0.0015
2,0.0039,0.0016,0.0016,0.0015
3,0.0031,0.0016,0.0016,0.0015
4,0.0025,0.0016,0.0016,0.0015
5,0.0020,0.0016,0.0016,0.0015
6,0.0016,0.0016,0.0016,0.0015
7,0.0016,0.0016,0.0015,0.0015
8,0.0016,0.0013,0.0015,0.0015
9,0.0013,0.0013,0.0015,0.0015
10,0.0013,0.0013,0.0012,0.0015
0,0.0013,0.0013,0.0012,0.0015
1,0.0013,0.0013,0.0012,0.0012
2,0.0013,0.0010,0.0012,0.0012
3,0.0026,0.0010,0.0012,0.0012
4,0.0021,0.0010,0.0012,0.0012
5,0.0017,0.0010,0.0012,0.0012
6,0.0013,0.0010,0.0012,0.0012
7,0.0011,0.0010,0.0012,0.0012
8,0.0011,0.0010,0.0010,0.0012
0,0.0011,0.0010,0.0010,0.0012
1,0.0011,0.0010,0.0010,0.0010
2,0.0014,0.0010,0.0010,0.0010
3,0.0011,0.0010,0.0010,0.0010
4,0.0009,0.0010,0.0010,0.0010
5,0.0009,0.0008,0.0010,0.0010
6,0.0009,0.0008,0.0008,0.0010
7,0.0009,0.0008,0.0008,0.0008
0,0.0009,0.0008,0.0008,0.0008
1,0.0042,0.0008,0.0008,0.0008
2,0.0033,0.0008,0.0008,0.0008
3,0.0027,0.0008,0.0008,0.0008
4,0.0021,0.0008,0.0008,0.0008
5,0.0017,0.0008,0.0008,0.0008
6,0.0014,0.0008,0.0008,0.0008
0,0.0014,0.0008,0.0008,0.0008
1,0.0031,0.0008,0.0008,0.0008
2,0.0025,0.0008,0.0008,0.0008
3,0.0020,0.0008,0.0008,0.0008
4,0.0016,0.0008,0.0008,0.0008
5,0.0013,0.0008,0.0008,0.0008
6,0.0010,0.0008,0.0008,0.0008
0,0.0010,0.0008,0.0008,0.0008
1,0.0031,0.0008,0.0008,0.0008
2,0.0025,0.0008,0.0008,0.0008
3,0.0020,0.0008,0.0008,0.0008
4,0.0016,0.0008,0.0008,0.0008
5,0.0013,0.0008,0.0008,0.0008
6,0.0010,0.0008,0.0008,0.0008
0,0.0010,0.0008,0.0008,0.0008
1,0.0065,0.0008,0.0008,0.0008
2,0.0052,0.0008,0.0008,0.0008
3,0.0042,0.0008,0.0008,0.0008
4,0.0033,0.0008,0.0008,0.0008
5,0.0027,0.0008,0.0008,0.0008
6,0.0021,0.0008,0.0008,0.0008
0,0.0021,0.0008,0.0008,0.0008
1,0.0037,0.0008,0.0008,0.0008
2,0.0029,0.0008,0.0008,0.0008
3,0.0023,0.0008,0.0008,0.0008
4,0.0019,0.0008,0.0008,0.0008
5,0.0015,0.0008,0.0008,0.0008
6,0.0012,0.0008,0.0008,0.0008
0,0.0012,0.0008,0.0008,0.0008
1,0.0099,0.0008,0.0008,0.0008
2,0.0079,0.0008,0.0008,0.0008
3,0.0063,0.0008,0.0008,0.0008
4,0.0051,0.0008,0.0008,0.0008
5,0.0040,0.0008,0.0008,0.0008
6,0.0032,0.0008,0.0008,0.0008
0,0.0032,0.0008,0.0008,0.0008
1,0.0081,0.0008,0.0008,0.0008
2,0.0065,0.0008,0.0008,0.0008
3,0.0052,0.0008,0.0008,0.0008
4,0.0041,0.0008,0.0008,0.0008
5,0.0033,0.0008,0.0008,0.0008
6,0.0026,0.0008,0.0008,0.0008
0,0.0026,0.0008,0.0008,0.0008
1,0.0027,0.0008,0.0008,0.0008
2,0.0021,0.0008,0.0008,0.0008
3,0.0017,0.0008,0.0008,0.0008
4,0.0014,0.0008,0.0008,0.0008
5,0.0011,0.0008,0.0008,0.0008
6,0.0009,0.0008,0.0008,0.0008
0,0.0009,0.0008,0.0008,0.0008
1,0.0039,0.0008,0.0008,0.0008
2,0.0031,0.0008,0.0008,0.0008
3,0.0025,0.0008,0.0008,0.0008
4,0.0020,0.0008,0.0008,0.0008
5,0.0016,0.0008,0.0008,0.0008
6,0.0013,0.0008,0.0008,0.0008
0,0.0013,0.0008,0.0008,0.0008
1,0.0051,0.0008,0.0008,0.0008
2,0.0041,0.0008,0.0008,0.0008
3,0.0032,0.0008,0.0008,0.0008
4,0.0026,0.0008,0.0008,0.0008
5,0.0021,0.0008,0.0008,0.0008
6,0.0017,0.0008,0.0008,0.0008
0,0.0017,0.0008,0.0008,0.0008
1,0.0075,0.0008,0.0008,0.0008
2,0.0060,0.0008,0.0008,0.0008
3,0.0048,0.0008,0.0008,0.0008
4,0.0038,0.0008,0.0008,0.0008
5,0.0031,0.0008,0.0008,0.0008
6,0.0024,0.0008,0.0008,0.0008
0,0.0024,0.0008,0.0008,0.0008
1,0.0046,0.0008,0.0008,0.0008
2,0.0037,0.0008,0.0008,0.0008
3,0.0029,0.0008,0.0008,0.0008
4,0.0023,0.0008,0.0008,0.0008
5,0.0019,0.0008,0.0008,0.0008
6,0.0015,0.0008,0.0008,0.0008
0,0.0015,0.0008,0.0008,0.0008
1,0.0051,0.0008,0.0008,0.0008
2,0.0041,0.0008,0.0008,0.0008
3,0.0032,0.0008,0.0008,0.0008
4,0.0026,0.0008,0.0008,0.0008
5,0.0021,0.0008,0.0008,0.0008
6,0.0017,0.0008,0.0008,0.0008
0,0.0017,0.0008,0.0008,0.0008
1,0.0075,0.0008,0.0008,0.0008
2,0.0060,0.0008,0.0008,0.0008
3,0.0048,0.0008,0.0008,0.0008
4,0.0038,0.0008,0.0008,0.0008
5,0.0031,0.0008,0.0008,0.0008
6,0.0024,0.0008,0.0008,0.0008
0,0.0024,0.0008,0.0008,0.0008
1,0.0063,0.0008,0.0008,0.0008
2,0.0050,0.0008,0.0008,0.0008
3,0.0040,0.0008,0.0008,0.0008
4,0.0032,0.0008,0.0008,0.0008
5,0.0026,0.0008,0.0008,0.0008
6,0.0021,0.0008,0.0008,0.0008
0,0.0021,0.0008,0.0008,0.0008
1,0.0109,0.0008,0.0008,0.0008
2,0.0087,0.0008,0.0008,0.0008
3,0.0070,0.0008,0.0008,0.0008
4,0.0056,0.0008,0.0008,0.0008
5,0.0045,0.0008,0.0008,0.0008
6,0.0036,0.0008,0.0008,0.0008
0,0.0036,0.0008,0.0008,0.0008
1,0.0085,0.0008,0.0008,0.0008
2,0.0068,0.0008,0.0008,0.0008
3,0.0054,0.0008,0.0008,0.0008
4,0.0043,0.0008,0.0008,0.0008
5,0.0035,0.0008,0.0008,0.0008
6,0.0028,0.0008,0.0008,0.0008
0,0.0028,0.0008,0.0008,0.0008
1,0.0104,0.0008,0.0008,0.0008
2,0.0083,0.0008,0.0008,0.0008
3,0.0066,0.0008,0.0008,0.0008
4,0.0053,0.0008,0.0008,0.0008
5,0.0042,0.0008,0.0008,0.0008
6,0.0034,0.0008,0.0008,0.0008
0,0.0034,0.0008,0.0008,0.0008
1,0.0029,0.0008,0.0008,0.0008
2,0.0023,0.0008,0.0008,0.0008
3,0.0018,0.0008,0.0008,0.0008
4,0.0015,0.0008,0.0008,0.0008
5,0.0012,0.0008,0.0008,0.0008
6,0.0009,0.0008,0.0008,0.0008
0,0.0009,0.0008,0.0008,0.0008
1,0.0022,0.0008,0.0008,0.0008
2,0.0018,0.0008,0.0008,0.0008
3,0.0014,0.0008,0.0008,0.0008
4,0.0011,0.0008,0.0008,0.0008
5,0.0009,0.0008,0.0008,0.0008
6,0.0007,0.0008,0.0008,0.0008
0,0.0007,0.0008,0.0008,0.0008
1,0.0007,0.0034,0.0008,0.0008
2,0.0007,0.0027,0.0008,0.0008
3,0.0007,0.0022,0.0008,0.0008
4,0.0007,0.0017,0.0008,0.0008
5,0.0007,0.0014,0.0008,0.0008
6,0.0007,0.0011,0.0008,0.0008
0,0.0007,0.0011,0.0008,0.0008
1,0.0007,0.0076,0.0008,0.0008
2,0.0007,0.0061,0.0008,0.0008
3,0.0007,0.0049,0.0008,0.0008
4,0.0007,0.0039,0.0008,0.0008
5,0.0007,0.0031,0.0008,0.0008
6,0.0007,0.0025,0.0008,0.0008
0,0.0007,0.0025,0.0008,0.0008
1,0.0007,0.0035,0.0008,0.0008
2,0.0007,0.0028,0.0008,0.0008
3,0.0007,0.0022,0.0008,0.0008
4,0.0007,0.0018,0.0008,0.0008
5,0.0007,0.0014,0.0008,0.0008
6,0.0007,0.0011,0.0008,0.0008
0,0.0007,0.0011,0.0008,0.0008
1,0.0007,0.0053,0.0008,0.0008
2,0.0007,0.0042,0.0008,0.0008
3,0.0007,0.0034,0.0008,0.0008
4,0.0007,0.0027,0.0008,0.0008
5,0.0007,0.0022,0.0008,0.0008
6,0.0007,0.0017,0.0008,0.0008
0,0.0007,0.0017,0.0008,0.0008
1,0.0007,0.0067,0.0008,0.0008
2,0.0007,0.0054,0.0008,0.0008
3,0.0007,0.0043,0.0008,0.0008
4,0.0007,0.0034,0.0008,0.0008
5,0.0007,0.0027,0.0008,0.0008
6,0.0007,0.0022,0.0008,0.0008
0,0.0007,0.0022,0.0008,0.0008
1,0.0007,0.0055,0.0008,0.0008
2,0.0007,0.0044,0.0008,0.0008
3,0.0007,0.0035,0.0008,0.0008
4,0.0007,0.0028,0.0008,0.0008
5,0.0007,0.0023,0.0008,0.0008
6,0.0007,0.0018,0.0008,0.0008
0,0.0007,0.0018,0.0008,0.0008
1,0.0007,0.0030,0.0008,0.0008
2,0.0007,0.0024,0.0008,0.0008
3,0.0007,0.0019,0.0008,0.0008
4,0.0007,0.0015,0.0008,0.0008
5,0.0007,0.0012,0.0008,0.0008
6,0.0007,0.0010,0.0008,0.0008
0,0.0007,0.0010,0.0008,0.0008
1,0.0007,0.0075,0.0008,0.0008
2,0.0007,0.0060,0.0008,0.0008
3,0.0007,0.0048,0.0008,0.0008
4,0.0007,0.0038,0.0008,0.0008
5,0.0007,0.0031,0.0008,0.0008
6,0.0007,0.0025,0.0008,0.0008
0,0.0007,0.0025,0.0008,0.0008
1,0.0007,0.0087,0.0008,0.0008
2,0.0007,0.0070,0.0008,0.0008
3,0.0007,0.0056,0.0008,0.0008
4,0.0007,0.0045,0.0008,0.0008
5,0.0007,0.0036,0.0008,0.0008
6,0.0007,0.0029,0.0008,0.0008
0,0.0007,0.0029,0.0008,0.0008
1,0.0007,0.0064,0.0008,0.0008
2,0.0007,0.0051,0.0008,0.0008
3,0.0007,0.0041,0.0008,0.0008
4,0.0007,0.0033,0.0008,0.0008
5,0.0007,0.0026,0.0008,0.0008
6,0.0007,0.0021,0.0008,0.0008
0,0.0007,0.0021,0.0008,0.0008
1,0.0007,0.0059,0.0008,0.0008
2,0.0007,0.0048,0.0008,0.0008
3,0.0007,0.0038,0.0008,0.0008
4,0.0007,0.0030,0.0008,0.0008
5,0.0007,0.0024,0.0008,0.0008
6,0.0007,0.0019,0.0008,0.0008
0,0.0007,0.0019,0.0008,0.0008
1,0.0007,0.0082,0.0008,0.0008
2,0.0007,0.0065,0.0008,0.0008
3,0.0007,0.0052,0.0008,0.0008
4,0.0007,0.0042,0.0008,0.0008
5,0.0007,0.0034,0.0008,0.0008
6,0.0007,0.0027,0.0008,0.0008
0,0.0007,0.0027,0.0008,0.0008
1,0.0007,0.0082,0.0008,0.0008
2,0.0007,0.0066,0.0008,0.0008
3,0.0007,0.0053,0.0008,0.0008
4,0.0007,0.0042,0.0008,0.0008
5,0.0007,0.0034,0.0008,0.0008
6,0.0007,0.0027,0.0008,0.0008
0,0.0007,0.0027,0.0008,0.0008
1,0.0007,0.0072,0.0008,0.0008
2,0.0007,0.0057,0.0008,0.0008
3,0.0007,0.0046,0.0008,0.0008
4,0.0007,0.0037,0.0008,0.0008
5,0.0007,0.0029,0.0008,0.0008
6,0.0007,0.0024,0.0008,0.0008
0,0.0007,0.0024,0.0008,0.0008
1,0.0007,0.0086,0.0008,0.0008
2,0.0007,0.0069,0.0008,0.0008
3,0.0007,0.0055,0.0008,0.0008
4,0.0007,0.0044,0.0008,0.0008
5,0.0007,0.0035,0.0008,0.0008
6,0.0007,0.0028,0.0008,0.0008
0,0.0007,0.0028,0.0008,0.0008
1,0.0007,0.0085,0.0008,0.0008
2,0.0007,0.0068,0.0008,0.0008
3,0.0007,0.0054,0.0008,0.0008
4,0.0007,0.0043,0.0008,0.0008
5,0.0007,0.0035,0.0008,0.0008
6,0.0007,0.0028,0.0008,0.0008
0,0.0007,0.0028,0.0008,0.0008
1,0.0007,0.0116,0.0008,0.0008
2,0.0007,0.0093,0.0008,0.0008
3,0.0007,0.0074,0.0008,0.0008
4,0.0007,0.0060,0.0008,0.0008
5,0.0007,0.0048,0.0008,0.0008
6,0.0007,0.0038,0.0008,0.0008
0,0.0007,0.0038,0.0008,0.0008
1,0.0007,0.0161,0.0008,0.0008
2,0.0007,0.0129,0.0008,0.0008
3,0.0007,0.0103,0.0008,0.0008
4,0.0007,0.0083,0.0008,0.0008
5,0.0007,0.0066,0.0008,0.0008
6,0.0007,0.0053,0.0008,0.0008
0,0.0007,0.0053,0.0008,0.0008
1,0.0007,0.0137,0.0008,0.0008
2,0.0007,0.0110,0.0008,0.0008
3,0.0007,0.0088,0.0008,0.0008
4,0.0007,0.0070,0.0008,0.0008
5,0.0007,0.0056,0.0008,0.0008
6,0.0007,0.0045,0.0008,0.0008
0,0.0007,0.0045,0.0008,0.0008
1,0.0007,0.0123,0.0008,0.0008
2,0.0007,0.0098,0.0008,0.0008
3,0.0007,0.0079,0.0008,0.0008
4,0.0007,0.0063,0.0008,0.0008
5,0.0007,0.0050,0.0008,0.0008
6,0.0007,0.0040,0.0008,0.0008
0,0.0007,0.0040,0.0008,0.0008
1,0.0007,0.0121,0.0008,0.0008
2,0.0007,0.0097,0.0008,0.0008
3,0.0007,0.0077,0.0008,0.0008
4,0.0007,0.0062,0.0008,0.0008
5,0.0007,0.0050,0.0008,0.0008
6,0.0007,0.0040,0.0008,0.0008
0,0.0007,0.0040,0.0008,0.0008
1,0.0007,0.0132,0.0008,0.0008
2,0.0007,0.0105,0.0008,0.0008
3,0.0007,0.0084,0.0008,0.0008
4,0.0007,0.0067,0.0008,0.0008
5,0.0007,0.0054,0.0008,0.0008
6,0.0007,0.0043,0.0008,0.0008
0,0.0007,0.0043,0.0008,0.0008
1,0.0007,0.0161,0.0008,0.0008
2,0.0007,0.0129,0.0008,0.0008
3,0.0007,0.0103,0.0008,0.0008
4,0.0007,0.0082,0.0008,0.0008
5,0.0007,0.0066,0.0008,0.0008
6,0.0007,0.0053,0.0008,0.0008
0,0.0007,0.0053,0.0008,0.0008
1,0.0007,0.0165,0.0008,0.0008
2,0.0007,0.0132,0.0008,0.0008
3,0.0007,0.0106,0.0008,0.0008
4,0.0007,0.0085,0.0008,0.0008
5,0.0007,0.0068,0.0008,0.0008
6,0.0007,0.0054,0.0008,0.0008
0,0.0007,0.0054,0.0008,0.0008
1,0.0007,0.0134,0.0008,0.0008
2,0.0007,0.0107,0.0008,0.0008
3,0.0007,0.0086,0.0008,0.0008
4,0.0007,0.0069,0.0008,0.0008
5,0.0007,0.0055,0.0008,0.0008
6,0.0007,0.0044,0.0008,0.0008
0,0.0007,0.0044,0.0008,0.0008
1,0.0007,0.0147,0.0008,0.0008
2,0.0007,0.0118,0.0008,0.0008
3,0.0007,0.0094,0.0008,0.0008
4,0.0007,0.0075,0.0008,0.0008
5,0.0007,0.0060,0.0008,0.0008
6,0.0007,0.0048,0.0008,0.0008
0,0.0007,0.0048,0.0008,0.0008
1,0.0007,0.0119,0.0008,0.0008
2,0.0007,0.0095,0.0008,0.0008
3,0.0007,0.0076,0.0008,0.0008
4,0.0007,0.0061,0.0008,0.0008
5,0.0007,0.0049,0.0008,0.0008
6,0.0007,0.0039,0.0008,0.0008
0,0.0007,0.0039,0.0008,0.0008
1,0.0007,0.0119,0.0008,0.0008
2,0.0007,0.0095,0.0008,0.0008
3,0.0007,0.0076,0.0008,0.0008
4,0.0007,0.0061,0.0008,0.0008
5,0.0007,0.0049,0.0008,0.0008
6,0.0007,0.0039,0.0008,0.0008
0,0.0007,0.0039,0.0008,0.0008
1,0.0007,0.0144,0.0008,0.0008
2,0.0007,0.0116,0.0008,0.0008
3,0.0007,0.0092,0.0008,0.0008
4,0.0007,0.0074,0.0008,0.0008
5,0.0007,0.0059,0.0008,0.0008
6,0.0007,0.0047,0.0008,0.0008
0,0.0007,0.0047,0.0008,0.0008
1,0.0007,0.0112,0.0008,0.0008
2,0.0007,0.0089,0.0008,0.0008
3,0.0007,0.0072,0.0008,0.0008
4,0.0007,0.0057,0.0008,0.0008
5,0.0007,0.0046,0.0008,0.0008
6,0.0007,0.0037,0.0008,0.0008
0,0.0007,0.0037,0.0008,0.0008
1,0.0007,0.0140,0.0008,0.0008
2,0.0007,0.0112,0.0008,0.0008
3,0.0007,0.0090,0.0008,0.0008
4,0.0007,0.0072,0.0008,0.0008
5,0.0007,0.0057,0.0008,0.0008
6,0.0007,0.0046,0.0008,0.0008
0,0.0007,0.0046,0.0008,0.0008
1,0.0007,0.0113,0.0008,0.0008
2,0.0007,0.0090,0.0008,0.0008
3,0.0007,0.0072,0.0008,0.0008
4,0.0007,0.0058,0.0008,0.0008
5,0.0007,0.0046,0.0008,0.0008
6,0.0007,0.0037,0.0008,0.0008
0,0.0007,0.0037,0.0008,0.0008
1,0.0007,0.0101,0.0008,0.0008
2,0.0007,0.0081,0.0008,0.0008
3,0.0007,0.0064,0.0008,0.0008
4,0.0007,0.0052,0.0008,0.0008
5,0.0007,0.0041,0.0008,0.0008
6,0.0007,0.0033,0.0008,0.0008
0,0.0007,0.0033,0.0008,0.0008
1,0.0007,0.0169,0.0008,0.0008
2,0.0007,0.0135,0.0008,0.0008
3,0.0007,0.0108,0.0008,0.0008
4,0.0007,0.0087,0.0008,0.0008
5,0.0007,0.0069,0.0008,0.0008
6,0.0007,0.0055,0.0008,0.0008
0,0.0007,0.0055,0.0008,0.0008
1,0.0007,0.0136,0.0008,0.0008
2,0.0007,0.0109,0.0008,0.0008
3,0.0007,0.0087,0.0008,0.0008
4,0.0007,0.0070,0.0008,0.0008
5,0.0007,0.0056,0.0008,0.0008
6,0.0007,0.0045,0.0008,0.0008
0,0.0007,0.0045,0.0008,0.0008
1,0.0007,0.0253,0.0008,0.0008
2,0.0007,0.0203,0.0008,0.0008
3,0.0007,0.0162,0.0008,0.0008
4,0.0007,0.0130,0.0008,0.0008
5,0.0007,0.0104,0.0008,0.0008
6,0.0007,0.0083,0.0008,0.0008
0,0.0007,0.0083,0.0008,0.0008
1,0.0007,0.0172,0.0008,0.0008
2,0.0007,0.0138,0.0008,0.0008
3,0.0007,0.0110,0.0008,0.0008
4,0.0007,0.0088,0.0008,0.0008
5,0.0007,0.0071,0.0008,0.0008
6,0.0007,0.0056,0.0008,0.0008
0,0.0007,0.0056,0.0008,0.0008
1,0.0007,0.0198,0.0008,0.0008
2,0.0007,0.0159,0.0008,0.0008
3,0.0007,0.0127,0.0008,0.0008
4,0.0007,0.0102,0.0008,0.0008
5,0.0007,0.0081,0.0008,0.0008
6,0.0007,0.0065,0.0008,0.0008
0,0.0007,0.0065,0.0008,0.0008
1,0.0007,0.0222,0.0008,0.0008
2,0.0007,0.0178,0.0008,0.0008
3,0.0007,0.0142,0.0008,0.0008
4,0.0007,0.0114,0.0008,0.0008
5,0.0007,0.0091,0.0008,0.0008
6,0.0007,0.0073,0.0008,0.0008
0,0.0007,0.0073,0.0008,0.0008
1,0.0007,0.0126,0.0008,0.0008
2,0.0007,0.0101,0.0008,0.0008
3,0.0007,0.0081,0.0008,0.0008
4,0.0007,0.0064,0.0008,0.0008
5,0.0007,0.0052,0.0008,0.0008
6,0.0007,0.0041,0.0008,0.0008
0,0.0007,0.0041,0.0008,0.0008
1,0.0007,0.0133,0.0008,0.0008
2,0.0007,0.0106,0.0008,0.0008
3,0.0007,0.0085,0.0008,0.0008
4,0.0007,0.0068,0.0008,0.0008
5,0.0007,0.0054,0.0008,0.0008
6,0.0007,0.0044,0.0008,0.0008
0,0.0007,0.0044,0.0008,0.0008
1,0.0007,0.0212,0.0008,0.0008
2,0.0007,0.0170,0.0008,0.0008
3,0.0007,0.0136,0.0008,0.0008
4,0.0007,0.0109,0.0008,0.0008
5,0.0007,0.0087,0.0008,0.0008
6,0.0007,0.0070,0.0008,0.0008
0,0.0007,0.0070,0.0008,0.0008
1,0.0007,0.0155,0.0008,0.0008
2,0.0007,0.0124,0.0008,0.0008
3,0.0007,0.0099,0.0008,0.0008
4,0.0007,0.0080,0.0008,0.0008
5,0.0007,0.0064,0.0008,0.0008
6,0.0007,0.0051,0.0008,0.0008
0,0.0007,0.0051,0.0008,0.0008
1,0.0007,0.0166,0.0008,0.0008
2,0.0007,0.0133,0.0008,0.0008
3,0.0007,0.0106,0.0008,0.0008
4,0.0007,0.0085,0.0008,0.0008
5,0.0007,0.0068,0.0008,0.0008
6,0.0007,0.0054,0.0008,0.0008
0,0.0007,0.0054,0.0008,0.0008
1,0.0007,0.0204,0.0008,0.0008
2,0.0007,0.0163,0.0008,0.0008
3,0.0007,0.0131,0.0008,0.0008
4,0.0007,0.0105,0.0008,0.0008
5,0.0007,0.0084,0.0008,0.0008
6,0.0007,0.0067,0.0008,0.0008
0,0.0007,0.0067,0.0008,0.0008
1,0.0007,0.0064,0.0008,0.0008
2,0.0007,0.0051,0.0008,0.0008
3,0.0007,0.0041,0.0008,0.0008
4,0.0007,0.0033,0.0008,0.0008
5,0.0007,0.0026,0.0008,0.0008
6,0.0007,0.0021,0.0008,0.0008
0,0.0007,0.0021,0.0008,0.0008
1,0.0007,0.0017,0.0008,0.0008
2,0.0007,0.0013,0.0008,0.0008
3,0.0007,0.0011,0.0008,0.0008
4,0.0007,0.0009,0.0008,0.0008
5,0.0007,0.0007,0.0008,0.0008
0,0.0007,0.0007,0.0008,0.0008
1,0.0007,0.0007,0.0012,0.0008
2,0.0007,0.0007,0.0009,0.0008
3,0.0007,0.0007,0.0007,0.0008
4,0.0007,0.0007,0.0007,0.0006
5,0.0007,0.0007,0.0006,0.0006
6,0.0015,0.0007,0.0006,0.0006
7,0.0012,0.0007,0.0006,0.0006
8,0.0009,0.0007,0.0006,0.0006
9,0.0008,0.0007,0.0006,0.0006
10,0.0006,0.0007,0.0006,0.0006
0,0.0006,0.0007,0.0006,0.0006
1,0.0006,0.0025,0.0006,0.0006
2,0.0006,0.0020,0.0006,0.0006
3,0.0006,0.0016,0.0006,0.0006
4,0.0006,0.0013,0.0006,0.0006
5,0.0006,0.0010,0.0006,0.0006
6,0.0006,0.0008,0.0006,0.0006
0,0.0006,0.0008,0.0006,0.0006
1,0.0006,0.0051,0.0006,0.0006
2,0.0006,0.0041,0.0006,0.0006
3,0.0006,0.0033,0.0006,0.0006
4,0.0006,0.0026,0.0006,0.0006
5,0.0006,0.0021,0.0006,0.0006
6,0.0006,0.0017,0.0006,0.0006
0,0.0006,0.0017,0.0006,0.0006
1,0.0006,0.0089,0.0006,0.0006
2,0.0006,0.0071,0.0006,0.0006
3,0.0006,0.0057,0.0006,0.0006
4,0.0006,0.0045,0.0006,0.0006
5,0.0006,0.0036,0.0006,0.0006
6,0.0006,0.0029,0.0006,0.0006
0,0.0006,0.0029,0.0006,0.0006
1,0.0006,0.0050,0.0006,0.0006
2,0.0006,0.0040,0.0006,0.0006
3,0.0006,0.0032,0.0006,0.0006
4,0.0006,0.0026,0.0006,0.0006
5,0.0006,0.0021,0.0006,0.0006
6,0.0006,0.0016,0.0006,0.0006
0,0.0006,0.0016,0.0006,0.0006
1,0.0006,0.0046,0.0006,0.0006
2,0.0006,0.0037,0.0006,0.0006
3,0.0006,0.0029,0.0006,0.0006
4,0.0006,0.0023,0.0006,0.0006
5,0.0006,0.0019,0.0006,0.0006
6,0.0006,0.0015,0.0006,0.0006
0,0.0006,0.0015,0.0006,0.0006
1,0.0006,0.0053,0.0006,0.0006
2,0.0006,0.0043,0.0006,0.0006
3,0.0006,0.0034,0.0006,0.0006
4,0.0006,0.0027,0.0006,0.0006
5,0.0006,0.0022,0.0006,0.0006
6,0.0006,0.0017,0.0006,0.0006
0,0.0006,0.0017,0.0006,0.0006
1,0.0006,0.0027,0.0006,0.0006
2,0.0006,0.0022,0.0006,0.0006
3,0.0006,0.0017,0.0006,0.0006
4,0.0006,0.0014,0.0006,0.0006
5,0.0006,0.0011,0.0006,0.0006
6,0.0006,0.0009,0.0006,0.0006
0,0.0006,0.0009,0.0006,0.0006
1,0.0006,0.0031,0.0006,0.0006
2,0.0006,0.0025,0.0006,0.0006
3,0.0006,0.0020,0.0006,0.0006
4,0.0006,0.0016,0.0006,0.0006
5,0.0006,0.0013,0.0006,0.0006
6,0.0006,0.0010,0.0006,0.0006
0,0.0006,0.0010,0.0006,0.0006
1,0.0006,0.0083,0.0006,0.0006
2,0.0006,0.0067,0.0006,0.0006
3,0.0006,0.0053,0.0006,0.0006
4,0.0006,0.0043,0.0006,0.0006
5,0.0006,0.0034,0.0006,0.0006
6,0.0006,0.0027,0.0006,0.0006
0,0.0006,0.0027,0.0006,0.0006
1,0.0006,0.0059,0.0006,0.0006
2,0.0006,0.0047,0.0006,0.0006
3,0.0006,0.0038,0.0006,0.0006
4,0.0006,0.0030,0.0006,0.0006
5,0.0006,0.0024,0.0006,0.0006
6,0.0006,0.0019,0.0006,0.0006
0,0.0006,0.0019,0.0006,0.0006
1,0.0006,0.0089,0.0006,0.0006
2,0.0006,0.0071,0.0006,0.0006
3,0.0006,0.0057,0.0006,0.0006
4,0.0006,0.0046,0.0006,0.0006
5,0.0006,0.0036,0.0006,0.0006
6,0.0006,0.0029,0.0006,0.0006
0,0.0006,0.0029,0.0006,0.0006
1,0.0006,0.0080,0.0006,0.0006
2,0.0006,0.0064,0.0006,0.0006
3,0.0006,0.0052,0.0006,0.0006
4,0.0006,0.0041,0.0006,0.0006
5,0.0006,0.0033,0.0006,0.0006
6,0.0006,0.0026,0.0006,0.0006
0,0.0006,0.0026,0.0006,0.0006
1,0.0006,0.0081,0.0006,0.0006
2,0.0006,0.0065,0.0006,0.0006
3,0.0006,0.0052,0.0006,0.0006
4,0.0006,0.0041,0.0006,0.0006
5,0.0006,0.0033,0.0006,0.0006
6,0.0006,0.0027,0.0006,0.0006
0,0.0006,0.0027,0.0006,0.0006
1,0.0006,0.0083,0.0006,0.0006
2,0.0006,0.0066,0.0006,0.0006
3,0.0006,0.0053,0.0006,0.0006
4,0.0006,0.0042,0.0006,0.0006
5,0.0006,0.0034,0.0006,0.0006
6,0.0006,0.0027,0.0006,0.0006
0,0.0006,0.0027,0.0006,0.0006
1,0.0006,0.0074,0.0006,0.0006
2,0.0006,0.0059,0.0006,0.0006
3,0.0006,0.0047,0.0006,0.0006
4,0.0006,0.0038,0.0006,0.0006
5,0.0006,0.0030,0.0006,0.0006
6,0.0006,0.0024,0.0006,0.0006
0,0.0006,0.0024,0.0006,0.0006
1,0.0006,0.0133,0.0006,0.0006
2,0.0006,0.0107,0.0006,0.0006
3,0.0006,0.0085,0.0006,0.0006
4,0.0006,0.0068,0.0006,0.0006
5,0.0006,0.0055,0.0006,0.0006
6,0.0006,0.0044,0.0006,0.0006
0,0.0006,0.0044,0.0006,0.0006
1,0.0006,0.0126,0.0006,0.0006
2,0.0006,0.0100,0.0006,0.0006
3,0.0006,0.0080,0.0006,0.0006
4,0.0006,0.0064,0.0006,0.0006
5,0.0006,0.0051,0.0006,0.0006
6,0.0006,0.0041,0.0006,0.0006
0,0.0006,0.0041,0.0006,0.0006
1,0.0006,0.0091,0.0006,0.0006
2,0.0006,0.0073,0.0006,0.0006
3,0.0006,0.0058,0.0006,0.0006
4,0.0006,0.0046,0.0006,0.0006
5,0.0006,0.0037,0.0006,0.0006
6,0.0006,0.0030,0.0006,0.0006
0,0.0006,0.0030,0.0006,0.0006
1,0.0006,0.0118,0.0006,0.0006
2,0.0006,0.0094,0.0006,0.0006
3,0.0006,0.0075,0.0006,0.0006
4,0.0006,0.0060,0.0006,0.0006
5,0.0006,0.0048,0.0006,0.0006
6,0.0006,0.0039,0.0006,0.0006
0,0.0006,0.0039,0.0006,0.0006
1,0.0006,0.0144,0.0006,0.0006
2,0.0006,0.0116,0.0006,0.0006
3,0.0006,0.0092,0.0006,0.0006
4,0.0006,0.0074,0.0006,0.0006
5,0.0006,0.0059,0.0006,0.0006
6,0.0006,0.0047,0.0006,0.0006
0,0.0006,0.0047,0.0006,0.0006
1,0.0006,0.0107,0.0006,0.0006
2,0.0006,0.0086,0.0006,0.0006
3,0.0006,0.0069,0.0006,0.0006
4,0.0006,0.0055,0.0006,0.0006
5,0.0006,0.0044,0.0006,0.0006
6,0.0006,0.0035,0.0006,0.0006
0,0.0006,0.0035,0.0006,0.0006
1,0.0006,0.0114,0.0006,0.0006
2,0.0006,0.0091,0.0006,0.0006
3,0.0006,0.0073,0.0006,0.0006
4,0.0006,0.0058,0.0006,0.0006
5,0.0006,0.0047,0.0006,0.0006
6,0.0006,0.0037,0.0006,0.0006
0,0.0006,0.0037,0.0006,0.0006
1,0.0006,0.0090,0.0006,0.0006
2,0.0006,0.0072,0.0006,0.0006
3,0.0006,0.0058,0.0006,0.0006
4,0.0006,0.0046,0.0006,0.0006
5,0.0006,0.0037,0.0006,0.0006
6,0.0006,0.0030,0.0006,0.0006
0,0.0006,0.0030,0.0006,0.0006
1,0.0006,0.0113,0.0006,0.0006
2,0.0006,0.0090,0.0006,0.0006
3,0.0006,0.0072,0.0006,0.0006
4,0.0006,0.0058,0.0006,0.0006
5,0.0006,0.0046,0.0006,0.0006
6,0.0006,0.0037,0.0006,0.0006
0,0.0006,0.0037,0.0006,0.0006
1,0.0006,0.0140,0.0006,0.0006
2,0.0006,0.0112,0.0006,0.0006
3,0.0006,0.0089,0.0006,0.0006
4,0.0006,0.0072,0.0006,0.0006
5,0.0006,0.0057,0.0006,0.0006
6,0.0006,0.0046,0.0006,0.0006
0,0.0006,0.0046,0.0006,0.0006
1,0.0006,0.0130,0.0006,0.0006
2,0.0006,0.0104,0.0006,0.0006
3,0.0006,0.0084,0.0006,0.0006
4,0.0006,0.0067,0.0006,0.0006
5,0.0006,0.0053,0.0006,0.0006
6,0.0006,0.0043,0.0006,0.0006
0,0.0006,0.0043,0.0006,0.0006
1,0.0006,0.0235,0.0006,0.0006
2,0.0006,0.0188,0.0006,0.0006
3,0.0006,0.0150,0.0006,0.0006
4,0.0006,0.0120,0.0006,0.0006
5,0.0006,0.0096,0.0006,0.0006
6,0.0006,0.0077,0.0006,0.0006
0,0.0006,0.0077,0.0006,0.0006
1,0.0006,0.0194,0.0006,0.0006
2,0.0006,0.0155,0.0006,0.0006
3,0.0006,0.0124,0.0006,0.0006
4,0.0006,0.0099,0.0006,0.0006
5,0.0006,0.0080,0.0006,0.0006
6,0.0006,0.0064,0.0006,0.0006
0,0.0006,0.0064,0.0006,0.0006
1,0.0006,0.0160,0.0006,0.0006
2,0.0006,0.0128,0.0006,0.0006
3,0.0006,0.0103,0.0006,0.0006
4,0.0006,0.0082,0.0006,0.0006
5,0.0006,0.0066,0.0006,0.0006
6,0.0006,0.0053,0.0006,0.0006
0,0.0006,0.0053,0.0006,0.0006
1,0.0006,0.0157,0.0006,0.0006
2,0.0006,0.0126,0.0006,0.0006
3,0.0006,0.0101,0.0006,0.0006
4,0.0006,0.0080,0.0006,0.0006
5,0.0006,0.0064,0.0006,0.0006
6,0.0006,0.0051,0.0006,0.0006
0,0.0006,0.0051,0.0006,0.0006
1,0.0006,0.0184,0.0006,0.0006
2,0.0006,0.0147,0.0006,0.0006
3,0.0006,0.0118,0.0006,0.0006
4,0.0006,0.0094,0.0006,0.0006
5,0.0006,0.0075,0.0006,0.0006
6,0.0006,0.0060,0.0006,0.0006
0,0.0006,0.0060,0.0006,0.0006
1,0.0006,0.0176,0.0006,0.0006
2,0.0006,0.0141,0.0006,0.0006
3,0.0006,0.0113,0.0006,0.0006
4,0.0006,0.0090,0.0006,0.0006
5,0.0006,0.0072,0.0006,0.0006
6,0.0006,0.0058,0.0006,0.0006
0,0.0006,0.0058,0.0006,0.0006
1,0.0006,0.0161,0.0006,0.0006
2,0.0006,0.0129,0.0006,0.0006
3,0.0006,0.0103,0.0006,0.0006
4,0.0006,0.0082,0.0006,0.0006
5,0.0006,0.0066,0.0006,0.0006
6,0.0006,0.0053,0.0006,0.0006
0,0.0006,0.0053,0.0006,0.0006
1,0.0006,0.0170,0.0006,0.0006
2,0.0006,0.0136,0.0006,0.0006
3,0.0006,0.0109,0.0006,0.0006
4,0.0006,0.0087,0.0006,0.0006
5,0.0006,0.0070,0.0006,0.0006
6,0.0006,0.0056,0.0006,0.0006
0,0.0006,0.0056,0.0006,0.0006
1,0.0006,0.0181,0.0006,0.0006
2,0.0006,0.0145,0.0006,0.0006
3,0.0006,0.0116,0.0006,0.0006
4,0.0006,0.0093,0.0006,0.0006
5,0.0006,0.0074,0.0006,0.0006
6,0.0006,0.0059,0.0006,0.0006
0,0.0006,0.0059,0.0006,0.0006
1,0.0006,0.0195,0.0006,0.0006
2,0.0006,0.0156,0.0006,0.0006
3,0.0006,0.0125,0.0006,0.0006
4,0.0006,0.0100,0.0006,0.0006
5,0.0006,0.0080,0.0006,0.0006
6,0.0006,0.0064,0.0006,0.0006
0,0.0006,0.0064,0.0006,0.0006
1,0.0006,0.0175,0.0006,0.0006
2,0.0006,0.0140,0.0006,0.0006
3,0.0006,0.0112,0.0006,0.0006
4,0.0006,0.0090,0.0006,0.0006
5,0.0006,0.0072,0.0006,0.0006
6,0.0006,0.0057,0.0006,0.0006
0,0.0006,0.0057,0.0006,0.0006
1,0.0006,0.0171,0.0006,0.0006
2,0.0006,0.0137,0.0006,0.0006
3,0.0006,0.0109,0.0006,0.0006
4,0.0006,0.0087,0.0006,0.0006
5,0.0006,0.0070,0.0006,0.0006
6,0.0006,0.0056,0.0006,0.0006
0,0.0006,0.0056,0.0006,0.0006
1,0.0006,0.0238,0.0006,0.0006
2,0.0006,0.0191,0.0006,0.0006
3,0.0006,0.0153,0.0006,0.0006
4,0.0006,0.0122,0.0006,0.0006
5,0.0006,0.0098,0.0006,0.0006
6,0.0006,0.0078,0.0006,0.0006
0,0.0006,0.0078,0.0006,0.0006
1,0.0006,0.0141,0.0006,0.0006
2,0.0006,0.0113,0.0006,0.0006
3,0.0006,0.0090,0.0006,0.0006
4,0.0006,0.0072,0.0006,0.0006
5,0.0006,0.0058,0.0006,0.0006
6,0.0006,0.0046,0.0006,0.0006
0,0.0006,0.0046,0.0006,0.0006
1,0.0006,0.0153,0.0006,0.0006
2,0.0006,0.0122,0.0006,0.0006
3,0.0006,0.0098,0.0006,0.0006
4,0.0006,0.0078,0.0006,0.0006
5,0.0006,0.0063,0.0006,0.0006
6,0.0006,0.0050,0.0006,0.0006
0,0.0006,0.0050,0.0006,0.0006
1,0.0006,0.0169,0.0006,0.0006
2,0.0006,0.0135,0.0006,0.0006
3,0.0006,0.0108,0.0006,0.0006
4,0.0006,0.0086,0.0006,0.0006
5,0.0006,0.0069,0.0006,0.0006
6,0.0006,0.0055,0.0006,0.0006
0,0.0006,0.0055,0.0006,0.0006
1,0.0006,0.0182,0.0006,0.0006
2,0.0006,0.0145,0.0006,0.0006
3,0.0006,0.0116,0.0006,0.0006
4,0.0006,0.0093,0.0006,0.0006
5,0.0006,0.0074,0.0006,0.0006
6,0.0006,0.0060,0.0006,0.0006
0,0.0006,0.0060,0.0006,0.0006
1,0.0006,0.0165,0.0006,0.0006
2,0.0006,0.0132,0.0006,0.0006
3,0.0006,0.0106,0.0006,0.0006
4,0.0006,0.0085,0.0006,0.0006
5,0.0006,0.0068,0.0006,0.0006
6,0.0006,0.0054,0.0006,0.0006
0,0.0006,0.0054,0.0006,0.0006
1,0.0006,0.0043,0.0006,0.0006
2,0.0006,0.0035,0.0006,0.0006
3,0.0006,0.0028,0.0006,0.0006
4,0.0006,0.0022,0.0006,0.0006
5,0.0006,0.0018,0.0006,0.0006
0,0.0006,0.0018,0.0006,0.0006
1,0.0006,0.0023,0.0006,0.0006
2,0.0006,0.0019,0.0006,0.0006
3,0.0006,0.0015,0.0006,0.0006
4,0.0006,0.0012,0.0006,0.0006
5,0.0006,0.0010,0.0006,0.0006
6,0.0006,0.0008,0.0006,0.0006
0,0.0006,0.0008,0.0006,0.0006
1,0.0006,0.0018,0.0006,0.0006
2,0.0006,0.0015,0.0006,0.0006
3,0.0006,0.0012,0.0006,0.0006
4,0.0006,0.0009,0.0006,0.0006
5,0.0006,0.0007,0.0006,0.0006
6,0.0006,0.0006,0.0006,0.0006
0,0.0006,0.0006,0.0006,0.0006
1,0.0006,0.0006,0.0006,0.0005
2,0.0058,0.0006,0.0006,0.0005
3,0.0046,0.0006,0.0006,0.0005
4,0.0037,0.0006,0.0006,0.0005
5,0.0030,0.0006,0.0006,0.0005
6,0.0024,0.0006,0.0006,0.0005
7,0.0019,0.0006,0.0006,0.0005
0,0.0019,0.0006,0.0006,0.0005
1,0.0047,0.0006,0.0006,0.0005
2,0.0037,0.0006,0.0006,0.0005
3,0.0030,0.0006,0.0006,0.0005
4,0.0024,0.0006,0.0006,0.0005
5,0.0019,0.0006,0.0006,0.0005
6,0.0015,0.0006,0.0006,0.0005
0,0.0015,0.0006,0.0006,0.0005
1,0.0076,0.0006,0.0006,0.0005
2,0.0061,0.0006,0.0006,0.0005
3,0.0049,0.0006,0.0006,0.0005
4,0.0039,0.0006,0.0006,0.0005
5,0.0031,0.0006,0.0006,0.0005
6,0.0025,0.0006,0.0006,0.0005
0,0.0025,0.0006,0.0006,0.0005
1,0.0022,0.0006,0.0006,0.0005
2,0.0017,0.0006,0.0006,0.0005
3,0.0014,0.0006,0.0006,0.0005
4,0.0011,0.0006,0.0006,0.0005
5,0.0009,0.0006,0.0006,0.0005
6,0.0007,0.0006,0.0006,0.0005
0,0.0007,0.0006,0.0006,0.0005
1,0.0039,0.0006,0.0006,0.0005
2,0.0031,0.0006,0.0006,0.0005
3,0.0025,0.0006,0.0006,0.0005
4,0.0020,0.0006,0.0006,0.0005
5,0.0016,0.0006,0.0006,0.0005
6,0.0013,0.0006,0.0006,0.0005
0,0.0013,0.0006,0.0006,0.0005
1,0.0037,0.0006,0.0006,0.0005
2,0.0029,0.0006,0.0006,0.0005
3,0.0023,0.0006,0.0006,0.0005
4,0.0019,0.0006,0.0006,0.0005
5,0.0015,0.0006,0.0006,0.0005
6,0.0012,0.0006,0.0006,0.0005
0,0.0012,0.0006,0.0006,0.0005
1,0.0060,0.0006,0.0006,0.0005
2,0.0048,0.0006,0.0006,0.0005
3,0.0038,0.0006,0.0006,0.0005
4,0.0031,0.0006,0.0006,0.0005
5,0.0024,0.0006,0.0006,0.0005
6,0.0020,0.0006,0.0006,0.0005
0,0.0020,0.0006,0.0006,0.0005
1,0.0066,0.0006,0.0006,0.0005
2,0.0053,0.0006,0.0006,0.0005
3,0.0043,0.0006,0.0006,0.0005
4,0.0034,0.0006,0.0006,0.0005
5,0.0027,0.0006,0.0006,0.0005
6,0.0022,0.0006,0.0006,0.0005
0,0.0022,0.0006,0.0006,0.0005
1,0.0072,0.0006,0.0006,0.0005
2,0.0058,0.0006,0.0006,0.0005
3,0.0046,0.0006,0.0006,0.0005
4,0.0037,0.0006,0.0006,0.0005
5,0.0029,0.0006,0.0006,0.0005
6,0.0024,0.0006,0.0006,0.0005
0,0.0024,0.0006,0.0006,0.0005
1,0.0068,0.0006,0.0006,0.0005
2,0.0055,0.0006,0.0006,0.0005
3,0.0044,0.0006,0.0006,0.0005
4,0.0035,0.0006,0.0006,0.0005
5,0.0028,0.0006,0.0006,0.0005
6,0.0022,0.0006,0.0006,0.0005
0,0.0022,0.0006,0.0006,0.0005
1,0.0090,0.0006,0.0006,0.0005
2,0.0072,0.0006,0.0006,0.0005
3,0.0058,0.0006,0.0006,0.0005
4,0.0046,0.0006,0.0006,0.0005
5,0.0037,0.0006,0.0006,0.0005
6,0.0030,0.0006,0.0006,0.0005
0,0.0030,0.0006,0.0006,0.0005
1,0.0067,0.0006,0.0006,0.0005
2,0.0053,0.0006,0.0006,0.0005
3,0.0043,0.0006,0.0006,0.0005
4,0.0034,0.0006,0.0006,0.0005
5,0.0027,0.0006,0.0006,0.0005
6,0.0022,0.0006,0.0006,0.0005
0,0.0022,0.0006,0.0006,0.0005
1,0.0077,0.0006,0.0006,0.0005
2,0.0062,0.0006,0.0006,0.0005
3,0.0049,0.0006,0.0006,0.0005
4,0.0040,0.0006,0.0006,0.0005
5,0.0032,0.0006,0.0006,0.0005
6,0.0025,0.0006,0.0006,0.0005
0,0.0025,0.0006,0.0006,0.0005
1,0.0082,0.0006,0.0006,0.0005
2,0.0065,0.0006,0.0006,0.0005
3,0.0052,0.0006,0.0006,0.0005
4,0.0042,0.0006,0.0006,0.0005
5,0.0033,0.0006,0.0006,0.0005
6,0.0027,0.0006,0.0006,0.0005
0,0.0027,0.0006,0.0006,0.0005
1,0.0123,0.0006,0.0006,0.0005
2,0.0098,0.0006,0.0006,0.0005
3,0.0078,0.0006,0.0006,0.0005
4,0.0063,0.0006,0.0006,0.0005
5,0.0050,0.0006,0.0006,0.0005
6,0.0040,0.0006,0.0006,0.0005
0,0.0040,0.0006,0.0006,0.0005
1,0.0139,0.0006,0.0006,0.0005
2,0.0111,0.0006,0.0006,0.0005
3,0.0089,0.0006,0.0006,0.0005
4,0.0071,0.0006,0.0006,0.0005
5,0.0057,0.0006,0.0006,0.0005
6,0.0045,0.0006,0.0006,0.0005
0,0.0045,0.0006,0.0006,0.0005
1,0.0123,0.0006,0.0006,0.0005
2,0.0099,0.0006,0.0006,0.0005
3,0.0079,0.0006,0.0006,0.0005
4,0.0063,0.0006,0.0006,0.0005
5,0.0050,0.0006,0.0006,0.0005
6,0.0040,0.0006,0.0006,0.0005
0,0.0040,0.0006,0.0006,0.0005
1,0.0137,0.0006,0.0006,0.0005
2,0.0110,0.0006,0.0006,0.0005
3,0.0088,0.0006,0.0006,0.0005
4,0.0070,0.0006,0.0006,0.0005
5,0.0056,0.0006,0.0006,0.0005
6,0.0045,0.0006,0.0006,0.0005
0,0.0045,0.0006,0.0006,0.0005
1,0.0199,0.0006,0.0006,0.0005
2,0.0159,0.0006,0.0006,0.0005
3,0.0128,0.0006,0.0006,0.0005
4,0.0102,0.0006,0.0006,0.0005
5,0.0082,0.0006,0.0006,0.0005
6,0.0065,0.0006,0.0006,0.0005
0,0.0065,0.0006,0.0006,0.0005
1,0.0170,0.0006,0.0006,0.0005
2,0.0136,0.0006,0.0006,0.0005
3,0.0109,0.0006,0.0006,0.0005
4,0.0087,0.0006,0.0006,0.0005
5,0.0070,0.0006,0.0006,0.0005
6,0.0056,0.0006,0.0006,0.0005
0,0.0056,0.0006,0.0006,0.0005
1,0.0173,0.0006,0.0006,0.0005
2,0.0139,0.0006,0.0006,0.0005
3,0.0111,0.0006,0.0006,0.0005
4,0.0089,0.0006,0.0006,0.0005
5,0.0071,0.0006,0.0006,0.0005
6,0.0057,0.0006,0.0006,0.0005
0,0.0057,0.0006,0.0006,0.0005
1,0.0147,0.0006,0.0006,0.0005
2,0.0117,0.0006,0.0006,0.0005
3,0.0094,0.0006,0.0006,0.0005
4,0.0075,0.0006,0.0006,0.0005
5,0.0060,0.0006,0.0006,0.0005
6,0.0048,0.0006,0.0006,0.0005
0,0.0048,0.0006,0.0006,0.0005
1,0.0171,0.0006,0.0006,0.0005
2,0.0137,0.0006,0.0006,0.0005
3,0.0109,0.0006,0.0006,0.0005
4,0.0087,0.0006,0.0006,0.0005
5,0.0070,0.0006,0.0006,0.0005
6,0.0056,0.0006,0.0006,0.0005
0,0.0056,0.0006,0.0006,0.0005
1,0.0169,0.0006,0.0006,0.0005
2,0.0135,0.0006,0.0006,0.0005
3,0.0108,0.0006,0.0006,0.0005
4,0.0086,0.0006,0.0006,0.0005
5,0.0069,0.0006,0.0006,0.0005
6,0.0055,0.0006,0.0006,0.0005
0,0.0055,0.0006,0.0006,0.0005
1,0.0155,0.0006,0.0006,0.0005
2,0.0124,0.0006,0.0006,0.0005
3,0.0099,0.0006,0.0006,0.0005
4,0.0080,0.0006,0.0006,0.0005
5,0.0064,0.0006,0.0006,0.0005
6,0.0051,0.0006,0.0006,0.0005
0,0.0051,0.0006,0.0006,0.0005
1,0.0048,0.0006,0.0006,0.0005
2,0.0038,0.0006,0.0006,0.0005
3,0.0031,0.0006,0.0006,0.0005
4,0.0025,0.0006,0.0006,0.0005
5,0.0020,0.0006,0.0006,0.0005
6,0.0016,0.0006,0.0006,0.0005
0,0.0016,0.0006,0.0006,0.0005
1,0.0027,0.0006,0.0006,0.0005
2,0.0022,0.0006,0.0006,0.0005
3,0.0017,0.0006,0.0006,0.0005
4,0.0014,0.0006,0.0006,0.0005
5,0.0011,0.0006,0.0006,0.0005
6,0.0009,0.0006,0.0006,0.0005
0,0.0009,0.0006,0.0006,0.0005
1,0.0056,0.0006,0.0006,0.0005
2,0.0045,0.0006,0.0006,0.0005
3,0.0036,0.0006,0.0006,0.0005
4,0.0029,0.0006,0.0006,0.0005
5,0.0023,0.0006,0.0006,0.0005
6,0.0018,0.0006,0.0006,0.0005
0,0.0018,0.0006,0.0006,0.0005
1,0.0041,0.0006,0.0006,0.0005
2,0.0033,0.0006,0.0006,0.0005
3,0.0026,0.0006,0.0006,0.0005
4,0.0021,0.0006,0.0006,0.0005
5,0.0017,0.0006,0.0006,0.0005
6,0.0014,0.0006,0.0006,0.0005
0,0.0014,0.0006,0.0006,0.0005
1,0.0056,0.0006,0.0006,0.0005
2,0.0045,0.0006,0.0006,0.0005
3,0.0036,0.0006,0.0006,0.0005
4,0.0029,0.0006,0.0006,0.0005
5,0.0023,0.0006,0.0006,0.0005
6,0.0018,0.0006,0.0006,0.0005
0,0.0018,0.0006,0.0006,0.0005
1,0.0070,0.0006,0.0006,0.0005
2,0.0056,0.0006,0.0006,0.0005
3,0.0045,0.0006,0.0006,0.0005
4,0.0036,0.0006,0.0006,0.0005
5,0.0029,0.0006,0.0006,0.0005
6,0.0023,0.0006,0.0006,0.0005
0,0.0023,0.0006,0.0006,0.0005
1,0.0089,0.0006,0.0006,0.0005
2,0.0071,0.0006,0.0006,0.0005
3,0.0057,0.0006,0.0006,0.0005
4,0.0045,0.0006,0.0006,0.0005
5,0.0036,0.0006,0.0006,0.0005
6,0.0029,0.0006,0.0006,0.0005
0,0.0029,0.0006,0.0006,0.0005
1,0.0100,0.0006,0.0006,0.0005
2,0.0080,0.0006,0.0006,0.0005
3,0.0064,0.0006,0.0006,0.0005
4,0.0051,0.0006,0.0006,0.0005
5,0.0041,0.0006,0.0006,0.0005
6,0.0033,0.0006,0.0006,0.0005
0,0.0033,0.0006,0.0006,0.0005
1,0.0101,0.0006,0.0006,0.0005
2,0.0081,0.0006,0.0006,0.0005
3,0.0065,0.0006,0.0006,0.0005
4,0.0052,0.0006,0.0006,0.0005
5,0.0041,0.0006,0.0006,0.0005
6,0.0033,0.0006,0.0006,0.0005
0,0.0033,0.0006,0.0006,0.0005
1,0.0082,0.0006,0.0006,0.0005
2,0.0066,0.0006,0.0006,0.0005
3,0.0052,0.0006,0.0006,0.0005
4,0.0042,0.0006,0.0006,0.0005
5,0.0034,0.0006,0.0006,0.0005
6,0.0027,0.0006,0.0006,0.0005
0,0.0027,0.0006,0.0006,0.0005
1,0.0065,0.0006,0.0006,0.0005
2,0.0052,0.0006,0.0006,0.0005
3,0.0042,0.0006,0.0006,0.0005
4,0.0033,0.0006,0.0006,0.0005
5,0.0027,0.0006,0.0006,0.0005
6,0.0021,0.0006,0.0006,0.0005
0,0.0021,0.0006,0.0006,0.0005
1,0.0104,0.0006,0.0006,0.0005
2,0.0083,0.0006,0.0006,0.0005
3,0.0067,0.0006,0.0006,0.0005
4,0.0053,0.0006,0.0006,0.0005
5,0.0043,0.0006,0.0006,0.0005
6,0.0034,0.0006,0.0006,0.0005
0,0.0034,0.0006,0.0006,0.0005
1,0.0033,0.0006,0.0006,0.0005
2,0.0026,0.0006,0.0006,0.0005
3,0.0021,0.0006,0.0006,0.0005
4,0.0017,0.0006,0.0006,0.0005
5,0.0013,0.0006,0.0006,0.0005
6,0.0011,0.0006,0.0006,0.0005
0,0.0011,0.0006,0.0006,0.0005
1,0.0038,0.0006,0.0006,0.0005
2,0.0030,0.0006,0.0006,0.0005
3,0.0024,0.0006,0.0006,0.0005
4,0.0020,0.0006,0.0006,0.0005
5,0.0016,0.0006,0.0006,0.0005
6,0.0012,0.0006,0.0006,0.0005
0,0.0012,0.0006,0.0006,0.0005
1,0.0055,0.0006,0.0006,0.0005
2,0.0044,0.0006,0.0006,0.0005
3,0.0035,0.0006,0.0006,0.0005
4,0.0028,0.0006,0.0006,0.0005
5,0.0022,0.0006,0.0006,0.0005
6,0.0018,0.0006,0.0006,0.0005
0,0.0018,0.0006,0.0006,0.0005
1,0.0041,0.0006,0.0006,0.0005
2,0.0033,0.0006,0.0006,0.0005
3,0.0026,0.0006,0.0006,0.0005
4,0.0021,0.0006,0.0006,0.0005
5,0.0017,0.0006,0.0006,0.0005
6,0.0013,0.0006,0.0006,0.0005
0,0.0013,0.0006,0.0006,0.0005
1,0.0049,0.0006,0.0006,0.0005
2,0.0039,0.0006,0.0006,0.0005
3,0.0031,0.0006,0.0006,0.0005
4,0.0025,0.0006,0.0006,0.0005
5,0.0020,0.0006,0.0006,0.0005
6,0.0016,0.0006,0.0006,0.0005
0,0.0016,0.0006,0.0006,0.0005
1,0.0064,0.0006,0.0006,0.0005
2,0.0052,0.0006,0.0006,0.0005
3,0.0041,0.0006,0.0006,0.0005
4,0.0033,0.0006,0.0006,0.0005
5,0.0026,0.0006,0.0006,0.0005
6,0.0021,0.0006,0.0006,0.0005
0,0.0021,0.0006,0.0006,0.0005
1,0.0066,0.0006,0.0006,0.0005
2,0.0053,0.0006,0.0006,0.0005
3,0.0042,0.0006,0.0006,0.0005
4,0.0034,0.0006,0.0006,0.0005
5,0.0027,0.0006,0.0006,0.0005
6,0.0022,0.0006,0.0006,0.0005
0,0.0022,0.0006,0.0006,0.0005
1,0.0102,0.0006,0.0006,0.0005
2,0.0081,0.0006,0.0006,0.0005
3,0.0065,0.0006,0.0006,0.0005
4,0.0052,0.0006,0.0006,0.0005
5,0.0042,0.0006,0.0006,0.0005
6,0.0033,0.0006,0.0006,0.0005
0,0.0033,0.0006,0.0006,0.0005
1,0.0032,0.0006,0.0006,0.0005
2,0.0026,0.0006,0.0006,0.0005
3,0.0020,0.0006,0.0006,0.0005
4,0.0016,0.0006,0.0006,0.0005
5,0.0013,0.0006,0.0006,0.0005
6,0.0010,0.0006,0.0006,0.0005
0,0.0010,0.0006,0.0006,0.0005
1,0.0036,0.0006,0.0006,0.0005
2,0.0029,0.0006,0.0006,0.0005
3,0.0023,0.0006,0.0006,0.0005
4,0.0018,0.0006,0.0006,0.0005
5,0.0015,0.0006,0.0006,0.0005
6,0.0012,0.0006,0.0006,0.0005
0,0.0012,0.0006,0.0006,0.0005
1,0.0042,0.0006,0.0006,0.0005
2,0.0034,0.0006,0.0006,0.0005
3,0.0027,0.0006,0.0006,0.0005
4,0.0022,0.0006,0.0006,0.0005
5,0.0017,0.0006,0.0006,0.0005
6,0.0014,0.0006,0.0006,0.0005
0,0.0014,0.0006,0.0006,0.0005
1,0.0046,0.0006,0.0006,0.0005
2,0.0037,0.0006,0.0006,0.0005
3,0.0029,0.0006,0.0006,0.0005
4,0.0024,0.0006,0.0006,0.0005
5,0.0019,0.0006,0.0006,0.0005
6,0.0015,0.0006,0.0006,0.0005
0,0.0015,0.0006,0.0006,0.0005
1,0.0050,0.0006,0.0006,0.0005
2,0.0040,0.0006,0.0006,0.0005
3,0.0032,0.0006,0.0006,0.0005
4,0.0026,0.0006,0.0006,0.0005
5,0.0021,0.0006,0.0006,0.0005
6,0.0016,0.0006,0.0006,0.0005
0,0.0016,0.0006,0.0006,0.0005
1,0.0070,0.0006,0.0006,0.0005
2,0.0056,0.0006,0.0006,0.0005
3,0.0045,0.0006,0.0006,0.0005
4,0.0036,0.0006,0.0006,0.0005
5,0.0029,0.0006,0.0006,0.0005
6,0.0023,0.0006,0.0006,0.0005
0,0.0023,0.0006,0.0006,0.0005
1,0.0056,0.0006,0.0006,0.0005
2,0.0045,0.0006,0.0006,0.0005
3,0.0036,0.0006,0.0006,0.0005
4,0.0029,0.0006,0.0006,0.0005
5,0.0023,0.0006,0.0006,0.0005
6,0.0019,0.0006,0.0006,0.0005
0,0.0019,0.0006,0.0006,0.0005
1,0.0090,0.0006,0.0006,0.0005
2,0.0072,0.0006,0.0006,0.0005
3,0.0058,0.0006,0.0006,0.0005
4,0.0046,0.0006,0.0006,0.0005
5,0.0037,0.0006,0.0006,0.0005
6,0.0030,0.0006,0.0006,0.0005
0,0.0030,0.0006,0.0006,0.0005
1,0.0079,0.0006,0.0006,0.0005
2,0.0063,0.0006,0.0006,0.0005
3,0.0051,0.0006,0.0006,0.0005
4,0.0040,0.0006,0.0006,0.0005
5,0.0032,0.0006,0.0006,0.0005
6,0.0026,0.0006,0.0006,0.0005
0,0.0026,0.0006,0.0006,0.0005
1,0.0032,0.0006,0.0006,0.0005
2,0.0025,0.0006,0.0006,0.0005
3,0.0020,0.0006,0.0006,0.0005
4,0.0016,0.0006,0.0006,0.0005
5,0.0013,0.0006,0.0006,0.0005
6,0.0010,0.0006,0.0006,0.0005
0,0.0010,0.0006,0.0006,0.0005
1,0.0011,0.0006,0.0006,0.0005
2,0.0009,0.0006,0.0006,0.0005
3,0.0007,0.0006,0.0006,0.0005
4,0.0006,0.0006,0.0006,0.0005
5,0.0006,0.0005,0.0006,0.0005
6,0.0006,0.0005,0.0005,0.0005
0,0.0006,0.0005,0.0005,0.0005
1,0.0009,0.0005,0.0005,0.0005
2,0.0008,0.0005,0.0005,0.0005
3,0.0006,0.0005,0.0005,0.0005
4,0.0005,0.0005,0.0005,0.0005
5,0.0005,0.0005,0.0005,0.0004
6,0.0004,0.0005,0.0005,0.0004
0,0.0004,0.0005,0.0005,0.0004
1,0.0004,0.0040,0.0005,0.0004
2,0.0004,0.0032,0.0005,0.0004
3,0.0004,0.0026,0.0005,0.0004
4,0.0004,0.0021,0.0005,0.0004
5,0.0004,0.0017,0.0005,0.0004
6,0.0004,0.0013,0.0005,0.0004
0,0.0004,0.0013,0.0005,0.0004
1,0.0004,0.0025,0.0005,0.0004
2,0.0004,0.0020,0.0005,0.0004
3,0.0004,0.0016,0.0005,0.0004
4,0.0004,0.0013,0.0005,0.0004
5,0.0004,0.0010,0.0005,0.0004
6,0.0004,0.0008,0.0005,0.0004
0,0.0004,0.0008,0.0005,0.0004
1,0.0004,0.0029,0.0005,0.0004
2,0.0004,0.0023,0.0005,0.0004
3,0.0004,0.0018,0.0005,0.0004
4,0.0004,0.0015,0.0005,0.0004
5,0.0004,0.0012,0.0005,0.0004
6,0.0004,0.0009,0.0005,0.0004
0,0.0004,0.0009,0.0005,0.0004
1,0.0004,0.0036,0.0005,0.0004
2,0.0004,0.0029,0.0005,0.0004
3,0.0004,0.0023,0.0005,0.0004
4,0.0004,0.0018,0.0005,0.0004
5,0.0004,0.0015,0.0005,0.0004
6,0.0004,0.0012,0.0005,0.0004
0,0.0004,0.0012,0.0005,0.0004
1,0.0004,0.0064,0.0005,0.0004
2,0.0004,0.0052,0.0005,0.0004
3,0.0004,0.0041,0.0005,0.0004
4,0.0004,0.0033,0.0005,0.0004
5,0.0004,0.0026,0.0005,0.0004
6,0.0004,0.0021,0.0005,0.0004
0,0.0004,0.0021,0.0005,0.0004
1,0.0004,0.0035,0.0005,0.0004
2,0.0004,0.0028,0.0005,0.0004
3,0.0004,0.0022,0.0005,0.0004
4,0.0004,0.0018,0.0005,0.0004
5,0.0004,0.0014,0.0005,0.0004
6,0.0004,0.0011,0.0005,0.0004
0,0.0004,0.0011,0.0005,0.0004
1,0.0004,0.0017,0.0005,0.0004
2,0.0004,0.0014,0.0005,0.0004
3,0.0004,0.0011,0.0005,0.0004
4,0.0004,0.0009,0.0005,0.0004
5,0.0004,0.0007,0.0005,0.0004
6,0.0004,0.0006,0.0005,0.0004
0,0.0004,0.0006,0.0005,0.0004
1,0.0004,0.0069,0.0005,0.0004
2,0.0004,0.0056,0.0005,0.0004
3,0.0004,0.0044,0.0005,0.0004
4,0.0004,0.0036,0.0005,0.0004
5,0.0004,0.0028,0.0005,0.0004
6,0.0004,0.0023,0.0005,0.0004
0,0.0004,0.0023,0.0005,0.0004
1,0.0004,0.0074,0.0005,0.0004
2,0.0004,0.0059,0.0005,0.0004
3,0.0004,0.0047,0.0005,0.0004
4,0.0004,0.0038,0.0005,0.0004
5,0.0004,0.0030,0.0005,0.0004
6,0.0004,0.0024,0.0005,0.0004
0,0.0004,0.0024,0.0005,0.0004
1,0.0004,0.0042,0.0005,0.0004
2,0.0004,0.0033,0.0005,0.0004
3,0.0004,0.0027,0.0005,0.0004
4,0.0004,0.0021,0.0005,0.0004
5,0.0004,0.0017,0.0005,0.0004
6,0.0004,0.0014,0.0005,0.0004
0,0.0004,0.0014,0.0005,0.0004
1,0.0004,0.0095,0.0005,0.0004
2,0.0004,0.0076,0.0005,0.0004
3,0.0004,0.0061,0.0005,0.0004
4,0.0004,0.0049,0.0005,0.0004
5,0.0004,0.0039,0.0005,0.0004
6,0.0004,0.0031,0.0005,0.0004
0,0.0004,0.0031,0.0005,0.0004
1,0.0004,0.0103,0.0005,0.0004
2,0.0004,0.0083,0.0005,0.0004
3,0.0004,0.0066,0.0005,0.0004
4,0.0004,0.0053,0.0005,0.0004
5,0.0004,0.0042,0.0005,0.0004
6,0.0004,0.0034,0.0005,0.0004
0,0.0004,0.0034,0.0005,0.0004
1,0.0004,0.0147,0.0005,0.0004
2,0.0004,0.0117,0.0005,0.0004
3,0.0004,0.0094,0.0005,0.0004
4,0.0004,0.0075,0.0005,0.0004
5,0.0004,0.0060,0.0005,0.0004
6,0.0004,0.0048,0.0005,0.0004
0,0.0004,0.0048,0.0005,0.0004
1,0.0004,0.0102,0.0005,0.0004
2,0.0004,0.0081,0.0005,0.0004
3,0.0004,0.0065,0.0005,0.0004
4,0.0004,0.0052,0.0005,0.0004
5,0.0004,0.0042,0.0005,0.0004
6,0.0004,0.0033,0.0005,0.0004
0,0.0004,0.0033,0.0005,0.0004
1,0.0004,0.0132,0.0005,0.0004
2,0.0004,0.0106,0.0005,0.0004
3,0.0004,0.0085,0.0005,0.0004
4,0.0004,0.0068,0.0005,0.0004
5,0.0004,0.0054,0.0005,0.0004
6,0.0004,0.0043,0.0005,0.0004
0,0.0004,0.0043,0.0005,0.0004
1,0.0004,0.0073,0.0005,0.0004
2,0.0004,0.0058,0.0005,0.0004
3,0.0004,0.0047,0.0005,0.0004
4,0.0004,0.0037,0.0005,0.0004
5,0.0004,0.0030,0.0005,0.0004
6,0.0004,0.0024,0.0005,0.0004
0,0.0004,0.0024,0.0005,0.0004
1,0.0004,0.0069,0.0005,0.0004
2,0.0004,0.0055,0.0005,0.0004
3,0.0004,0.0044,0.0005,0.0004
4,0.0004,0.0035,0.0005,0.0004
5,0.0004,0.0028,0.0005,0.0004
6,0.0004,0.0023,0.0005,0.0004
0,0.0004,0.0023,0.0005,0.0004
1,0.0004,0.0056,0.0005,0.0004
2,0.0004,0.0045,0.0005,0.0004
3,0.0004,0.0036,0.0005,0.0004
4,0.0004,0.0029,0.0005,0.0004
5,0.0004,0.0023,0.0005,0.0004
6,0.0004,0.0018,0.0005,0.0004
0,0.0004,0.0018,0.0005,0.0004
1,0.0004,0.0090,0.0005,0.0004
2,0.0004,0.0072,0.0005,0.0004
3,0.0004,0.0058,0.0005,0.0004
4,0.0004,0.0046,0.0005,0.0004
5,0.0004,0.0037,0.0005,0.0004
6,0.0004,0.0030,0.0005,0.0004
0,0.0004,0.0030,0.0005,0.0004
1,0.0004,0.0112,0.0005,0.0004
2,0.0004,0.0090,0.0005,0.0004
3,0.0004,0.0072,0.0005,0.0004
4,0.0004,0.0057,0.0005,0.0004
5,0.0004,0.0046,0.0005,0.0004
6,0.0004,0.0037,0.0005,0.0004
0,0.0004,0.0037,0.0005,0.0004
1,0.0004,0.0100,0.0005,0.0004
2,0.0004,0.0080,0.0005,0.0004
3,0.0004,0.0064,0.0005,0.0004
4,0.0004,0.0051,0.0005,0.0004
5,0.0004,0.0041,0.0005,0.0004
6,0.0004,0.0033,0.0005,0.0004
0,0.0004,0.0033,0.0005,0.0004
1,0.0004,0.0066,0.0005,0.0004
2,0.0004,0.0053,0.0005,0.0004
3,0.0004,0.0042,0.0005,0.0004
4,0.0004,0.0034,0.0005,0.0004
5,0.0004,0.0027,0.0005,0.0004
6,0.0004,0.0022,0.0005,0.0004
0,0.0004,0.0022,0.0005,0.0004
1,0.0004,0.0066,0.0005,0.0004
2,0.0004,0.0053,0.0005,0.0004
3,0.0004,0.0042,0.0005,0.0004
4,0.0004,0.0034,0.0005,0.0004
5,0.0004,0.0027,0.0005,0.0004
6,0.0004,0.0022,0.0005,0.0004
0,0.0004,0.0022,0.0005,0.0004
1,0.0004,0.0065,0.0005,0.0004
2,0.0004,0.0052,0.0005,0.0004
3,0.0004,0.0042,0.0005,0.0004
4,0.0004,0.0033,0.0005,0.0004
5,0.0004,0.0027,0.0005,0.0004
6,0.0004,0.0021,0.0005,0.0004
0,0.0004,0.0021,0.0005,0.0004
1,0.0004,0.0092,0.0005,0.0004
2,0.0004,0.0074,0.0005,0.0004
3,0.0004,0.0059,0.0005,0.0004
4,0.0004,0.0047,0.0005,0.0004
5,0.0004,0.0038,0.0005,0.0004
6,0.0004,0.0030,0.0005,0.0004
0,0.0004,0.0030,0.0005,0.0004
1,0.0004,0.0157,0.0005,0.0004
2,0.0004,0.0126,0.0005,0.0004
3,0.0004,0.0101,0.0005,0.0004
4,0.0004,0.0081,0.0005,0.0004
5,0.0004,0.0064,0.0005,0.0004
6,0.0004,0.0052,0.0005,0.0004
0,0.0004,0.0052,0.0005,0.0004
1,0.0004,0.0149,0.0005,0.0004
2,0.0004,0.0119,0.0005,0.0004
3,0.0004,0.0095,0.0005,0.0004
4,0.0004,0.0076,0.0005,0.0004
5,0.0004,0.0061,0.0005,0.0004
6,0.0004,0.0049,0.0005,0.0004
0,0.0004,0.0049,0.0005,0.0004
1,0.0004,0.0155,0.0005,0.0004
2,0.0004,0.0124,0.0005,0.0004
3,0.0004,0.0099,0.0005,0.0004
4,0.0004,0.0080,0.0005,0.0004
5,0.0004,0.0064,0.0005,0.0004
6,0.0004,0.0051,0.0005,0.0004
0,0.0004,0.0051,0.0005,0.0004
1,0.0004,0.0165,0.0005,0.0004
2,0.0004,0.0132,0.0005,0.0004
3,0.0004,0.0106,0.0005,0.0004
4,0.0004,0.0084,0.0005,0.0004
5,0.0004,0.0068,0.0005,0.0004
6,0.0004,0.0054,0.0005,0.0004
0,0.0004,0.0054,0.0005,0.0004
1,0.0004,0.0139,0.0005,0.0004
2,0.0004,0.0111,0.0005,0.0004
3,0.0004,0.0089,0.0005,0.0004
4,0.0004,0.0071,0.0005,0.0004
5,0.0004,0.0057,0.0005,0.0004
6,0.0004,0.0045,0.0005,0.0004
0,0.0004,0.0045,0.0005,0.0004
1,0.0004,0.0103,0.0005,0.0004
2,0.0004,0.0082,0.0005,0.0004
3,0.0004,0.0066,0.0005,0.0004
4,0.0004,0.0053,0.0005,0.0004
5,0.0004,0.0042,0.0005,0.0004
6,0.0004,0.0034,0.0005,0.0004
0,0.0004,0.0034,0.0005,0.0004
1,0.0004,0.0155,0.0005,0.0004
2,0.0004,0.0124,0.0005,0.0004
3,0.0004,0.0099,0.0005,0.0004
4,0.0004,0.0079,0.0005,0.0004
5,0.0004,0.0063,0.0005,0.0004
6,0.0004,0.0051,0.0005,0.0004
0,0.0004,0.0051,0.0005,0.0004
1,0.0004,0.0091,0.0005,0.0004
2,0.0004,0.0073,0.0005,0.0004
3,0.0004,0.0058,0.0005,0.0004
4,0.0004,0.0047,0.0005,0.0004
5,0.0004,0.0037,0.0005,0.0004
6,0.0004,0.0030,0.0005,0.0004
0,0.0004,0.0030,0.0005,0.0004
1,0.0004,0.0125,0.0005,0.0004
2,0.0004,0.0100,0.0005,0.0004
3,0.0004,0.0080,0.0005,0.0004
4,0.0004,0.0064,0.0005,0.0004
5,0.0004,0.0051,0.0005,0.0004
6,0.0004,0.0041,0.0005,0.0004
0,0.0004,0.0041,0.0005,0.0004
1,0.0004,0.0110,0.0005,0.0004
2,0.0004,0.0088,0.0005,0.0004
3,0.0004,0.0070,0.0005,0.0004
4,0.0004,0.0056,0.0005,0.0004
5,0.0004,0.0045,0.0005,0.0004
6,0.0004,0.0036,0.0005,0.0004
0,0.0004,0.0036,0.0005,0.0004
1,0.0004,0.0128,0.0005,0.0004
2,0.0004,0.0102,0.0005,0.0004
3,0.0004,0.0082,0.0005,0.0004
4,0.0004,0.0065,0.0005,0.0004
5,0.0004,0.0052,0.0005,0.0004
6,0.0004,0.0042,0.0005,0.0004
0,0.0004,0.0042,0.0005,0.0004
1,0.0004,0.0188,0.0005,0.0004
2,0.0004,0.0151,0.0005,0.0004
3,0.0004,0.0120,0.0005,0.0004
4,0.0004,0.0096,0.0005,0.0004
5,0.0004,0.0077,0.0005,0.0004
6,0.0004,0.0062,0.0005,0.0004
0,0.0004,0.0062,0.0005,0.0004
1,0.0004,0.0208,0.0005,0.0004
2,0.0004,0.0166,0.0005,0.0004
3,0.0004,0.0133,0.0005,0.0004
4,0.0004,0.0106,0.0005,0.0004
5,0.0004,0.0085,0.0005,0.0004
6,0.0004,0.0068,0.0005,0.0004
0,0.0004,0.0068,0.0005,0.0004
1,0.0004,0.0153,0.0005,0.0004
2,0.0004,0.0122,0.0005,0.0004
3,0.0004,0.0098,0.0005,0.0004
4,0.0004,0.0078,0.0005,0.0004
5,0.0004,0.0063,0.0005,0.0004
6,0.0004,0.0050,0.0005,0.0004
0,0.0004,0.0050,0.0005,0.0004
1,0.0004,0.0160,0.0005,0.0004
2,0.0004,0.0128,0.0005,0.0004
3,0.0004,0.0102,0.0005,0.0004
4,0.0004,0.0082,0.0005,0.0004
5,0.0004,0.0066,0.0005,0.0004
6,0.0004,0.0052,0.0005,0.0004
0,0.0004,0.0052,0.0005,0.0004
1,0.0004,0.0127,0.0005,0.0004
2,0.0004,0.0101,0.0005,0.0004
3,0.0004,0.0081,0.0005,0.0004
4,0.0004,0.0065,0.0005,0.0004
5,0.0004,0.0052,0.0005,0.0004
6,0.0004,0.0042,0.0005,0.0004
0,0.0004,0.0042,0.0005,0.0004
1,0.0004,0.0184,0.0005,0.0004
2,0.0004,0.0147,0.0005,0.0004
3,0.0004,0.0118,0.0005,0.0004
4,0.0004,0.0094,0.0005,0.0004
5,0.0004,0.0075,0.0005,0.0004
6,0.0004,0.0060,0.0005,0.0004
0,0.0004,0.0060,0.0005,0.0004
1,0.0004,0.0227,0.0005,0.0004
2,0.0004,0.0182,0.0005,0.0004
3,0.0004,0.0145,0.0005,0.0004
4,0.0004,0.0116,0.0005,0.0004
5,0.0004,0.0093,0.0005,0.0004
6,0.0004,0.0074,0.0005,0.0004
0,0.0004,0.0074,0.0005,0.0004
1,0.0004,0.0156,0.0005,0.0004
2,0.0004,0.0124,0.0005,0.0004
3,0.0004,0.0100,0.0005,0.0004
4,0.0004,0.0080,0.0005,0.0004
5,0.0004,0.0064,0.0005,0.0004
6,0.0004,0.0051,0.0005,0.0004
0,0.0004,0.0051,0.0005,0.0004
1,0.0004,0.0162,0.0005,0.0004
2,0.0004,0.0130,0.0005,0.0004
3,0.0004,0.0104,0.0005,0.0004
4,0.0004,0.0083,0.0005,0.0004
5,0.0004,0.0066,0.0005,0.0004
6,0.0004,0.0053,0.0005,0.0004
0,0.0004,0.0053,0.0005,0.0004
1,0.0004,0.0183,0.0005,0.0004
2,0.0004,0.0147,0.0005,0.0004
3,0.0004,0.0117,0.0005,0.0004
4,0.0004,0.0094,0.0005,0.0004
5,0.0004,0.0075,0.0005,0.0004
6,0.0004,0.0060,0.0005,0.0004
0,0.0004,0.0060,0.0005,0.0004
1,0.0004,0.0054,0.0005,0.0004
2,0.0004,0.0043,0.0005,0.0004
3,0.0004,0.0035,0.0005,0.0004
4,0.0004,0.0028,0.0005,0.0004
5,0.0004,0.0022,0.0005,0.0004
6,0.0004,0.0018,0.0005,0.0004
0,0.0004,0.0018,0.0005,0.0004
1,0.0004,0.0046,0.0005,0.0004
2,0.0004,0.0037,0.0005,0.0004
3,0.0004,0.0030,0.0005,0.0004
4,0.0004,0.0024,0.0005,0.0004
5,0.0004,0.0019,0.0005,0.0004
6,0.0004,0.0015,0.0005,0.0004
0,0.0004,0.0015,0.0005,0.0004
1,0.0004,0.0018,0.0005,0.0004
2,0.0004,0.0014,0.0005,0.0004
3,0.0004,0.0012,0.0005,0.0004
4,0.0004,0.0009,0.0005,0.0004
5,0.0004,0.0007,0.0005,0.0004
6,0.0004,0.0006,0.0005,0.0004
0,0.0004,0.0006,0.0005,0.0004
1,0.0004,0.0041,0.0005,0.0004
2,0.0004,0.0033,0.0005,0.0004
3,0.0004,0.0027,0.0005,0.0004
4,0.0004,0.0021,0.0005,0.0004
5,0.0004,0.0017,0.0005,0.0004
6,0.0004,0.0014,0.0005,0.0004
0,0.0004,0.0014,0.0005,0.0004
1,0.0004,0.0020,0.0005,0.0004
2,0.0004,0.0016,0.0005,0.0004
3,0.0004,0.0013,0.0005,0.0004
4,0.0004,0.0010,0.0005,0.0004
5,0.0004,0.0008,0.0005,0.0004
6,0.0004,0.0007,0.0005,0.0004
0,0.0004,0.0007,0.0005,0.0004
1,0.0004,0.0020,0.0005,0.0004
2,0.0004,0.0016,0.0005,0.0004
3,0.0004,0.0013,0.0005,0.0004
4,0.0004,0.0010,0.0005,0.0004
5,0.0004,0.0008,0.0005,0.0004
6,0.0004,0.0007,0.0005,0.0004
0,0.0004,0.0007,0.0005,0.0004
1,0.0004,0.0053,0.0005,0.0004
2,0.0004,0.0042,0.0005,0.0004
3,0.0004,0.0034,0.0005,0.0004
4,0.0004,0.0027,0.0005,0.0004
5,0.0004,0.0022,0.0005,0.0004
6,0.0004,0.0017,0.0005,0.0004
0,0.0004,0.0017,0.0005,0.0004
1,0.0004,0.0055,0.0005,0.0004
2,0.0004,0.0044,0.0005,0.0004
3,0.0004,0.0035,0.0005,0.0004
4,0.0004,0.0028,0.0005,0.0004
5,0.0004,0.0022,0.0005,0.0004
6,0.0004,0.0018,0.0005,0.0004
0,0.0004,0.0018,0.0005,0.0004
1,0.0004,0.0061,0.0005,0.0004
2,0.0004,0.0048,0.0005,0.0004
3,0.0004,0.0039,0.0005,0.0004
4,0.0004,0.0031,0.0005,0.0004
5,0.0004,0.0025,0.0005,0.0004
6,0.0004,0.0020,0.0005,0.0004
0,0.0004,0.0020,0.0005,0.0004
1,0.0004,0.0112,0.0005,0.0004
2,0.0004,0.0090,0.0005,0.0004
3,0.0004,0.0072,0.0005,0.0004
4,0.0004,0.0057,0.0005,0.0004
5,0.0004,0.0046,0.0005,0.0004
6,0.0004,0.0037,0.0005,0.0004
0,0.0004,0.0037,0.0005,0.0004
1,0.0004,0.0085,0.0005,0.0004
2,0.0004,0.0068,0.0005,0.0004
3,0.0004,0.0054,0.0005,0.0004
4,0.0004,0.0043,0.0005,0.0004
5,0.0004,0.0035,0.0005,0.0004
6,0.0004,0.0028,0.0005,0.0004
0,0.0004,0.0028,0.0005,0.0004
1,0.0004,0.0075,0.0005,0.0004
2,0.0004,0.0060,0.0005,0.0004
3,0.0004,0.0048,0.0005,0.0004
4,0.0004,0.0038,0.0005,0.0004
5,0.0004,0.0031,0.0005,0.0004
6,0.0004,0.0025,0.0005,0.0004
0,0.0004,0.0025,0.0005,0.0004
1,0.0004,0.0103,0.0005,0.0004
2,0.0004,0.0083,0.0005,0.0004
3,0.0004,0.0066,0.0005,0.0004
4,0.0004,0.0053,0.0005,0.0004
5,0.0004,0.0042,0.0005,0.0004
6,0.0004,0.0034,0.0005,0.0004
0,0.0004,0.0034,0.0005,0.0004
1,0.0004,0.0055,0.0005,0.0004
2,0.0004,0.0044,0.0005,0.0004
3,0.0004,0.0035,0.0005,0.0004
4,0.0004,0.0028,0.0005,0.0004
5,0.0004,0.0022,0.0005,0.0004
6,0.0004,0.0018,0.0005,0.0004
0,0.0004,0.0018,0.0005,0.0004
1,0.0004,0.0092,0.0005,0.0004
2,0.0004,0.0073,0.0005,0.0004
3,0.0004,0.0059,0.0005,0.0004
4,0.0004,0.0047,0.0005,0.0004
5,0.0004,0.0038,0.0005,0.0004
6,0.0004,0.0030,0.0005,0.0004
0,0.0004,0.0030,0.0005,0.0004
1,0.0004,0.0064,0.0005,0.0004
2,0.0004,0.0051,0.0005,0.0004
3,0.0004,0.0041,0.0005,0.0004
4,0.0004,0.0033,0.0005,0.0004
5,0.0004,0.0026,0.0005,0.0004
6,0.0004,0.0021,0.0005,0.0004
0,0.0004,0.0021,0.0005,0.0004
1,0.0004,0.0083,0.0005,0.0004
2,0.0004,0.0066,0.0005,0.0004
3,0.0004,0.0053,0.0005,0.0004
4,0.0004,0.0042,0.0005,0.0004
5,0.0004,0.0034,0.0005,0.0004
6,0.0004,0.0027,0.0005,0.0004
0,0.0004,0.0027,0.0005,0.0004
1,0.0004,0.0086,0.0005,0.0004
2,0.0004,0.0069,0.0005,0.0004
3,0.0004,0.0055,0.0005,0.0004
4,0.0004,0.0044,0.0005,0.0004
5,0.0004,0.0035,0.0005,0.0004
6,0.0004,0.0028,0.0005,0.0004
0,0.0004,0.0028,0.0005,0.0004
1,0.0004,0.0125,0.0005,0.0004
2,0.0004,0.0100,0.0005,0.0004
3,0.0004,0.0080,0.0005,0.0004
4,0.0004,0.0064,0.0005,0.0004
5,0.0004,0.0051,0.0005,0.0004
6,0.0004,0.0041,0.0005,0.0004
0,0.0004,0.0041,0.0005,0.0004
1,0.0004,0.0121,0.0005,0.0004
2,0.0004,0.0097,0.0005,0.0004
3,0.0004,0.0077,0.0005,0.0004
4,0.0004,0.0062,0.0005,0.0004
5,0.0004,0.0050,0.0005,0.0004
6,0.0004,0.0040,0.0005,0.0004
0,0.0004,0.0040,0.0005,0.0004
1,0.0004,0.0144,0.0005,0.0004
2,0.0004,0.0115,0.0005,0.0004
3,0.0004,0.0092,0.0005,0.0004
4,0.0004,0.0074,0.0005,0.0004
5,0.0004,0.0059,0.0005,0.0004
6,0.0004,0.0047,0.0005,0.0004
0,0.0004,0.0047,0.0005,0.0004
1,0.0004,0.0118,0.0005,0.0004
2,0.0004,0.0094,0.0005,0.0004
3,0.0004,0.0075,0.0005,0.0004
4,0.0004,0.0060,0.0005,0.0004
5,0.0004,0.0048,0.0005,0.0004
6,0.0004,0.0039,0.0005,0.0004
0,0.0004,0.0039,0.0005,0.0004
1,0.0004,0.0130,0.0005,0.0004
2,0.0004,0.0104,0.0005,0.0004
3,0.0004,0.0083,0.0005,0.0004
4,0.0004,0.0067,0.0005,0.0004
5,0.0004,0.0053,0.0005,0.0004
6,0.0004,0.0043,0.0005,0.0004
0,0.0004,0.0043,0.0005,0.0004
1,0.0004,0.0143,0.0005,0.0004
2,0.0004,0.0114,0.0005,0.0004
3,0.0004,0.0092,0.0005,0.0004
4,0.0004,0.0073,0.0005,0.0004
5,0.0004,0.0059,0.0005,0.0004
6,0.0004,0.0047,0.0005,0.0004
0,0.0004,0.0047,0.0005,0.0004
1,0.0004,0.0103,0.0005,0.0004
2,0.0004,0.0083,0.0005,0.0004
3,0.0004,0.0066,0.0005,0.0004
4,0.0004,0.0053,0.0005,0.0004
5,0.0004,0.0042,0.0005,0.0004
6,0.0004,0.0034,0.0005,0.0004
0,0.0004,0.0034,0.0005,0.0004
1,0.0004,0.0105,0.0005,0.0004
2,0.0004,0.0084,0.0005,0.0004
3,0.0004,0.0067,0.0005,0.0004
4,0.0004,0.0054,0.0005,0.0004
5,0.0004,0.0043,0.0005,0.0004
6,0.0004,0.0034,0.0005,0.0004
0,0.0004,0.0034,0.0005,0.0004
1,0.0004,0.0149,0.0005,0.0004
2,0.0004,0.0119,0.0005,0.0004
3,0.0004,0.0095,0.0005,0.0004
4,0.0004,0.0076,0.0005,0.0004
5,0.0004,0.0061,0.0005,0.0004
6,0.0004,0.0049,0.0005,0.0004
0,0.0004,0.0049,0.0005,0.0004
1,0.0004,0.0075,0.0005,0.0004
2,0.0004,0.0060,0.0005,0.0004
3,0.0004,0.0048,0.0005,0.0004
4,0.0004,0.0039,0.0005,0.0004
5,0.0004,0.0031,0.0005,0.0004
6,0.0004,0.0025,0.0005,0.0004
0,0.0004,0.0025,0.0005,0.0004
1,0.0004,0.0063,0.0005,0.0004
2,0.0004,0.0050,0.0005,0.0004
3,0.0004,0.0040,0.0005,0.0004
4,0.0004,0.0032,0.0005,0.0004
5,0.0004,0.0026,0.0005,0.0004
6,0.0004,0.0021,0.0005,0.0004
0,0.0004,0.0021,0.0005,0.0004
1,0.0004,0.0060,0.0005,0.0004
2,0.0004,0.0048,0.0005,0.0004
3,0.0004,0.0039,0.0005,0.0004
4,0.0004,0.0031,0.0005,0.0004
5,0.0004,0.0025,0.0005,0.0004
6,0.0004,0.0020,0.0005,0.0004
0,0.0004,0.0020,0.0005,0.0004
1,0.0004,0.0089,0.0005,0.0004
2,0.0004,0.0071,0.0005,0.0004
3,0.0004,0.0057,0.0005,0.0004
4,0.0004,0.0046,0.0005,0.0004
5,0.0004,0.0037,0.0005,0.0004
6,0.0004,0.0029,0.0005,0.0004
0,0.0004,0.0029,0.0005,0.0004
1,0.0004,0.0110,0.0005,0.0004
2,0.0004,0.0088,0.0005,0.0004
3,0.0004,0.0070,0.0005,0.0004
4,0.0004,0.0056,0.0005,0.0004
5,0.0004,0.0045,0.0005,0.0004
6,0.0004,0.0036,0.0005,0.0004
0,0.0004,0.0036,0.0005,0.0004
1,0.0004,0.0103,0.0005,0.0004
2,0.0004,0.0083,0.0005,0.0004
3,0.0004,0.0066,0.0005,0.0004
4,0.0004,0.0053,0.0005,0.0004
5,0.0004,0.0042,0.0005,0.0004
6,0.0004,0.0034,0.0005,0.0004
0,0.0004,0.0034,0.0005,0.0004
1,0.0004,0.0187,0.0005,0.0004
2,0.0004,0.0149,0.0005,0.0004
3,0.0004,0.0119,0.0005,0.0004
4,0.0004,0.0096,0.0005,0.0004
5,0.0004,0.0076,0.0005,0.0004
6,0.0004,0.0061,0.0005,0.0004
0,0.0004,0.0061,0.0005,0.0004
1,0.0004,0.0146,0.0005,0.0004
2,0.0004,0.0117,0.0005,0.0004
3,0.0004,0.0093,0.0005,0.0004
4,0.0004,0.0075,0.0005,0.0004
5,0.0004,0.0060,0.0005,0.0004
6,0.0004,0.0048,0.0005,0.0004
0,0.0004,0.0048,0.0005,0.0004
1,0.0004,0.0163,0.0005,0.0004
2,0.0004,0.0131,0.0005,0.0004
3,0.0004,0.0105,0.0005,0.0004
4,0.0004,0.0084,0.0005,0.0004
5,0.0004,0.0067,0.0005,0.0004
6,0.0004,0.0054,0.0005,0.0004
0,0.0004,0.0054,0.0005,0.0004
1,0.0004,0.0176,0.0005,0.0004
2,0.0004,0.0141,0.0005,0.0004
3,0.0004,0.0113,0.0005,0.0004
4,0.0004,0.0090,0.0005,0.0004
5,0.0004,0.0072,0.0005,0.0004
6,0.0004,0.0058,0.0005,0.0004
0,0.0004,0.0058,0.0005,0.0004
1,0.0004,0.0118,0.0005,0.0004
2,0.0004,0.0094,0.0005,0.0004
3,0.0004,0.0076,0.0005,0.0004
4,0.0004,0.0060,0.0005,0.0004
5,0.0004,0.0048,0.0005,0.0004
6,0.0004,0.0039,0.0005,0.0004
0,0.0004,0.0039,0.0005,0.0004
1,0.0004,0.0107,0.0005,0.0004
2,0.0004,0.0086,0.0005,0.0004
3,0.0004,0.0069,0.0005,0.0004
4,0.0004,0.0055,0.0005,0.0004
5,0.0004,0.0044,0.0005,0.0004
6,0.0004,0.0035,0.0005,0.0004
0,0.0004,0.0035,0.0005,0.0004
1,0.0004,0.0119,0.0005,0.0004
2,0.0004,0.0096,0.0005,0.0004
3,0.0004,0.0076,0.0005,0.0004
4,0.0004,0.0061,0.0005,0.0004
5,0.0004,0.0049,0.0005,0.0004
6,0.0004,0.0039,0.0005,0.0004
0,0.0004,0.0039,0.0005,0.0004
1,0.0004,0.0162,0.0005,0.0004
2,0.0004,0.0130,0.0005,0.0004
3,0.0004,0.0104,0.0005,0.0004
4,0.0004,0.0083,0.0005,0.0004
5,0.0004,0.0067,0.0005,0.0004
6,0.0004,0.0053,0.0005,0.0004
0,0.0004,0.0053,0.0005,0.0004
1,0.0004,0.0221,0.0005,0.0004
2,0.0004,0.0177,0.0005,0.0004
3,0.0004,0.0141,0.0005,0.0004
4,0.0004,0.0113,0.0005,0.0004
5,0.0004,0.0090,0.0005,0.0004
6,0.0004,0.0072,0.0005,0.0004
0,0.0004,0.0072,0.0005,0.0004
1,0.0004,0.0153,0.0005,0.0004
2,0.0004,0.0123,0.0005,0.0004
3,0.0004,0.0098,0.0005,0.0004
4,0.0004,0.0079,0.0005,0.0004
5,0.0004,0.0063,0.0005,0.0004
6,0.0004,0.0050,0.0005,0.0004
0,0.0004,0.0050,0.0005,0.0004
1,0.0004,0.0187,0.0005,0.0004
2,0.0004,0.0149,0.0005,0.0004
3,0.0004,0.0120,0.0005,0.0004
4,0.0004,0.0096,0.0005,0.0004
5,0.0004,0.0077,0.0005,0.0004
6,0.0004,0.0061,0.0005,0.0004
0,0.0004,0.0061,0.0005,0.0004
1,0.0004,0.0165,0.0005,0.0004
2,0.0004,0.0132,0.0005,0.0004
3,0.0004,0.0105,0.0005,0.0004
4,0.0004,0.0084,0.0005,0.0004
5,0.0004,0.0067,0.0005,0.0004
6,0.0004,0.0054,0.0005,0.0004
0,0.0004,0.0054,0.0005,0.0004
1,0.0004,0.0125,0.0005,0.0004
2,0.0004,0.0100,0.0005,0.0004
3,0.0004,0.0080,0.0005,0.0004
4,0.0004,0.0064,0.0005,0.0004
5,0.0004,0.0051,0.0005,0.0004
6,0.0004,0.0041,0.0005,0.0004
0,0.0004,0.0041,0.0005,0.0004
1,0.0004,0.0141,0.0005,0.0004
2,0.0004,0.0113,0.0005,0.0004
3,0.0004,0.0090,0.0005,0.0004
4,0.0004,0.0072,0.0005,0.0004
5,0.0004,0.0058,0.0005,0.0004
6,0.0004,0.0046,0.0005,0.0004
0,0.0004,0.0046,0.0005,0.0004
1,0.0004,0.0038,0.0005,0.0004
2,0.0004,0.0030,0.0005,0.0004
3,0.0004,0.0024,0.0005,0.0004
4,0.0004,0.0019,0.0005,0.0004
5,0.0004,0.0015,0.0005,0.0004
6,0.0004,0.0012,0.0005,0.0004
0,0.0004,0.0012,0.0005,0.0004
1,0.0004,0.0023,0.0005,0.0004
2,0.0004,0.0018,0.0005,0.0004
3,0.0004,0.0015,0.0005,0.0004
4,0.0004,0.0012,0.0005,0.0004
5,0.0004,0.0009,0.0005,0.0004
6,0.0004,0.0007,0.0005,0.0004
0,0.0004,0.0007,0.0005,0.0004
1,0.0004,0.0017,0.0005,0.0004
2,0.0004,0.0013,0.0005,0.0004
3,0.0004,0.0011,0.0005,0.0004
4,0.0004,0.0009,0.0005,0.0004
5,0.0004,0.0007,0.0005,0.0004
6,0.0004,0.0005,0.0005,0.0004
0,0.0004,0.0005,0.0005,0.0004
1,0.0004,0.0061,0.0005,0.0004
2,0.0004,0.0049,0.0005,0.0004
3,0.0004,0.0039,0.0005,0.0004
4,0.0004,0.0031,0.0005,0.0004
5,0.0004,0.0025,0.0005,0.0004
6,0.0004,0.0020,0.0005,0.0004
0,0.0004,0.0020,0.0005,0.0004
1,0.0004,0.0113,0.0005,0.0004
2,0.0004,0.0091,0.0005,0.0004
3,0.0004,0.0073,0.0005,0.0004
4,0.0004,0.0058,0.0005,0.0004
5,0.0004,0.0046,0.0005,0.0004
6,0.0004,0.0037,0.0005,0.0004
0,0.0004,0.0037,0.0005,0.0004
1,0.0004,0.0058,0.0005,0.0004
2,0.0004,0.0047,0.0005,0.0004
3,0.0004,0.0037,0.0005,0.0004
4,0.0004,0.0030,0.0005,0.0004
5,0.0004,0.0024,0.0005,0.0004
6,0.0004,0.0019,0.0005,0.0004
0,0.0004,0.0019,0.0005,0.0004
1,0.0004,0.0036,0.0005,0.0004
2,0.0004,0.0029,0.0005,0.0004
3,0.0004,0.0023,0.0005,0.0004
4,0.0004,0.0019,0.0005,0.0004
5,0.0004,0.0015,0.0005,0.0004
6,0.0004,0.0012,0.0005,0.0004
0,0.0004,0.0012,0.0005,0.0004
1,0.0004,0.0036,0.0005,0.0004
2,0.0004,0.0029,0.0005,0.0004
3,0.0004,0.0023,0.0005,0.0004
4,0.0004,0.0019,0.0005,0.0004
5,0.0004,0.0015,0.0005,0.0004
6,0.0004,0.0012,0.0005,0.0004
0,0.0004,0.0012,0.0005,0.0004
1,0.0004,0.0038,0.0005,0.0004
2,0.0004,0.0031,0.0005,0.0004
3,0.0004,0.0024,0.0005,0.0004
4,0.0004,0.0020,0.0005,0.0004
5,0.0004,0.0016,0.0005,0.0004
6,0.0004,0.0013,0.0005,0.0004
0,0.0004,0.0013,0.0005,0.0004
1,0.0004,0.0034,0.0005,0.0004
2,0.0004,0.0027,0.0005,0.0004
3,0.0004,0.0022,0.0005,0.0004
4,0.0004,0.0017,0.0005,0.0004
5,0.0004,0.0014,0.0005,0.0004
6,0.0004,0.0011,0.0005,0.0004
0,0.0004,0.0011,0.0005,0.0004
1,0.0004,0.0060,0.0005,0.0004
2,0.0004,0.0048,0.0005,0.0004
3,0.0004,0.0038,0.0005,0.0004
4,0.0004,0.0031,0.0005,0.0004
5,0.0004,0.0025,0.0005,0.0004
6,0.0004,0.0020,0.0005,0.0004
0,0.0004,0.0020,0.0005,0.0004
1,0.0004,0.0059,0.0005,0.0004
2,0.0004,0.0048,0.0005,0.0004
3,0.0004,0.0038,0.0005,0.0004
4,0.0004,0.0030,0.0005,0.0004
5,0.0004,0.0024,0.0005,0.0004
6,0.0004,0.0019,0.0005,0.0004
0,0.0004,0.0019,0.0005,0.0004
1,0.0004,0.0065,0.0005,0.0004
2,0.0004,0.0052,0.0005,0.0004
3,0.0004,0.0042,0.0005,0.0004
4,0.0004,0.0033,0.0005,0.0004
5,0.0004,0.0027,0.0005,0.0004
6,0.0004,0.0021,0.0005,0.0004
0,0.0004,0.0021,0.0005,0.0004
1,0.0004,0.0057,0.0005,0.0004
2,0.0004,0.0046,0.0005,0.0004
3,0.0004,0.0037,0.0005,0.0004
4,0.0004,0.0029,0.0005,0.0004
5,0.0004,0.0024,0.0005,0.0004
6,0.0004,0.0019,0.0005,0.0004
0,0.0004,0.0019,0.0005,0.0004
1,0.0004,0.0095,0.0005,0.0004
2,0.0004,0.0076,0.0005,0.0004
3,0.0004,0.0061,0.0005,0.0004
4,0.0004,0.0049,0.0005,0.0004
5,0.0004,0.0039,0.0005,0.0004
6,0.0004,0.0031,0.0005,0.0004
0,0.0004,0.0031,0.0005,0.0004
1,0.0004,0.0066,0.0005,0.0004
2,0.0004,0.0053,0.0005,0.0004
3,0.0004,0.0042,0.0005,0.0004
4,0.0004,0.0034,0.0005,0.0004
5,0.0004,0.0027,0.0005,0.0004
6,0.0004,0.0022,0.0005,0.0004
0,0.0004,0.0022,0.0005,0.0004
1,0.0004,0.0079,0.0005,0.0004
2,0.0004,0.0063,0.0005,0.0004
3,0.0004,0.0050,0.0005,0.0004
4,0.0004,0.0040,0.0005,0.0004
5,0.0004,0.0032,0.0005,0.0004
6,0.0004,0.0026,0.0005,0.0004
0,0.0004,0.0026,0.0005,0.0004
1,0.0004,0.0083,0.0005,0.0004
2,0.0004,0.0066,0.0005,0.0004
3,0.0004,0.0053,0.0005,0.0004
4,0.0004,0.0043,0.0005,0.0004
5,0.0004,0.0034,0.0005,0.0004
6,0.0004,0.0027,0.0005,0.0004
0,0.0004,0.0027,0.0005,0.0004
1,0.0004,0.0127,0.0005,0.0004
2,0.0004,0.0102,0.0005,0.0004
3,0.0004,0.0081,0.0005,0.0004
4,0.0004,0.0065,0.0005,0.0004
5,0.0004,0.0052,0.0005,0.0004
6,0.0004,0.0042,0.0005,0.0004
0,0.0004,0.0042,0.0005,0.0004
1,0.0004,0.0115,0.0005,0.0004
2,0.0004,0.0092,0.0005,0.0004
3,0.0004,0.0073,0.0005,0.0004
4,0.0004,0.0059,0.0005,0.0004
5,0.0004,0.0047,0.0005,0.0004
6,0.0004,0.0038,0.0005,0.0004
0,0.0004,0.0038,0.0005,0.0004
1,0.0004,0.0123,0.0005,0.0004
2,0.0004,0.0098,0.0005,0.0004
3,0.0004,0.0079,0.0005,0.0004
4,0.0004,0.0063,0.0005,0.0004
5,0.0004,0.0050,0.0005,0.0004
6,0.0004,0.0040,0.0005,0.0004
0,0.0004,0.0040,0.0005,0.0004
1,0.0004,0.0085,0.0005,0.0004
2,0.0004,0.0068,0.0005,0.0004
3,0.0004,0.0055,0.0005,0.0004
4,0.0004,0.0044,0.0005,0.0004
5,0.0004,0.0035,0.0005,0.0004
6,0.0004,0.0028,0.0005,0.0004
0,0.0004,0.0028,0.0005,0.0004
1,0.0004,0.0127,0.0005,0.0004
2,0.0004,0.0102,0.0005,0.0004
3,0.0004,0.0081,0.0005,0.0004
4,0.0004,0.0065,0.0005,0.0004
5,0.0004,0.0052,0.0005,0.0004
6,0.0004,0.0042,0.0005,0.0004
0,0.0004,0.0042,0.0005,0.0004
1,0.0004,0.0082,0.0005,0.0004
2,0.0004,0.0066,0.0005,0.0004
3,0.0004,0.0053,0.0005,0.0004
4,0.0004,0.0042,0.0005,0.0004
5,0.0004,0.0034,0.0005,0.0004
6,0.0004,0.0027,0.0005,0.0004
0,0.0004,0.0027,0.0005,0.0004
1,0.0004,0.0118,0.0005,0.0004
2,0.0004,0.0094,0.0005,0.0004
3,0.0004,0.0075,0.0005,0.0004
4,0.0004,0.0060,0.0005,0.0004
5,0.0004,0.0048,0.0005,0.0004
6,0.0004,0.0039,0.0005,0.0004
0,0.0004,0.0039,0.0005,0.0004
1,0.0004,0.0116,0.0005,0.0004
2,0.0004,0.0093,0.0005,0.0004
3,0.0004,0.0074,0.0005,0.0004
4,0.0004,0.0059,0.0005,0.0004
5,0.0004,0.0048,0.0005,0.0004
6,0.0004,0.0038,0.0005,0.0004
0,0.0004,0.0038,0.0005,0.0004
1,0.0004,0.0097,0.0005,0.0004
2,0.0004,0.0078,0.0005,0.0004
3,0.0004,0.0062,0.0005,0.0004
4,0.0004,0.0050,0.0005,0.0004
5,0.0004,0.0040,0.0005,0.0004
6,0.0004,0.0032,0.0005,0.0004
0,0.0004,0.0032,0.0005,0.0004
1,0.0004,0.0089,0.0005,0.0004
2,0.0004,0.0071,0.0005,0.0004
3,0.0004,0.0057,0.0005,0.0004
4,0.0004,0.0045,0.0005,0.0004
5,0.0004,0.0036,0.0005,0.0004
6,0.0004,0.0029,0.0005,0.0004
0,0.0004,0.0029,0.0005,0.0004
1,0.0004,0.0128,0.0005,0.0004
2,0.0004,0.0103,0.0005,0.0004
3,0.0004,0.0082,0.0005,0.0004
4,0.0004,0.0066,0.0005,0.0004
5,0.0004,0.0052,0.0005,0.0004
6,0.0004,0.0042,0.0005,0.0004
0,0.0004,0.0042,0.0005,0.0004
1,0.0004,0.0133,0.0005,0.0004
2,0.0004,0.0106,0.0005,0.0004
3,0.0004,0.0085,0.0005,0.0004
4,0.0004,0.0068,0.0005,0.0004
5,0.0004,0.0054,0.0005,0.0004
6,0.0004,0.0043,0.0005,0.0004
0,0.0004,0.0043,0.0005,0.0004
1,0.0004,0.0182,0.0005,0.0004
2,0.0004,0.0146,0.0005,0.0004
3,0.0004,0.0117,0.0005,0.0004
4,0.0004,0.0093,0.0005,0.0004
5,0.0004,0.0075,0.0005,0.0004
6,0.0004,0.0060,0.0005,0.0004
0,0.0004,0.0060,0.0005,0.0004
1,0.0004,0.0160,0.0005,0.0004
2,0.0004,0.0128,0.0005,0.0004
3,0.0004,0.0103,0.0005,0.0004
4,0.0004,0.0082,0.0005,0.0004
5,0.0004,0.0066,0.0005,0.0004
6,0.0004,0.0052,0.0005,0.0004
0,0.0004,0.0052,0.0005,0.0004
1,0.0004,0.0200,0.0005,0.0004
2,0.0004,0.0160,0.0005,0.0004
3,0.0004,0.0128,0.0005,0.0004
4,0.0004,0.0102,0.0005,0.0004
5,0.0004,0.0082,0.0005,0.0004
6,0.0004,0.0066,0.0005,0.0004
0,0.0004,0.0066,0.0005,0.0004
1,0.0004,0.0201,0.0005,0.0004
2,0.0004,0.0161,0.0005,0.0004
3,0.0004,0.0129,0.0005,0.0004
4,0.0004,0.0103,0.0005,0.0004
5,0.0004,0.0082,0.0005,0.0004
6,0.0004,0.0066,0.0005,0.0004
0,0.0004,0.0066,0.0005,0.0004
1,0.0004,0.0169,0.0005,0.0004
2,0.0004,0.0136,0.0005,0.0004
3,0.0004,0.0108,0.0005,0.0004
4,0.0004,0.0087,0.0005,0.0004
5,0.0004,0.0069,0.0005,0.0004
6,0.0004,0.0056,0.0005,0.0004
0,0.0004,0.0056,0.0005,0.0004
1,0.0004,0.0163,0.0005,0.0004
2,0.0004,0.0131,0.0005,0.0004
3,0.0004,0.0104,0.0005,0.0004
4,0.0004,0.0084,0.0005,0.0004
5,0.0004,0.0067,0.0005,0.0004
6,0.0004,0.0053,0.0005,0.0004
0,0.0004,0.0053,0.0005,0.0004
1,0.0004,0.0120,0.0005,0.0004
2,0.0004,0.0096,0.0005,0.0004
3,0.0004,0.0077,0.0005,0.0004
4,0.0004,0.0061,0.0005,0.0004
5,0.0004,0.0049,0.0005,0.0004
6,0.0004,0.0039,0.0005,0.0004
0,0.0004,0.0039,0.0005,0.0004
1,0.0004,0.0115,0.0005,0.0004
2,0.0004,0.0092,0.0005,0.0004
3,0.0004,0.0073,0.0005,0.0004
4,0.0004,0.0059,0.0005,0.0004
5,0.0004,0.0047,0.0005,0.0004
6,0.0004,0.0038,0.0005,0.0004
0,0.0004,0.0038,0.0005,0.0004
1,0.0004,0.0149,0.0005,0.0004
2,0.0004,0.0119,0.0005,0.0004
3,0.0004,0.0096,0.0005,0.0004
4,0.0004,0.0076,0.0005,0.0004
5,0.0004,0.0061,0.0005,0.0004
6,0.0004,0.0049,0.0005,0.0004
0,0.0004,0.0049,0.0005,0.0004
1,0.0004,0.0152,0.0005,0.0004
2,0.0004,0.0122,0.0005,0.0004
3,0.0004,0.0097,0.0005,0.0004
4,0.0004,0.0078,0.0005,0.0004
5,0.0004,0.0062,0.0005,0.0004
6,0.0004,0.0050,0.0005,0.0004
0,0.0004,0.0050,0.0005,0.0004
1,0.0004,0.0234,0.0005,0.0004
2,0.0004,0.0187,0.0005,0.0004
3,0.0004,0.0149,0.0005,0.0004
4,0.0004,0.0120,0.0005,0.0004
5,0.0004,0.0096,0.0005,0.0004
6,0.0004,0.0077,0.0005,0.0004
0,0.0004,0.0077,0.0005,0.0004
1,0.0004,0.0147,0.0005,0.0004
2,0.0004,0.0117,0.0005,0.0004
3,0.0004,0.0094,0.0005,0.0004
4,0.0004,0.0075,0.0005,0.0004
5,0.0004,0.0060,0.0005,0.0004
6,0.0004,0.0048,0.0005,0.0004
0,0.0004,0.0048,0.0005,0.0004
1,0.0004,0.0182,0.0005,0.0004
2,0.0004,0.0146,0.0005,0.0004
3,0.0004,0.0117,0.0005,0.0004
4,0.0004,0.0093,0.0005,0.0004
5,0.0004,0.0075,0.0005,0.0004
6,0.0004,0.0060,0.0005,0.0004
0,0.0004,0.0060,0.0005,0.0004
1,0.0004,0.0159,0.0005,0.0004
2,0.0004,0.0127,0.0005,0.0004
3,0.0004,0.0102,0.0005,0.0004
4,0.0004,0.0081,0.0005,0.0004
5,0.0004,0.0065,0.0005,0.0004
6,0.0004,0.0052,0.0005,0.0004
0,0.0004,0.0052,0.0005,0.0004
1,0.0004,0.0139,0.0005,0.0004
2,0.0004,0.0111,0.0005,0.0004
3,0.0004,0.0089,0.0005,0.0004
4,0.0004,0.0071,0.0005,0.0004
5,0.0004,0.0057,0.0005,0.0004
6,0.0004,0.0045,0.0005,0.0004
0,0.0004,0.0045,0.0005,0.0004
1,0.0004,0.0177,0.0005,0.0004
2,0.0004,0.0141,0.0005,0.0004
3,0.0004,0.0113,0.0005,0.0004
4,0.0004,0.0090,0.0005,0.0004
5,0.0004,0.0072,0.0005,0.0004
6,0.0004,0.0058,0.0005,0.0004
0,0.0004,0.0058,0.0005,0.0004
1,0.0004,0.0158,0.0005,0.0004
2,0.0004,0.0126,0.0005,0.0004
3,0.0004,0.0101,0.0005,0.0004
4,0.0004,0.0081,0.0005,0.0004
5,0.0004,0.0065,0.0005,0.0004
6,0.0004,0.0052,0.0005,0.0004
0,0.0004,0.0052,0.0005,0.0004
1,0.0004,0.0043,0.0005,0.0004
2,0.0004,0.0034,0.0005,0.0004
3,0.0004,0.0027,0.0005,0.0004
4,0.0004,0.0022,0.0005,0.0004
5,0.0004,0.0017,0.0005,0.0004
6,0.0004,0.0014,0.0005,0.0004
0,0.0004,0.0014,0.0005,0.0004
1,0.0004,0.0019,0.0005,0.0004
2,0.0004,0.0015,0.0005,0.0004
3,0.0004,0.0012,0.0005,0.0004
4,0.0004,0.0010,0.0005,0.0004
5,0.0004,0.0008,0.0005,0.0004
6,0.0004,0.0006,0.0005,0.0004
0,0.0004,0.0006,0.0005,0.0004
1,0.0004,0.0007,0.0005,0.0004
2,0.0004,0.0006,0.0005,0.0004
3,0.0004,0.0005,0.0005,0.0004
4,0.0004,0.0005,0.0004,0.0004
5,0.0004,0.0004,0.0004,0.0004
6,0.0004,0.0004,0.0004,0.0003
0,0.0004,0.0004,0.0004,0.0003
1,0.0024,0.0004,0.0004,0.0003
2,0.0019,0.0004,0.0004,0.0003
3,0.0015,0.0004,0.0004,0.0003
4,0.0012,0.0004,0.0004,0.0003
5,0.0010,0.0004,0.0004,0.0003
6,0.0008,0.0004,0.0004,0.0003
0,0.0008,0.0004,0.0004,0.0003
1,0.0062,0.0004,0.0004,0.0003
2,0.0050,0.0004,0.0004,0.0003
3,0.0040,0.0004,0.0004,0.0003
4,0.0032,0.0004,0.0004,0.0003
5,0.0026,0.0004,0.0004,0.0003
6,0.0020,0.0004,0.0004,0.0003
0,0.0020,0.0004,0.0004,0.0003
1,0.0069,0.0004,0.0004,0.0003
2,0.0055,0.0004,0.0004,0.0003
3,0.0044,0.0004,0.0004,0.0003
4,0.0035,0.0004,0.0004,0.0003
5,0.0028,0.0004,0.0004,0.0003
6,0.0023,0.0004,0.0004,0.0003
0,0.0023,0.0004,0.0004,0.0003
1,0.0050,0.0004,0.0004,0.0003
2,0.0040,0.0004,0.0004,0.0003
3,0.0032,0.0004,0.0004,0.0003
4,0.0026,0.0004,0.0004,0.0003
5,0.0020,0.0004,0.0004,0.0003
6,0.0016,0.0004,0.0004,0.0003
0,0.0016,0.0004,0.0004,0.0003
1,0.0072,0.0004,0.0004,0.0003
2,0.0058,0.0004,0.0004,0.0003
3,0.0046,0.0004,0.0004,0.0003
4,0.0037,0.0004,0.0004,0.0003
5,0.0030,0.0004,0.0004,0.0003
6,0.0024,0.0004,0.0004,0.0003
0,0.0024,0.0004,0.0004,0.0003
1,0.0062,0.0004,0.0004,0.0003
2,0.0050,0.0004,0.0004,0.0003
3,0.0040,0.0004,0.0004,0.0003
4,0.0032,0.0004,0.0004,0.0003
5,0.0026,0.0004,0.0004,0.0003
6,0.0020,0.0004,0.0004,0.0003
0,0.0020,0.0004,0.0004,0.0003
1,0.0018,0.0004,0.0004,0.0003
2,0.0014,0.0004,0.0004,0.0003
3,0.0012,0.0004,0.0004,0.0003
4,0.0009,0.0004,0.0004,0.0003
5,0.0007,0.0004,0.0004,0.0003
6,0.0006,0.0004,0.0004,0.0003
0,0.0006,0.0004,0.0004,0.0003
1,0.0072,0.0004,0.0004,0.0003
2,0.0057,0.0004,0.0004,0.0003
3,0.0046,0.0004,0.0004,0.0003
4,0.0037,0.0004,0.0004,0.0003
5,0.0029,0.0004,0.0004,0.0003
6,0.0024,0.0004,0.0004,0.0003
0,0.0024,0.0004,0.0004,0.0003
1,0.0064,0.0004,0.0004,0.0003
2,0.0051,0.0004,0.0004,0.0003
3,0.0041,0.0004,0.0004,0.0003
4,0.0033,0.0004,0.0004,0.0003
5,0.0026,0.0004,0.0004,0.0003
6,0.0021,0.0004,0.0004,0.0003
0,0.0021,0.0004,0.0004,0.0003
1,0.0064,0.0004,0.0004,0.0003
2,0.0051,0.0004,0.0004,0.0003
3,0.0041,0.0004,0.0004,0.0003
4,0.0033,0.0004,0.0004,0.0003
5,0.0026,0.0004,0.0004,0.0003
6,0.0021,0.0004,0.0004,0.0003
0,0.0021,0.0004,0.0004,0.0003
1,0.0057,0.0004,0.0004,0.0003
2,0.0045,0.0004,0.0004,0.0003
3,0.0036,0.0004,0.0004,0.0003
4,0.0029,0.0004,0.0004,0.0003
5,0.0023,0.0004,0.0004,0.0003
6,0.0019,0.0004,0.0004,0.0003
0,0.0019,0.0004,0.0004,0.0003
1,0.0086,0.0004,0.0004,0.0003
2,0.0069,0.0004,0.0004,0.0003
3,0.0055,0.0004,0.0004,0.0003
4,0.0044,0.0004,0.0004,0.0003
5,0.0035,0.0004,0.0004,0.0003
6,0.0028,0.0004,0.0004,0.0003
0,0.0028,0.0004,0.0004,0.0003
1,0.0087,0.0004,0.0004,0.0003
2,0.0070,0.0004,0.0004,0.0003
3,0.0056,0.0004,0.0004,0.0003
4,0.0045,0.0004,0.0004,0.0003
5,0.0036,0.0004,0.0004,0.0003
6,0.0029,0.0004,0.0004,0.0003
0,0.0029,0.0004,0.0004,0.0003
1,0.0084,0.0004,0.0004,0.0003
2,0.0067,0.0004,0.0004,0.0003
3,0.0054,0.0004,0.0004,0.0003
4,0.0043,0.0004,0.0004,0.0003
5,0.0035,0.0004,0.0004,0.0003
6,0.0028,0.0004,0.0004,0.0003
0,0.0028,0.0004,0.0004,0.0003
1,0.0050,0.0004,0.0004,0.0003
2,0.0040,0.0004,0.0004,0.0003
3,0.0032,0.0004,0.0004,0.0003
4,0.0025,0.0004,0.0004,0.0003
5,0.0020,0.0004,0.0004,0.0003
6,0.0016,0.0004,0.0004,0.0003
0,0.0016,0.0004,0.0004,0.0003
1,0.0018,0.0004,0.0004,0.0003
2,0.0015,0.0004,0.0004,0.0003
3,0.0012,0.0004,0.0004,0.0003
4,0.0009,0.0004,0.0004,0.0003
5,0.0008,0.0004,0.0004,0.0003
6,0.0006,0.0004,0.0004,0.0003
0,0.0006,0.0004,0.0004,0.0003
1,0.0035,0.0004,0.0004,0.0003
2,0.0028,0.0004,0.0004,0.0003
3,0.0022,0.0004,0.0004,0.0003
4,0.0018,0.0004,0.0004,0.0003
5,0.0014,0.0004,0.0004,0.0003
6,0.0011,0.0004,0.0004,0.0003
0,0.0011,0.0004,0.0004,0.0003
1,0.0036,0.0004,0.0004,0.0003
2,0.0029,0.0004,0.0004,0.0003
3,0.0023,0.0004,0.0004,0.0003
4,0.0019,0.0004,0.0004,0.0003
5,0.0015,0.0004,0.0004,0.0003
6,0.0012,0.0004,0.0004,0.0003
0,0.0012,0.0004,0.0004,0.0003
1,0.0053,0.0004,0.0004,0.0003
2,0.0043,0.0004,0.0004,0.0003
3,0.0034,0.0004,0.0004,0.0003
4,0.0027,0.0004,0.0004,0.0003
5,0.0022,0.0004,0.0004,0.0003
6,0.0018,0.0004,0.0004,0.0003
0,0.0018,0.0004,0.0004,0.0003
1,0.0071,0.0004,0.0004,0.0003
2,0.0057,0.0004,0.0004,0.0003
3,0.0046,0.0004,0.0004,0.0003
4,0.0036,0.0004,0.0004,0.0003
5,0.0029,0.0004,0.0004,0.0003
6,0.0023,0.0004,0.0004,0.0003
0,0.0023,0.0004,0.0004,0.0003
1,0.0095,0.0004,0.0004,0.0003
2,0.0076,0.0004,0.0004,0.0003
3,0.0061,0.0004,0.0004,0.0003
4,0.0048,0.0004,0.0004,0.0003
5,0.0039,0.0004,0.0004,0.0003
6,0.0031,0.0004,0.0004,0.0003
0,0.0031,0.0004,0.0004,0.0003
1,0.0069,0.0004,0.0004,0.0003
2,0.0055,0.0004,0.0004,0.0003
3,0.0044,0.0004,0.0004,0.0003
4,0.0035,0.0004,0.0004,0.0003
5,0.0028,0.0004,0.0004,0.0003
6,0.0023,0.0004,0.0004,0.0003
0,0.0023,0.0004,0.0004,0.0003
1,0.0099,0.0004,0.0004,0.0003
2,0.0079,0.0004,0.0004,0.0003
3,0.0063,0.0004,0.0004,0.0003
4,0.0050,0.0004,0.0004,0.0003
5,0.0040,0.0004,0.0004,0.0003
6,0.0032,0.0004,0.0004,0.0003
0,0.0032,0.0004,0.0004,0.0003
1,0.0046,0.0004,0.0004,0.0003
2,0.0037,0.0004,0.0004,0.0003
3,0.0029,0.0004,0.0004,0.0003
4,0.0024,0.0004,0.0004,0.0003
5,0.0019,0.0004,0.0004,0.0003
6,0.0015,0.0004,0.0004,0.0003
0,0.0015,0.0004,0.0004,0.0003
1,0.0038,0.0004,0.0004,0.0003
2,0.0030,0.0004,0.0004,0.0003
3,0.0024,0.0004,0.0004,0.0003
4,0.0019,0.0004,0.0004,0.0003
5,0.0015,0.0004,0.0004,0.0003
6,0.0012,0.0004,0.0004,0.0003
0,0.0012,0.0004,0.0004,0.0003
1,0.0051,0.0004,0.0004,0.0003
2,0.0041,0.0004,0.0004,0.0003
3,0.0033,0.0004,0.0004,0.0003
4,0.0026,0.0004,0.0004,0.0003
5,0.0021,0.0004,0.0004,0.0003
6,0.0017,0.0004,0.0004,0.0003
0,0.0017,0.0004,0.0004,0.0003
1,0.0040,0.0004,0.0004,0.0003
2,0.0032,0.0004,0.0004,0.0003
3,0.0025,0.0004,0.0004,0.0003
4,0.0020,0.0004,0.0004,0.0003
5,0.0016,0.0004,0.0004,0.0003
6,0.0013,0.0004,0.0004,0.0003
0,0.0013,0.0004,0.0004,0.0003
1,0.0029,0.0004,0.0004,0.0003
2,0.0023,0.0004,0.0004,0.0003
3,0.0019,0.0004,0.0004,0.0003
4,0.0015,0.0004,0.0004,0.0003
5,0.0012,0.0004,0.0004,0.0003
6,0.0010,0.0004,0.0004,0.0003
0,0.0010,0.0004,0.0004,0.0003
1,0.0045,0.0004,0.0004,0.0003
2,0.0036,0.0004,0.0004,0.0003
3,0.0029,0.0004,0.0004,0.0003
4,0.0023,0.0004,0.0004,0.0003
5,0.0019,0.0004,0.0004,0.0003
6,0.0015,0.0004,0.0004,0.0003
0,0.0015,0.0004,0.0004,0.0003
1,0.0076,0.0004,0.0004,0.0003
2,0.0061,0.0004,0.0004,0.0003
3,0.0049,0.0004,0.0004,0.0003
4,0.0039,0.0004,0.0004,0.0003
5,0.0031,0.0004,0.0004,0.0003
6,0.0025,0.0004,0.0004,0.0003
0,0.0025,0.0004,0.0004,0.0003
1,0.0081,0.0004,0.0004,0.0003
2,0.0065,0.0004,0.0004,0.0003
3,0.0052,0.0004,0.0004,0.0003
4,0.0041,0.0004,0.0004,0.0003
5,0.0033,0.0004,0.0004,0.0003
6,0.0026,0.0004,0.0004,0.0003
0,0.0026,0.0004,0.0004,0.0003
1,0.0090,0.0004,0.0004,0.0003
2,0.0072,0.0004,0.0004,0.0003
3,0.0058,0.0004,0.0004,0.0003
4,0.0046,0.0004,0.0004,0.0003
5,0.0037,0.0004,0.0004,0.0003
6,0.0030,0.0004,0.0004,0.0003
0,0.0030,0.0004,0.0004,0.0003
1,0.0048,0.0004,0.0004,0.0003
2,0.0038,0.0004,0.0004,0.0003
3,0.0031,0.0004,0.0004,0.0003
4,0.0024,0.0004,0.0004,0.0003
5,0.0020,0.0004,0.0004,0.0003
6,0.0016,0.0004,0.0004,0.0003
0,0.0016,0.0004,0.0004,0.0003
1,0.0042,0.0004,0.0004,0.0003
2,0.0033,0.0004,0.0004,0.0003
3,0.0027,0.0004,0.0004,0.0003
4,0.0021,0.0004,0.0004,0.0003
5,0.0017,0.0004,0.0004,0.0003
6,0.0014,0.0004,0.0004,0.0003
0,0.0014,0.0004,0.0004,0.0003
1,0.0024,0.0004,0.0004,0.0003
2,0.0020,0.0004,0.0004,0.0003
3,0.0016,0.0004,0.0004,0.0003
4,0.0013,0.0004,0.0004,0.0003
5,0.0010,0.0004,0.0004,0.0003
6,0.0008,0.0004,0.0004,0.0003
0,0.0008,0.0004,0.0004,0.0003
1,0.0045,0.0004,0.0004,0.0003
2,0.0036,0.0004,0.0004,0.0003
3,0.0029,0.0004,0.0004,0.0003
4,0.0023,0.0004,0.0004,0.0003
5,0.0018,0.0004,0.0004,0.0003
6,0.0015,0.0004,0.0004,0.0003
0,0.0015,0.0004,0.0004,0.0003
1,0.0063,0.0004,0.0004,0.0003
2,0.0050,0.0004,0.0004,0.0003
3,0.0040,0.0004,0.0004,0.0003
4,0.0032,0.0004,0.0004,0.0003
5,0.0026,0.0004,0.0004,0.0003
6,0.0020,0.0004,0.0004,0.0003
0,0.0020,0.0004,0.0004,0.0003
1,0.0106,0.0004,0.0004,0.0003
2,0.0085,0.0004,0.0004,0.0003
3,0.0068,0.0004,0.0004,0.0003
4,0.0054,0.0004,0.0004,0.0003
5,0.0043,0.0004,0.0004,0.0003
6,0.0035,0.0004,0.0004,0.0003
0,0.0035,0.0004,0.0004,0.0003
1,0.0081,0.0004,0.0004,0.0003
2,0.0065,0.0004,0.0004,0.0003
3,0.0052,0.0004,0.0004,0.0003
4,0.0042,0.0004,0.0004,0.0003
5,0.0033,0.0004,0.0004,0.0003
6,0.0027,0.0004,0.0004,0.0003
0,0.0027,0.0004,0.0004,0.0003
1,0.0090,0.0004,0.0004,0.0003
2,0.0072,0.0004,0.0004,0.0003
3,0.0058,0.0004,0.0004,0.0003
4,0.0046,0.0004,0.0004,0.0003
5,0.0037,0.0004,0.0004,0.0003
6,0.0030,0.0004,0.0004,0.0003
0,0.0030,0.0004,0.0004,0.0003
1,0.0087,0.0004,0.0004,0.0003
2,0.0069,0.0004,0.0004,0.0003
3,0.0055,0.0004,0.0004,0.0003
4,0.0044,0.0004,0.0004,0.0003
5,0.0036,0.0004,0.0004,0.0003
6,0.0028,0.0004,0.0004,0.0003
0,0.0028,0.0004,0.0004,0.0003
1,0.0114,0.0004,0.0004,0.0003
2,0.0092,0.0004,0.0004,0.0003
3,0.0073,0.0004,0.0004,0.0003
4,0.0059,0.0004,0.0004,0.0003
5,0.0047,0.0004,0.0004,0.0003
6,0.0038,0.0004,0.0004,0.0003
0,0.0038,0.0004,0.0004,0.0003
1,0.0106,0.0004,0.0004,0.0003
2,0.0084,0.0004,0.0004,0.0003
3,0.0068,0.0004,0.0004,0.0003
4,0.0054,0.0004,0.0004,0.0003
5,0.0043,0.0004,0.0004,0.0003
6,0.0035,0.0004,0.0004,0.0003
0,0.0035,0.0004,0.0004,0.0003
1,0.0103,0.0004,0.0004,0.0003
2,0.0082,0.0004,0.0004,0.0003
3,0.0066,0.0004,0.0004,0.0003
4,0.0052,0.0004,0.0004,0.0003
5,0.0042,0.0004,0.0004,0.0003
6,0.0034,0.0004,0.0004,0.0003
0,0.0034,0.0004,0.0004,0.0003
1,0.0106,0.0004,0.0004,0.0003
2,0.0085,0.0004,0.0004,0.0003
3,0.0068,0.0004,0.0004,0.0003
4,0.0054,0.0004,0.0004,0.0003
5,0.0043,0.0004,0.0004,0.0003
6,0.0035,0.0004,0.0004,0.0003
0,0.0035,0.0004,0.0004,0.0003
1,0.0129,0.0004,0.0004,0.0003
2,0.0103,0.0004,0.0004,0.0003
3,0.0083,0.0004,0.0004,0.0003
4,0.0066,0.0004,0.0004,0.0003
5,0.0053,0.0004,0.0004,0.0003
6,0.0042,0.0004,0.0004,0.0003
0,0.0042,0.0004,0.0004,0.0003
1,0.0044,0.0004,0.0004,0.0003
2,0.0035,0.0004,0.0004,0.0003
3,0.0028,0.0004,0.0004,0.0003
4,0.0023,0.0004,0.0004,0.0003
5,0.0018,0.0004,0.0004,0.0003
6,0.0015,0.0004,0.0004,0.0003
0,0.0015,0.0004,0.0004,0.0003
1,0.0044,0.0004,0.0004,0.0003
2,0.0035,0.0004,0.0004,0.0003
3,0.0028,0.0004,0.0004,0.0003
4,0.0023,0.0004,0.0004,0.0003
5,0.0018,0.0004,0.0004,0.0003
6,0.0015,0.0004,0.0004,0.0003
0,0.0015,0.0004,0.0004,0.0003
1,0.0056,0.0004,0.0004,0.0003
2,0.0045,0.0004,0.0004,0.0003
3,0.0036,0.0004,0.0004,0.0003
4,0.0029,0.0004,0.0004,0.0003
5,0.0023,0.0004,0.0004,0.0003
6,0.0018,0.0004,0.0004,0.0003
0,0.0018,0.0004,0.0004,0.0003
1,0.0070,0.0004,0.0004,0.0003
2,0.0056,0.0004,0.0004,0.0003
3,0.0045,0.0004,0.0004,0.0003
4,0.0036,0.0004,0.0004,0.0003
5,0.0029,0.0004,0.0004,0.0003
6,0.0023,0.0004,0.0004,0.0003
0,0.0023,0.0004,0.0004,0.0003
1,0.0074,0.0004,0.0004,0.0003
2,0.0059,0.0004,0.0004,0.0003
3,0.0047,0.0004,0.0004,0.0003
4,0.0038,0.0004,0.0004,0.0003
5,0.0030,0.0004,0.0004,0.0003
6,0.0024,0.0004,0.0004,0.0003
0,0.0024,0.0004,0.0004,0.0003
1,0.0067,0.0004,0.0004,0.0003
2,0.0054,0.0004,0.0004,0.0003
3,0.0043,0.0004,0.0004,0.0003
4,0.0034,0.0004,0.0004,0.0003
5,0.0028,0.0004,0.0004,0.0003
6,0.0022,0.0004,0.0004,0.0003
0,0.0022,0.0004,0.0004,0.0003
1,0.0063,0.0004,0.0004,0.0003
2,0.0050,0.0004,0.0004,0.0003
3,0.0040,0.0004,0.0004,0.0003
4,0.0032,0.0004,0.0004,0.0003
5,0.0026,0.0004,0.0004,0.0003
6,0.0021,0.0004,0.0004,0.0003
0,0.0021,0.0004,0.0004,0.0003
1,0.0080,0.0004,0.0004,0.0003
2,0.0064,0.0004,0.0004,0.0003
3,0.0051,0.0004,0.0004,0.0003
4,0.0041,0.0004,0.0004,0.0003
5,0.0033,0.0004,0.0004,0.0003
6,0.0026,0.0004,0.0004,0.0003
0,0.0026,0.0004,0.0004,0.0003
1,0.0078,0.0004,0.0004,0.0003
2,0.0062,0.0004,0.0004,0.0003
3,0.0050,0.0004,0.0004,0.0003
4,0.0040,0.0004,0.0004,0.0003
5,0.0032,0.0004,0.0004,0.0003
6,0.0026,0.0004,0.0004,0.0003
0,0.0026,0.0004,0.0004,0.0003
1,0.0115,0.0004,0.0004,0.0003
2,0.0092,0.0004,0.0004,0.0003
3,0.0074,0.0004,0.0004,0.0003
4,0.0059,0.0004,0.0004,0.0003
5,0.0047,0.0004,0.0004,0.0003
6,0.0038,0.0004,0.0004,0.0003
0,0.0038,0.0004,0.0004,0.0003
1,0.0096,0.0004,0.0004,0.0003
2,0.0076,0.0004,0.0004,0.0003
3,0.0061,0.0004,0.0004,0.0003
4,0.0049,0.0004,0.0004,0.0003
5,0.0039,0.0004,0.0004,0.0003
6,0.0031,0.0004,0.0004,0.0003
0,0.0031,0.0004,0.0004,0.0003
1,0.0048,0.0004,0.0004,0.0003
2,0.0039,0.0004,0.0004,0.0003
3,0.0031,0.0004,0.0004,0.0003
4,0.0025,0.0004,0.0004,0.0003
5,0.0020,0.0004,0.0004,0.0003
6,0.0016,0.0004,0.0004,0.0003
0,0.0016,0.0004,0.0004,0.0003
1,0.0027,0.0004,0.0004,0.0003
2,0.0022,0.0004,0.0004,0.0003
3,0.0017,0.0004,0.0004,0.0003
4,0.0014,0.0004,0.0004,0.0003
5,0.0011,0.0004,0.0004,0.0003
6,0.0009,0.0004,0.0004,0.0003
0,0.0009,0.0004,0.0004,0.0003
1,0.0066,0.0004,0.0004,0.0003
2,0.0053,0.0004,0.0004,0.0003
3,0.0043,0.0004,0.0004,0.0003
4,0.0034,0.0004,0.0004,0.0003
5,0.0027,0.0004,0.0004,0.0003
6,0.0022,0.0004,0.0004,0.0003
0,0.0022,0.0004,0.0004,0.0003
1,0.0058,0.0004,0.0004,0.0003
2,0.0046,0.0004,0.0004,0.0003
3,0.0037,0.0004,0.0004,0.0003
4,0.0030,0.0004,0.0004,0.0003
5,0.0024,0.0004,0.0004,0.0003
6,0.0019,0.0004,0.0004,0.0003
0,0.0019,0.0004,0.0004,0.0003
1,0.0056,0.0004,0.0004,0.0003
2,0.0045,0.0004,0.0004,0.0003
3,0.0036,0.0004,0.0004,0.0003
4,0.0029,0.0004,0.0004,0.0003
5,0.0023,0.0004,0.0004,0.0003
6,0.0018,0.0004,0.0004,0.0003
0,0.0018,0.0004,0.0004,0.0003
1,0.0039,0.0004,0.0004,0.0003
2,0.0031,0.0004,0.0004,0.0003
3,0.0025,0.0004,0.0004,0.0003
4,0.0020,0.0004,0.0004,0.0003
5,0.0016,0.0004,0.0004,0.0003
6,0.0013,0.0004,0.0004,0.0003
0,0.0013,0.0004,0.0004,0.0003
1,0.0077,0.0004,0.0004,0.0003
2,0.0062,0.0004,0.0004,0.0003
3,0.0049,0.0004,0.0004,0.0003
4,0.0039,0.0004,0.0004,0.0003
5,0.0032,0.0004,0.0004,0.0003
6,0.0025,0.0004,0.0004,0.0003
0,0.0025,0.0004,0.0004,0.0003
1,0.0077,0.0004,0.0004,0.0003
2,0.0061,0.0004,0.0004,0.0003
3,0.0049,0.0004,0.0004,0.0003
4,0.0039,0.0004,0.0004,0.0003
5,0.0031,0.0004,0.0004,0.0003
6,0.0025,0.0004,0.0004,0.0003
0,0.0025,0.0004,0.0004,0.0003
1,0.0124,0.0004,0.0004,0.0003
2,0.0099,0.0004,0.0004,0.0003
3,0.0079,0.0004,0.0004,0.0003
4,0.0063,0.0004,0.0004,0.0003
5,0.0051,0.0004,0.0004,0.0003
6,0.0041,0.0004,0.0004,0.0003
0,0.0041,0.0004,0.0004,0.0003
1,0.0110,0.0004,0.0004,0.0003
2,0.0088,0.0004,0.0004,0.0003
3,0.0070,0.0004,0.0004,0.0003
4,0.0056,0.0004,0.0004,0.0003
5,0.0045,0.0004,0.0004,0.0003
6,0.0036,0.0004,0.0004,0.0003
0,0.0036,0.0004,0.0004,0.0003
1,0.0100,0.0004,0.0004,0.0003
2,0.0080,0.0004,0.0004,0.0003
3,0.0064,0.0004,0.0004,0.0003
4,0.0051,0.0004,0.0004,0.0003
5,0.0041,0.0004,0.0004,0.0003
6,0.0033,0.0004,0.0004,0.0003
0,0.0033,0.0004,0.0004,0.0003
1,0.0140,0.0004,0.0004,0.0003
2,0.0112,0.0004,0.0004,0.0003
3,0.0090,0.0004,0.0004,0.0003
4,0.0072,0.0004,0.0004,0.0003
5,0.0057,0.0004,0.0004,0.0003
6,0.0046,0.0004,0.0004,0.0003
0,0.0046,0.0004,0.0004,0.0003
1,0.0133,0.0004,0.0004,0.0003
2,0.0106,0.0004,0.0004,0.0003
3,0.0085,0.0004,0.0004,0.0003
4,0.0068,0.0004,0.0004,0.0003
5,0.0054,0.0004,0.0004,0.0003
6,0.0043,0.0004,0.0004,0.0003
0,0.0043,0.0004,0.0004,0.0003
1,0.0111,0.0004,0.0004,0.0003
2,0.0089,0.0004,0.0004,0.0003
3,0.0071,0.0004,0.0004,0.0003
4,0.0057,0.0004,0.0004,0.0003
5,0.0046,0.0004,0.0004,0.0003
6,0.0036,0.0004,0.0004,0.0003
0,0.0036,0.0004,0.0004,0.0003
1,0.0123,0.0004,0.0004,0.0003
2,0.0098,0.0004,0.0004,0.0003
3,0.0079,0.0004,0.0004,0.0003
4,0.0063,0.0004,0.0004,0.0003
5,0.0050,0.0004,0.0004,0.0003
6,0.0040,0.0004,0.0004,0.0003
0,0.0040,0.0004,0.0004,0.0003
1,0.0160,0.0004,0.0004,0.0003
2,0.0128,0.0004,0.0004,0.0003
3,0.0102,0.0004,0.0004,0.0003
4,0.0082,0.0004,0.0004,0.0003
5,0.0065,0.0004,0.0004,0.0003
6,0.0052,0.0004,0.0004,0.0003
0,0.0052,0.0004,0.0004,0.0003
1,0.0145,0.0004,0.0004,0.0003
2,0.0116,0.0004,0.0004,0.0003
3,0.0093,0.0004,0.0004,0.0003
4,0.0074,0.0004,0.0004,0.0003
5,0.0060,0.0004,0.0004,0.0003
6,0.0048,0.0004,0.0004,0.0003
0,0.0048,0.0004,0.0004,0.0003
1,0.0042,0.0004,0.0004,0.0003
2,0.0033,0.0004,0.0004,0.0003
3,0.0027,0.0004,0.0004,0.0003
4,0.0021,0.0004,0.0004,0.0003
5,0.0017,0.0004,0.0004,0.0003
6,0.0014,0.0004,0.0004,0.0003
0,0.0014,0.0004,0.0004,0.0003
1,0.0033,0.0004,0.0004,0.0003
2,0.0026,0.0004,0.0004,0.0003
3,0.0021,0.0004,0.0004,0.0003
4,0.0017,0.0004,0.0004,0.0003
5,0.0013,0.0004,0.0004,0.0003
6,0.0011,0.0004,0.0004,0.0003
0,0.0011,0.0004,0.0004,0.0003
1,0.0040,0.0004,0.0004,0.0003
2,0.0032,0.0004,0.0004,0.0003
3,0.0025,0.0004,0.0004,0.0003
4,0.0020,0.0004,0.0004,0.0003
5,0.0016,0.0004,0.0004,0.0003
6,0.0013,0.0004,0.0004,0.0003
0,0.0013,0.0004,0.0004,0.0003
1,0.0050,0.0004,0.0004,0.0003
2,0.0040,0.0004,0.0004,0.0003
3,0.0032,0.0004,0.0004,0.0003
4,0.0026,0.0004,0.0004,0.0003
5,0.0021,0.0004,0.0004,0.0003
6,0.0016,0.0004,0.0004,0.0003
0,0.0016,0.0004,0.0004,0.0003
1,0.0046,0.0004,0.0004,0.0003
2,0.0037,0.0004,0.0004,0.0003
3,0.0029,0.0004,0.0004,0.0003
4,0.0023,0.0004,0.0004,0.0003
5,0.0019,0.0004,0.0004,0.0003
6,0.0015,0.0004,0.0004,0.0003
0,0.0015,0.0004,0.0004,0.0003
1,0.0073,0.0004,0.0004,0.0003
2,0.0059,0.0004,0.0004,0.0003
3,0.0047,0.0004,0.0004,0.0003
4,0.0038,0.0004,0.0004,0.0003
5,0.0030,0.0004,0.0004,0.0003
6,0.0024,0.0004,0.0004,0.0003
0,0.0024,0.0004,0.0004,0.0003
1,0.0065,0.0004,0.0004,0.0003
2,0.0052,0.0004,0.0004,0.0003
3,0.0041,0.0004,0.0004,0.0003
4,0.0033,0.0004,0.0004,0.0003
5,0.0026,0.0004,0.0004,0.0003
6,0.0021,0.0004,0.0004,0.0003
0,0.0021,0.0004,0.0004,0.0003
1,0.0087,0.0004,0.0004,0.0003
2,0.0070,0.0004,0.0004,0.0003
3,0.0056,0.0004,0.0004,0.0003
4,0.0045,0.0004,0.0004,0.0003
5,0.0036,0.0004,0.0004,0.0003
6,0.0029,0.0004,0.0004,0.0003
0,0.0029,0.0004,0.0004,0.0003
1,0.0024,0.0004,0.0004,0.0003
2,0.0020,0.0004,0.0004,0.0003
3,0.0016,0.0004,0.0004,0.0003
4,0.0012,0.0004,0.0004,0.0003
5,0.0010,0.0004,0.0004,0.0003
6,0.0008,0.0004,0.0004,0.0003
0,0.0008,0.0004,0.0004,0.0003
1,0.0016,0.0004,0.0004,0.0003
2,0.0013,0.0004,0.0004,0.0003
3,0.0010,0.0004,0.0004,0.0003
4,0.0008,0.0004,0.0004,0.0003
5,0.0007,0.0004,0.0004,0.0003
6,0.0005,0.0004,0.0004,0.0003
0,0.0005,0.0004,0.0004,0.0003
1,0.0039,0.0004,0.0004,0.0003
2,0.0031,0.0004,0.0004,0.0003
3,0.0025,0.0004,0.0004,0.0003
4,0.0020,0.0004,0.0004,0.0003
5,0.0016,0.0004,0.0004,0.0003
6,0.0013,0.0004,0.0004,0.0003
0,0.0013,0.0004,0.0004,0.0003
1,0.0030,0.0004,0.0004,0.0003
2,0.0024,0.0004,0.0004,0.0003
3,0.0019,0.0004,0.0004,0.0003
4,0.0015,0.0004,0.0004,0.0003
5,0.0012,0.0004,0.0004,0.0003
6,0.0010,0.0004,0.0004,0.0003
0,0.0010,0.0004,0.0004,0.0003
1,0.0027,0.0004,0.0004,0.0003
2,0.0022,0.0004,0.0004,0.0003
3,0.0017,0.0004,0.0004,0.0003
4,0.0014,0.0004,0.0004,0.0003
5,0.0011,0.0004,0.0004,0.0003
6,0.0009,0.0004,0.0004,0.0003
0,0.0009,0.0004,0.0004,0.0003
1,0.0019,0.0004,0.0004,0.0003
2,0.0016,0.0004,0.0004,0.0003
3,0.0012,0.0004,0.0004,0.0003
4,0.0010,0.0004,0.0004,0.0003
5,0.0008,0.0004,0.0004,0.0003
6,0.0006,0.0004,0.0004,0.0003
0,0.0006,0.0004,0.0004,0.0003
1,0.0022,0.0004,0.0004,0.0003
2,0.0018,0.0004,0.0004,0.0003
3,0.0014,0.0004,0.0004,0.0003
4,0.0011,0.0004,0.0004,0.0003
5,0.0009,0.0004,0.0004,0.0003
6,0.0007,0.0004,0.0004,0.0003
0,0.0007,0.0004,0.0004,0.0003
1,0.0057,0.0004,0.0004,0.0003
2,0.0045,0.0004,0.0004,0.0003
3,0.0036,0.0004,0.0004,0.0003
4,0.0029,0.0004,0.0004,0.0003
5,0.0023,0.0004,0.0004,0.0003
6,0.0019,0.0004,0.0004,0.0003
0,0.0019,0.0004,0.0004,0.0003
1,0.0047,0.0004,0.0004,0.0003
2,0.0037,0.0004,0.0004,0.0003
3,0.0030,0.0004,0.0004,0.0003
4,0.0024,0.0004,0.0004,0.0003
5,0.0019,0.0004,0.0004,0.0003
6,0.0015,0.0004,0.0004,0.0003
0,0.0015,0.0004,0.0004,0.0003
1,0.0061,0.0004,0.0004,0.0003
2,0.0049,0.0004,0.0004,0.0003
3,0.0039,0.0004,0.0004,0.0003
4,0.0031,0.0004,0.0004,0.0003
5,0.0025,0.0004,0.0004,0.0003
6,0.0020,0.0004,0.0004,0.0003
0,0.0020,0.0004,0.0004,0.0003
1,0.0069,0.0004,0.0004,0.0003
2,0.0055,0.0004,0.0004,0.0003
3,0.0044,0.0004,0.0004,0.0003
4,0.0036,0.0004,0.0004,0.0003
5,0.0028,0.0004,0.0004,0.0003
6,0.0023,0.0004,0.0004,0.0003
0,0.0023,0.0004,0.0004,0.0003
1,0.0085,0.0004,0.0004,0.0003
2,0.0068,0.0004,0.0004,0.0003
3,0.0055,0.0004,0.0004,0.0003
4,0.0044,0.0004,0.0004,0.0003
5,0.0035,0.0004,0.0004,0.0003
6,0.0028,0.0004,0.0004,0.0003
0,0.0028,0.0004,0.0004,0.0003
1,0.0066,0.0004,0.0004,0.0003
2,0.0053,0.0004,0.0004,0.0003
3,0.0042,0.0004,0.0004,0.0003
4,0.0034,0.0004,0.0004,0.0003
5,0.0027,0.0004,0.0004,0.0003
6,0.0022,0.0004,0.0004,0.0003
0,0.0022,0.0004,0.0004,0.0003
1,0.0104,0.0004,0.0004,0.0003
2,0.0083,0.0004,0.0004,0.0003
3,0.0067,0.0004,0.0004,0.0003
4,0.0053,0.0004,0.0004,0.0003
5,0.0043,0.0004,0.0004,0.0003
6,0.0034,0.0004,0.0004,0.0003
0,0.0034,0.0004,0.0004,0.0003
1,0.0027,0.0004,0.0004,0.0003
2,0.0022,0.0004,0.0004,0.0003
3,0.0018,0.0004,0.0004,0.0003
4,0.0014,0.0004,0.0004,0.0003
5,0.0011,0.0004,0.0004,0.0003
6,0.0009,0.0004,0.0004,0.0003
0,0.0009,0.0004,0.0004,0.0003
1,0.0037,0.0004,0.0004,0.0003
2,0.0030,0.0004,0.0004,0.0003
3,0.0024,0.0004,0.0004,0.0003
4,0.0019,0.0004,0.0004,0.0003
5,0.0015,0.0004,0.0004,0.0003
6,0.0012,0.0004,0.0004,0.0003
0,0.0012,0.0004,0.0004,0.0003
1,0.0044,0.0004,0.0004,0.0003
2,0.0035,0.0004,0.0004,0.0003
3,0.0028,0.0004,0.0004,0.0003
4,0.0023,0.0004,0.0004,0.0003
5,0.0018,0.0004,0.0004,0.0003
6,0.0014,0.0004,0.0004,0.0003
0,0.0014,0.0004,0.0004,0.0003
1,0.0058,0.0004,0.0004,0.0003
2,0.0047,0.0004,0.0004,0.0003
3,0.0037,0.0004,0.0004,0.0003
4,0.0030,0.0004,0.0004,0.0003
5,0.0024,0.0004,0.0004,0.0003
6,0.0019,0.0004,0.0004,0.0003
0,0.0019,0.0004,0.0004,0.0003
1,0.0066,0.0004,0.0004,0.0003
2,0.0053,0.0004,0.0004,0.0003
3,0.0042,0.0004,0.0004,0.0003
4,0.0034,0.0004,0.0004,0.0003
5,0.0027,0.0004,0.0004,0.0003
6,0.0022,0.0004,0.0004,0.0003
0,0.0022,0.0004,0.0004,0.0003
1,0.0052,0.0004,0.0004,0.0003
2,0.0042,0.0004,0.0004,0.0003
3,0.0033,0.0004,0.0004,0.0003
4,0.0027,0.0004,0.0004,0.0003
5,0.0021,0.0004,0.0004,0.0003
6,0.0017,0.0004,0.0004,0.0003
0,0.0017,0.0004,0.0004,0.0003
1,0.0050,0.0004,0.0004,0.0003
2,0.0040,0.0004,0.0004,0.0003
3,0.0032,0.0004,0.0004,0.0003
4,0.0025,0.0004,0.0004,0.0003
5,0.0020,0.0004,0.0004,0.0003
6,0.0016,0.0004,0.0004,0.0003
0,0.0016,0.0004,0.0004,0.0003
1,0.0070,0.0004,0.0004,0.0003
2,0.0056,0.0004,0.0004,0.0003
3,0.0045,0.0004,0.0004,0.0003
4,0.0036,0.0004,0.0004,0.0003
5,0.0029,0.0004,0.0004,0.0003
6,0.0023,0.0004,0.0004,0.0003
0,0.0023,0.0004,0.0004,0.0003
1,0.0087,0.0004,0.0004,0.0003
2,0.0070,0.0004,0.0004,0.0003
3,0.0056,0.0004,0.0004,0.0003
4,0.0045,0.0004,0.0004,0.0003
5,0.0036,0.0004,0.0004,0.0003
6,0.0029,0.0004,0.0004,0.0003
0,0.0029,0.0004,0.0004,0.0003
1,0.0088,0.0004,0.0004,0.0003
2,0.0071,0.0004,0.0004,0.0003
3,0.0057,0.0004,0.0004,0.0003
4,0.0045,0.0004,0.0004,0.0003
5,0.0036,0.0004,0.0004,0.0003
6,0.0029,0.0004,0.0004,0.0003
0,0.0029,0.0004,0.0004,0.0003
1,0.0096,0.0004,0.0004,0.0003
2,0.0077,0.0004,0.0004,0.0003
3,0.0062,0.0004,0.0004,0.0003
4,0.0049,0.0004,0.0004,0.0003
5,0.0039,0.0004,0.0004,0.0003
6,0.0032,0.0004,0.0004,0.0003
0,0.0032,0.0004,0.0004,0.0003
1,0.0103,0.0004,0.0004,0.0003
2,0.0082,0.0004,0.0004,0.0003
3,0.0066,0.0004,0.0004,0.0003
4,0.0053,0.0004,0.0004,0.0003
5,0.0042,0.0004,0.0004,0.0003
6,0.0034,0.0004,0.0004,0.0003
0,0.0034,0.0004,0.0004,0.0003
1,0.0034,0.0004,0.0004,0.0003
2,0.0027,0.0004,0.0004,0.0003
3,0.0022,0.0004,0.0004,0.0003
4,0.0017,0.0004,0.0004,0.0003
5,0.0014,0.0004,0.0004,0.0003
6,0.0011,0.0004,0.0004,0.0003
0,0.0011,0.0004,0.0004,0.0003
1,0.0025,0.0004,0.0004,0.0003
2,0.0020,0.0004,0.0004,0.0003
3,0.0016,0.0004,0.0004,0.0003
4,0.0013,0.0004,0.0004,0.0003
5,0.0010,0.0004,0.0004,0.0003
6,0.0008,0.0004,0.0004,0.0003
0,0.0008,0.0004,0.0004,0.0003
1,0.0032,0.0004,0.0004,0.0003
2,0.0026,0.0004,0.0004,0.0003
3,0.0021,0.0004,0.0004,0.0003
4,0.0016,0.0004,0.0004,0.0003
5,0.0013,0.0004,0.0004,0.0003
6,0.0011,0.0004,0.0004,0.0003
0,0.0011,0.0004,0.0004,0.0003
1,0.0037,0.0004,0.0004,0.0003
2,0.0029,0.0004,0.0004,0.0003
3,0.0023,0.0004,0.0004,0.0003
4,0.0019,0.0004,0.0004,0.0003
5,0.0015,0.0004,0.0004,0.0003
6,0.0012,0.0004,0.0004,0.0003
0,0.0012,0.0004,0.0004,0.0003
1,0.0065,0.0004,0.0004,0.0003
2,0.0052,0.0004,0.0004,0.0003
3,0.0042,0.0004,0.0004,0.0003
4,0.0033,0.0004,0.0004,0.0003
5,0.0027,0.0004,0.0004,0.0003
6,0.0021,0.0004,0.0004,0.0003
0,0.0021,0.0004,0.0004,0.0003
1,0.0075,0.0004,0.0004,0.0003
2,0.0060,0.0004,0.0004,0.0003
3,0.0048,0.0004,0.0004,0.0003
4,0.0038,0.0004,0.0004,0.0003
5,0.0031,0.0004,0.0004,0.0003
6,0.0024,0.0004,0.0004,0.0003
0,0.0024,0.0004,0.0004,0.0003
1,0.0067,0.0004,0.0004,0.0003
2,0.0054,0.0004,0.0004,0.0003
3,0.0043,0.0004,0.0004,0.0003
4,0.0034,0.0004,0.0004,0.0003
5,0.0028,0.0004,0.0004,0.0003
6,0.0022,0.0004,0.0004,0.0003
0,0.0022,0.0004,0.0004,0.0003
1,0.0091,0.0004,0.0004,0.0003
2,0.0073,0.0004,0.0004,0.0003
3,0.0059,0.0004,0.0004,0.0003
4,0.0047,0.0004,0.0004,0.0003
5,0.0037,0.0004,0.0004,0.0003
6,0.0030,0.0004,0.0004,0.0003
0,0.0030,0.0004,0.0004,0.0003
1,0.0089,0.0004,0.0004,0.0003
2,0.0072,0.0004,0.0004,0.0003
3,0.0057,0.0004,0.0004,0.0003
4,0.0046,0.0004,0.0004,0.0003
5,0.0037,0.0004,0.0004,0.0003
6,0.0029,0.0004,0.0004,0.0003
0,0.0029,0.0004,0.0004,0.0003
1,0.0083,0.0004,0.0004,0.0003
2,0.0067,0.0004,0.0004,0.0003
3,0.0053,0.0004,0.0004,0.0003
4,0.0043,0.0004,0.0004,0.0003
5,0.0034,0.0004,0.0004,0.0003
6,0.0027,0.0004,0.0004,0.0003
0,0.0027,0.0004,0.0004,0.0003
1,0.0090,0.0004,0.0004,0.0003
2,0.0072,0.0004,0.0004,0.0003
3,0.0058,0.0004,0.0004,0.0003
4,0.0046,0.0004,0.0004,0.0003
5,0.0037,0.0004,0.0004,0.0003
6,0.0030,0.0004,0.0004,0.0003
0,0.0030,0.0004,0.0004,0.0003
1,0.0117,0.0004,0.0004,0.0003
2,0.0094,0.0004,0.0004,0.0003
3,0.0075,0.0004,0.0004,0.0003
4,0.0060,0.0004,0.0004,0.0003
5,0.0048,0.0004,0.0004,0.0003
6,0.0038,0.0004,0.0004,0.0003
0,0.0038,0.0004,0.0004,0.0003
1,0.0101,0.0004,0.0004,0.0003
2,0.0081,0.0004,0.0004,0.0003
3,0.0065,0.0004,0.0004,0.0003
4,0.0052,0.0004,0.0004,0.0003
5,0.0041,0.0004,0.0004,0.0003
6,0.0033,0.0004,0.0004,0.0003
0,0.0033,0.0004,0.0004,0.0003
1,0.0133,0.0004,0.0004,0.0003
2,0.0106,0.0004,0.0004,0.0003
3,0.0085,0.0004,0.0004,0.0003
4,0.0068,0.0004,0.0004,0.0003
5,0.0054,0.0004,0.0004,0.0003
6,0.0044,0.0004,0.0004,0.0003
0,0.0044,0.0004,0.0004,0.0003
1,0.0147,0.0004,0.0004,0.0003
2,0.0118,0.0004,0.0004,0.0003
3,0.0094,0.0004,0.0004,0.0003
4,0.0075,0.0004,0.0004,0.0003
5,0.0060,0.0004,0.0004,0.0003
6,0.0048,0.0004,0.0004,0.0003
0,0.0048,0.0004,0.0004,0.0003
1,0.0160,0.0004,0.0004,0.0003
2,0.0128,0.0004,0.0004,0.0003
3,0.0103,0.0004,0.0004,0.0003
4,0.0082,0.0004,0.0004,0.0003
5,0.0066,0.0004,0.0004,0.0003
6,0.0053,0.0004,0.0004,0.0003
0,0.0053,0.0004,0.0004,0.0003
1,0.0142,0.0004,0.0004,0.0003
2,0.0114,0.0004,0.0004,0.0003
3,0.0091,0.0004,0.0004,0.0003
4,0.0073,0.0004,0.0004,0.0003
5,0.0058,0.0004,0.0004,0.0003
6,0.0047,0.0004,0.0004,0.0003
0,0.0047,0.0004,0.0004,0.0003
1,0.0132,0.0004,0.0004,0.0003
2,0.0106,0.0004,0.0004,0.0003
3,0.0084,0.0004,0.0004,0.0003
4,0.0068,0.0004,0.0004,0.0003
5,0.0054,0.0004,0.0004,0.0003
6,0.0043,0.0004,0.0004,0.0003
0,0.0043,0.0004,0.0004,0.0003
1,0.0186,0.0004,0.0004,0.0003
2,0.0149,0.0004,0.0004,0.0003
3,0.0119,0.0004,0.0004,0.0003
4,0.0095,0.0004,0.0004,0.0003
5,0.0076,0.0004,0.0004,0.0003
6,0.0061,0.0004,0.0004,0.0003
0,0.0061,0.0004,0.0004,0.0003
1,0.0175,0.0004,0.0004,0.0003
2,0.0140,0.0004,0.0004,0.0003
3,0.0112,0.0004,0.0004,0.0003
4,0.0089,0.0004,0.0004,0.0003
5,0.0072,0.0004,0.0004,0.0003
6,0.0057,0.0004,0.0004,0.0003
0,0.0057,0.0004,0.0004,0.0003
1,0.0191,0.0004,0.0004,0.0003
2,0.0153,0.0004,0.0004,0.0003
3,0.0122,0.0004,0.0004,0.0003
4,0.0098,0.0004,0.0004,0.0003
5,0.0078,0.0004,0.0004,0.0003
6,0.0063,0.0004,0.0004,0.0003
0,0.0063,0.0004,0.0004,0.0003
1,0.0052,0.0004,0.0004,0.0003
2,0.0042,0.0004,0.0004,0.0003
3,0.0034,0.0004,0.0004,0.0003
4,0.0027,0.0004,0.0004,0.0003
5,0.0021,0.0004,0.0004,0.0003
6,0.0017,0.0004,0.0004,0.0003
0,0.0017,0.0004,0.0004,0.0003
1,0.0049,0.0004,0.0004,0.0003
2,0.0039,0.0004,0.0004,0.0003
3,0.0031,0.0004,0.0004,0.0003
4,0.0025,0.0004,0.0004,0.0003
5,0.0020,0.0004,0.0004,0.0003
6,0.0016,0.0004,0.0004,0.0003
0,0.0016,0.0004,0.0004,0.0003
1,0.0058,0.0004,0.0004,0.0003
2,0.0046,0.0004,0.0004,0.0003
3,0.0037,0.0004,0.0004,0.0003
4,0.0030,0.0004,0.0004,0.0003
5,0.0024,0.0004,0.0004,0.0003
6,0.0019,0.0004,0.0004,0.0003
0,0.0019,0.0004,0.0004,0.0003
1,0.0049,0.0004,0.0004,0.0003
2,0.0039,0.0004,0.0004,0.0003
3,0.0031,0.0004,0.0004,0.0003
4,0.0025,0.0004,0.0004,0.0003
5,0.0020,0.0004,0.0004,0.0003
6,0.0016,0.0004,0.0004,0.0003
0,0.0016,0.0004,0.0004,0.0003
1,0.0049,0.0004,0.0004,0.0003
2,0.0039,0.0004,0.0004,0.0003
3,0.0031,0.0004,0.0004,0.0003
4,0.0025,0.0004,0.0004,0.0003
5,0.0020,0.0004,0.0004,0.0003
6,0.0016,0.0004,0.0004,0.0003
0,0.0016,0.0004,0.0004,0.0003
1,0.0078,0.0004,0.0004,0.0003
2,0.0063,0.0004,0.0004,0.0003
3,0.0050,0.0004,0.0004,0.0003
4,0.0040,0.0004,0.0004,0.0003
5,0.0032,0.0004,0.0004,0.0003
6,0.0026,0.0004,0.0004,0.0003
0,0.0026,0.0004,0.0004,0.0003
1,0.0076,0.0004,0.0004,0.0003
2,0.0061,0.0004,0.0004,0.0003
3,0.0049,0.0004,0.0004,0.0003
4,0.0039,0.0004,0.0004,0.0003
5,0.0031,0.0004,0.0004,0.0003
6,0.0025,0.0004,0.0004,0.0003
0,0.0025,0.0004,0.0004,0.0003
1,0.0068,0.0004,0.0004,0.0003
2,0.0054,0.0004,0.0004,0.0003
3,0.0043,0.0004,0.0004,0.0003
4,0.0035,0.0004,0.0004,0.0003
5,0.0028,0.0004,0.0004,0.0003
6,0.0022,0.0004,0.0004,0.0003
0,0.0022,0.0004,0.0004,0.0003
1,0.0095,0.0004,0.0004,0.0003
2,0.0076,0.0004,0.0004,0.0003
3,0.0061,0.0004,0.0004,0.0003
4,0.0049,0.0004,0.0004,0.0003
5,0.0039,0.0004,0.0004,0.0003
6,0.0031,0.0004,0.0004,0.0003
0,0.0031,0.0004,0.0004,0.0003
1,0.0027,0.0004,0.0004,0.0003
2,0.0021,0.0004,0.0004,0.0003
3,0.0017,0.0004,0.0004,0.0003
4,0.0014,0.0004,0.0004,0.0003
5,0.0011,0.0004,0.0004,0.0003
6,0.0009,0.0004,0.0004,0.0003
0,0.0009,0.0004,0.0004,0.0003
1,0.0010,0.0004,0.0004,0.0003
2,0.0008,0.0004,0.0004,0.0003
3,0.0006,0.0004,0.0004,0.0003
4,0.0005,0.0004,0.0004,0.0003
5,0.0004,0.0004,0.0004,0.0003
6,0.0003,0.0004,0.0004,0.0003
0,0.0003,0.0004,0.0004,0.0003
1,0.0003,0.0004,0.0011,0.0003
2,0.0003,0.0004,0.0009,0.0003
3,0.0003,0.0004,0.0007,0.0003
4,0.0003,0.0004,0.0006,0.0003
5,0.0003,0.0004,0.0004,0.0003
6,0.0003,0.0004,0.0004,0.0003
0,0.0003,0.0004,0.0004,0.0003
1,0.0003,0.0012,0.0004,0.0003
2,0.0003,0.0010,0.0004,0.0003
3,0.0003,0.0008,0.0004,0.0003
4,0.0003,0.0006,0.0004,0.0003
5,0.0003,0.0005,0.0004,0.0003
6,0.0003,0.0004,0.0004,0.0003
0,0.0003,0.0004,0.0004,0.0003
1,0.0003,0.0021,0.0004,0.0003
2,0.0003,0.0017,0.0004,0.0003
3,0.0003,0.0013,0.0004,0.0003
4,0.0003,0.0011,0.0004,0.0003
5,0.0003,0.0008,0.0004,0.0003
6,0.0003,0.0007,0.0004,0.0003
0,0.0003,0.0007,0.0004,0.0003
1,0.0003,0.0069,0.0004,0.0003
2,0.0003,0.0056,0.0004,0.0003
3,0.0003,0.0044,0.0004,0.0003
4,0.0003,0.0036,0.0004,0.0003
5,0.0003,0.0028,0.0004,0.0003
6,0.0003,0.0023,0.0004,0.0003
0,0.0003,0.0023,0.0004,0.0003
1,0.0003,0.0041,0.0004,0.0003
2,0.0003,0.0033,0.0004,0.0003
3,0.0003,0.0026,0.0004,0.0003
4,0.0003,0.0021,0.0004,0.0003
5,0.0003,0.0017,0.0004,0.0003
6,0.0003,0.0013,0.0004,0.0003
0,0.0003,0.0013,0.0004,0.0003
1,0.0003,0.0063,0.0004,0.0003
2,0.0003,0.0050,0.0004,0.0003
3,0.0003,0.0040,0.0004,0.0003
4,0.0003,0.0032,0.0004,0.0003
5,0.0003,0.0026,0.0004,0.0003
6,0.0003,0.0021,0.0004,0.0003
0,0.0003,0.0021,0.0004,0.0003
1,0.0003,0.0057,0.0004,0.0003
2,0.0003,0.0045,0.0004,0.0003
3,0.0003,0.0036,0.0004,0.0003
4,0.0003,0.0029,0.0004,0.0003
5,0.0003,0.0023,0.0004,0.0003
6,0.0003,0.0019,0.0004,0.0003
0,0.0003,0.0019,0.0004,0.0003
1,0.0003,0.0058,0.0004,0.0003
2,0.0003,0.0047,0.0004,0.0003
3,0.0003,0.0037,0.0004,0.0003
4,0.0003,0.0030,0.0004,0.0003
5,0.0003,0.0024,0.0004,0.0003
6,0.0003,0.0019,0.0004,0.0003
0,0.0003,0.0019,0.0004,0.0003
1,0.0003,0.0065,0.0004,0.0003
2,0.0003,0.0052,0.0004,0.0003
3,0.0003,0.0042,0.0004,0.0003
4,0.0003,0.0033,0.0004,0.0003
5,0.0003,0.0027,0.0004,0.0003
6,0.0003,0.0021,0.0004,0.0003
0,0.0003,0.0021,0.0004,0.0003
1,0.0003,0.0070,0.0004,0.0003
2,0.0003,0.0056,0.0004,0.0003
3,0.0003,0.0045,0.0004,0.0003
4,0.0003,0.0036,0.0004,0.0003
5,0.0003,0.0029,0.0004,0.0003
6,0.0003,0.0023,0.0004,0.0003
0,0.0003,0.0023,0.0004,0.0003
1,0.0003,0.0089,0.0004,0.0003
2,0.0003,0.0072,0.0004,0.0003
3,0.0003,0.0057,0.0004,0.0003
4,0.0003,0.0046,0.0004,0.0003
5,0.0003,0.0037,0.0004,0.0003
6,0.0003,0.0029,0.0004,0.0003
0,0.0003,0.0029,0.0004,0.0003
1,0.0003,0.0042,0.0004,0.0003
2,0.0003,0.0033,0.0004,0.0003
3,0.0003,0.0027,0.0004,0.0003
4,0.0003,0.0021,0.0004,0.0003
5,0.0003,0.0017,0.0004,0.0003
6,0.0003,0.0014,0.0004,0.0003
0,0.0003,0.0014,0.0004,0.0003
1,0.0003,0.0090,0.0004,0.0003
2,0.0003,0.0072,0.0004,0.0003
3,0.0003,0.0058,0.0004,0.0003
4,0.0003,0.0046,0.0004,0.0003
5,0.0003,0.0037,0.0004,0.0003
6,0.0003,0.0030,0.0004,0.0003
0,0.0003,0.0030,0.0004,0.0003
1,0.0003,0.0065,0.0004,0.0003
2,0.0003,0.0052,0.0004,0.0003
3,0.0003,0.0041,0.0004,0.0003
4,0.0003,0.0033,0.0004,0.0003
5,0.0003,0.0026,0.0004,0.0003
6,0.0003,0.0021,0.0004,0.0003
0,0.0003,0.0021,0.0004,0.0003
1,0.0003,0.0047,0.0004,0.0003
2,0.0003,0.0038,0.0004,0.0003
3,0.0003,0.0030,0.0004,0.0003
4,0.0003,0.0024,0.0004,0.0003
5,0.0003,0.0019,0.0004,0.0003
6,0.0003,0.0016,0.0004,0.0003
0,0.0003,0.0016,0.0004,0.0003
1,0.0003,0.0037,0.0004,0.0003
2,0.0003,0.0029,0.0004,0.0003
3,0.0003,0.0023,0.0004,0.0003
4,0.0003,0.0019,0.0004,0.0003
5,0.0003,0.0015,0.0004,0.0003
6,0.0003,0.0012,0.0004,0.0003
0,0.0003,0.0012,0.0004,0.0003
1,0.0003,0.0042,0.0004,0.0003
2,0.0003,0.0034,0.0004,0.0003
3,0.0003,0.0027,0.0004,0.0003
4,0.0003,0.0022,0.0004,0.0003
5,0.0003,0.0017,0.0004,0.0003
6,0.0003,0.0014,0.0004,0.0003
0,0.0003,0.0014,0.0004,0.0003
1,0.0003,0.0058,0.0004,0.0003
2,0.0003,0.0047,0.0004,0.0003
3,0.0003,0.0037,0.0004,0.0003
4,0.0003,0.0030,0.0004,0.0003
5,0.0003,0.0024,0.0004,0.0003
6,0.0003,0.0019,0.0004,0.0003
0,0.0003,0.0019,0.0004,0.0003
1,0.0003,0.0120,0.0004,0.0003
2,0.0003,0.0096,0.0004,0.0003
3,0.0003,0.0077,0.0004,0.0003
4,0.0003,0.0061,0.0004,0.0003
5,0.0003,0.0049,0.0004,0.0003
6,0.0003,0.0039,0.0004,0.0003
0,0.0003,0.0039,0.0004,0.0003
1,0.0003,0.0133,0.0004,0.0003
2,0.0003,0.0106,0.0004,0.0003
3,0.0003,0.0085,0.0004,0.0003
4,0.0003,0.0068,0.0004,0.0003
5,0.0003,0.0054,0.0004,0.0003
6,0.0003,0.0044,0.0004,0.0003
0,0.0003,0.0044,0.0004,0.0003
1,0.0003,0.0123,0.0004,0.0003
2,0.0003,0.0098,0.0004,0.0003
3,0.0003,0.0079,0.0004,0.0003
4,0.0003,0.0063,0.0004,0.0003
5,0.0003,0.0050,0.0004,0.0003
6,0.0003,0.0040,0.0004,0.0003
0,0.0003,0.0040,0.0004,0.0003
1,0.0003,0.0098,0.0004,0.0003
2,0.0003,0.0079,0.0004,0.0003
3,0.0003,0.0063,0.0004,0.0003
4,0.0003,0.0050,0.0004,0.0003
5,0.0003,0.0040,0.0004,0.0003
6,0.0003,0.0032,0.0004,0.0003
0,0.0003,0.0032,0.0004,0.0003
1,0.0003,0.0141,0.0004,0.0003
2,0.0003,0.0113,0.0004,0.0003
3,0.0003,0.0090,0.0004,0.0003
4,0.0003,0.0072,0.0004,0.0003
5,0.0003,0.0058,0.0004,0.0003
6,0.0003,0.0046,0.0004,0.0003
0,0.0003,0.0046,0.0004,0.0003
1,0.0003,0.0105,0.0004,0.0003
2,0.0003,0.0084,0.0004,0.0003
3,0.0003,0.0067,0.0004,0.0003
4,0.0003,0.0054,0.0004,0.0003
5,0.0003,0.0043,0.0004,0.0003
6,0.0003,0.0034,0.0004,0.0003
0,0.0003,0.0034,0.0004,0.0003
1,0.0003,0.0106,0.0004,0.0003
2,0.0003,0.0085,0.0004,0.0003
3,0.0003,0.0068,0.0004,0.0003
4,0.0003,0.0054,0.0004,0.0003
5,0.0003,0.0043,0.0004,0.0003
6,0.0003,0.0035,0.0004,0.0003
0,0.0003,0.0035,0.0004,0.0003
1,0.0003,0.0134,0.0004,0.0003
2,0.0003,0.0107,0.0004,0.0003
3,0.0003,0.0086,0.0004,0.0003
4,0.0003,0.0069,0.0004,0.0003
5,0.0003,0.0055,0.0004,0.0003
6,0.0003,0.0044,0.0004,0.0003
0,0.0003,0.0044,0.0004,0.0003
1,0.0003,0.0087,0.0004,0.0003
2,0.0003,0.0069,0.0004,0.0003
3,0.0003,0.0055,0.0004,0.0003
4,0.0003,0.0044,0.0004,0.0003
5,0.0003,0.0035,0.0004,0.0003
6,0.0003,0.0028,0.0004,0.0003
0,0.0003,0.0028,0.0004,0.0003
1,0.0003,0.0110,0.0004,0.0003
2,0.0003,0.0088,0.0004,0.0003
3,0.0003,0.0070,0.0004,0.0003
4,0.0003,0.0056,0.0004,0.0003
5,0.0003,0.0045,0.0004,0.0003
6,0.0003,0.0036,0.0004,0.0003
0,0.0003,0.0036,0.0004,0.0003
1,0.0003,0.0157,0.0004,0.0003
2,0.0003,0.0126,0.0004,0.0003
3,0.0003,0.0101,0.0004,0.0003
4,0.0003,0.0081,0.0004,0.0003
5,0.0003,0.0064,0.0004,0.0003
6,0.0003,0.0052,0.0004,0.0003
0,0.0003,0.0052,0.0004,0.0003
1,0.0003,0.0101,0.0004,0.0003
2,0.0003,0.0080,0.0004,0.0003
3,0.0003,0.0064,0.0004,0.0003
4,0.0003,0.0051,0.0004,0.0003
5,0.0003,0.0041,0.0004,0.0003
6,0.0003,0.0033,0.0004,0.0003
0,0.0003,0.0033,0.0004,0.0003
1,0.0003,0.0092,0.0004,0.0003
2,0.0003,0.0074,0.0004,0.0003
3,0.0003,0.0059,0.0004,0.0003
4,0.0003,0.0047,0.0004,0.0003
5,0.0003,0.0038,0.0004,0.0003
6,0.0003,0.0030,0.0004,0.0003
0,0.0003,0.0030,0.0004,0.0003
1,0.0003,0.0116,0.0004,0.0003
2,0.0003,0.0093,0.0004,0.0003
3,0.0003,0.0075,0.0004,0.0003
4,0.0003,0.0060,0.0004,0.0003
5,0.0003,0.0048,0.0004,0.0003
6,0.0003,0.0038,0.0004,0.0003
0,0.0003,0.0038,0.0004,0.0003
1,0.0003,0.0071,0.0004,0.0003
2,0.0003,0.0057,0.0004,0.0003
3,0.0003,0.0046,0.0004,0.0003
4,0.0003,0.0037,0.0004,0.0003
5,0.0003,0.0029,0.0004,0.0003
6,0.0003,0.0023,0.0004,0.0003
0,0.0003,0.0023,0.0004,0.0003
1,0.0003,0.0115,0.0004,0.0003
2,0.0003,0.0092,0.0004,0.0003
3,0.0003,0.0073,0.0004,0.0003
4,0.0003,0.0059,0.0004,0.0003
5,0.0003,0.0047,0.0004,0.0003
6,0.0003,0.0038,0.0004,0.0003
0,0.0003,0.0038,0.0004,0.0003
1,0.0003,0.0105,0.0004,0.0003
2,0.0003,0.0084,0.0004,0.0003
3,0.0003,0.0067,0.0004,0.0003
4,0.0003,0.0054,0.0004,0.0003
5,0.0003,0.0043,0.0004,0.0003
6,0.0003,0.0034,0.0004,0.0003
0,0.0003,0.0034,0.0004,0.0003
1,0.0003,0.0131,0.0004,0.0003
2,0.0003,0.0105,0.0004,0.0003
3,0.0003,0.0084,0.0004,0.0003
4,0.0003,0.0067,0.0004,0.0003
5,0.0003,0.0054,0.0004,0.0003
6,0.0003,0.0043,0.0004,0.0003
0,0.0003,0.0043,0.0004,0.0003
1,0.0003,0.0179,0.0004,0.0003
2,0.0003,0.0143,0.0004,0.0003
3,0.0003,0.0114,0.0004,0.0003
4,0.0003,0.0092,0.0004,0.0003
5,0.0003,0.0073,0.0004,0.0003
6,0.0003,0.0059,0.0004,0.0003
0,0.0003,0.0059,0.0004,0.0003
1,0.0003,0.0167,0.0004,0.0003
2,0.0003,0.0134,0.0004,0.0003
3,0.0003,0.0107,0.0004,0.0003
4,0.0003,0.0086,0.0004,0.0003
5,0.0003,0.0069,0.0004,0.0003
6,0.0003,0.0055,0.0004,0.0003
0,0.0003,0.0055,0.0004,0.0003
1,0.0003,0.0113,0.0004,0.0003
2,0.0003,0.0091,0.0004,0.0003
3,0.0003,0.0073,0.0004,0.0003
4,0.0003,0.0058,0.0004,0.0003
5,0.0003,0.0046,0.0004,0.0003
6,0.0003,0.0037,0.0004,0.0003
0,0.0003,0.0037,0.0004,0.0003
1,0.0003,0.0134,0.0004,0.0003
2,0.0003,0.0107,0.0004,0.0003
3,0.0003,0.0086,0.0004,0.0003
4,0.0003,0.0068,0.0004,0.0003
5,0.0003,0.0055,0.0004,0.0003
6,0.0003,0.0044,0.0004,0.0003
0,0.0003,0.0044,0.0004,0.0003
1,0.0003,0.0143,0.0004,0.0003
2,0.0003,0.0114,0.0004,0.0003
3,0.0003,0.0091,0.0004,0.0003
4,0.0003,0.0073,0.0004,0.0003
5,0.0003,0.0058,0.0004,0.0003
6,0.0003,0.0047,0.0004,0.0003
0,0.0003,0.0047,0.0004,0.0003
1,0.0003,0.0142,0.0004,0.0003
2,0.0003,0.0113,0.0004,0.0003
3,0.0003,0.0091,0.0004,0.0003
4,0.0003,0.0073,0.0004,0.0003
5,0.0003,0.0058,0.0004,0.0003
6,0.0003,0.0046,0.0004,0.0003
0,0.0003,0.0046,0.0004,0.0003
1,0.0003,0.0114,0.0004,0.0003
2,0.0003,0.0091,0.0004,0.0003
3,0.0003,0.0073,0.0004,0.0003
4,0.0003,0.0059,0.0004,0.0003
5,0.0003,0.0047,0.0004,0.0003
6,0.0003,0.0037,0.0004,0.0003
0,0.0003,0.0037,0.0004,0.0003
1,0.0003,0.0161,0.0004,0.0003
2,0.0003,0.0129,0.0004,0.0003
3,0.0003,0.0103,0.0004,0.0003
4,0.0003,0.0082,0.0004,0.0003
5,0.0003,0.0066,0.0004,0.0003
6,0.0003,0.0053,0.0004,0.0003
0,0.0003,0.0053,0.0004,0.0003
1,0.0003,0.0174,0.0004,0.0003
2,0.0003,0.0140,0.0004,0.0003
3,0.0003,0.0112,0.0004,0.0003
4,0.0003,0.0089,0.0004,0.0003
5,0.0003,0.0071,0.0004,0.0003
6,0.0003,0.0057,0.0004,0.0003
0,0.0003,0.0057,0.0004,0.0003
1,0.0003,0.0046,0.0004,0.0003
2,0.0003,0.0037,0.0004,0.0003
3,0.0003,0.0029,0.0004,0.0003
4,0.0003,0.0023,0.0004,0.0003
5,0.0003,0.0019,0.0004,0.0003
0,0.0003,0.0019,0.0004,0.0003
1,0.0003,0.0024,0.0004,0.0003
2,0.0003,0.0019,0.0004,0.0003
3,0.0003,0.0016,0.0004,0.0003
4,0.0003,0.0012,0.0004,0.0003
5,0.0003,0.0010,0.0004,0.0003
6,0.0003,0.0008,0.0004,0.0003
0,0.0003,0.0008,0.0004,0.0003
1,0.0003,0.0043,0.0004,0.0003
2,0.0003,0.0034,0.0004,0.0003
3,0.0003,0.0027,0.0004,0.0003
4,0.0003,0.0022,0.0004,0.0003
5,0.0003,0.0018,0.0004,0.0003
6,0.0003,0.0014,0.0004,0.0003
0,0.0003,0.0014,0.0004,0.0003
1,0.0003,0.0052,0.0004,0.0003
2,0.0003,0.0042,0.0004,0.0003
3,0.0003,0.0033,0.0004,0.0003
4,0.0003,0.0027,0.0004,0.0003
5,0.0003,0.0021,0.0004,0.0003
6,0.0003,0.0017,0.0004,0.0003
0,0.0003,0.0017,0.0004,0.0003
1,0.0003,0.0031,0.0004,0.0003
2,0.0003,0.0025,0.0004,0.0003
3,0.0003,0.0020,0.0004,0.0003
4,0.0003,0.0016,0.0004,0.0003
5,0.0003,0.0013,0.0004,0.0003
6,0.0003,0.0010,0.0004,0.0003
0,0.0003,0.0010,0.0004,0.0003
1,0.0003,0.0053,0.0004,0.0003
2,0.0003,0.0042,0.0004,0.0003
3,0.0003,0.0034,0.0004,0.0003
4,0.0003,0.0027,0.0004,0.0003
5,0.0003,0.0022,0.0004,0.0003
6,0.0003,0.0017,0.0004,0.0003
0,0.0003,0.0017,0.0004,0.0003
1,0.0003,0.0031,0.0004,0.0003
2,0.0003,0.0025,0.0004,0.0003
3,0.0003,0.0020,0.0004,0.0003
4,0.0003,0.0016,0.0004,0.0003
5,0.0003,0.0013,0.0004,0.0003
6,0.0003,0.0010,0.0004,0.0003
0,0.0003,0.0010,0.0004,0.0003
1,0.0003,0.0037,0.0004,0.0003
2,0.0003,0.0030,0.0004,0.0003
3,0.0003,0.0024,0.0004,0.0003
4,0.0003,0.0019,0.0004,0.0003
5,0.0003,0.0015,0.0004,0.0003
6,0.0003,0.0012,0.0004,0.0003
0,0.0003,0.0012,0.0004,0.0003
1,0.0003,0.0052,0.0004,0.0003
2,0.0003,0.0041,0.0004,0.0003
3,0.0003,0.0033,0.0004,0.0003
4,0.0003,0.0026,0.0004,0.0003
5,0.0003,0.0021,0.0004,0.0003
6,0.0003,0.0017,0.0004,0.0003
0,0.0003,0.0017,0.0004,0.0003
1,0.0003,0.0075,0.0004,0.0003
2,0.0003,0.0060,0.0004,0.0003
3,0.0003,0.0048,0.0004,0.0003
4,0.0003,0.0038,0.0004,0.0003
5,0.0003,0.0031,0.0004,0.0003
6,0.0003,0.0025,0.0004,0.0003
0,0.0003,0.0025,0.0004,0.0003
1,0.0003,0.0047,0.0004,0.0003
2,0.0003,0.0037,0.0004,0.0003
3,0.0003,0.0030,0.0004,0.0003
4,0.0003,0.0024,0.0004,0.0003
5,0.0003,0.0019,0.0004,0.0003
6,0.0003,0.0015,0.0004,0.0003
0,0.0003,0.0015,0.0004,0.0003
1,0.0003,0.0047,0.0004,0.0003
2,0.0003,0.0038,0.0004,0.0003
3,0.0003,0.0030,0.0004,0.0003
4,0.0003,0.0024,0.0004,0.0003
5,0.0003,0.0019,0.0004,0.0003
6,0.0003,0.0015,0.0004,0.0003
0,0.0003,0.0015,0.0004,0.0003
1,0.0003,0.0049,0.0004,0.0003
2,0.0003,0.0039,0.0004,0.0003
3,0.0003,0.0031,0.0004,0.0003
4,0.0003,0.0025,0.0004,0.0003
5,0.0003,0.0020,0.0004,0.0003
6,0.0003,0.0016,0.0004,0.0003
0,0.0003,0.0016,0.0004,0.0003
1,0.0003,0.0079,0.0004,0.0003
2,0.0003,0.0064,0.0004,0.0003
3,0.0003,0.0051,0.0004,0.0003
4,0.0003,0.0041,0.0004,0.0003
5,0.0003,0.0033,0.0004,0.0003
6,0.0003,0.0026,0.0004,0.0003
0,0.0003,0.0026,0.0004,0.0003
1,0.0003,0.0062,0.0004,0.0003
2,0.0003,0.0050,0.0004,0.0003
3,0.0003,0.0040,0.0004,0.0003
4,0.0003,0.0032,0.0004,0.0003
5,0.0003,0.0026,0.0004,0.0003
6,0.0003,0.0020,0.0004,0.0003
0,0.0003,0.0020,0.0004,0.0003
1,0.0003,0.0066,0.0004,0.0003
2,0.0003,0.0053,0.0004,0.0003
3,0.0003,0.0042,0.0004,0.0003
4,0.0003,0.0034,0.0004,0.0003
5,0.0003,0.0027,0.0004,0.0003
6,0.0003,0.0022,0.0004,0.0003
0,0.0003,0.0022,0.0004,0.0003
1,0.0003,0.0092,0.0004,0.0003
2,0.0003,0.0073,0.0004,0.0003
3,0.0003,0.0059,0.0004,0.0003
4,0.0003,0.0047,0.0004,0.0003
5,0.0003,0.0038,0.0004,0.0003
6,0.0003,0.0030,0.0004,0.0003
0,0.0003,0.0030,0.0004,0.0003
1,0.0003,0.0093,0.0004,0.0003
2,0.0003,0.0074,0.0004,0.0003
3,0.0003,0.0059,0.0004,0.0003
4,0.0003,0.0047,0.0004,0.0003
5,0.0003,0.0038,0.0004,0.0003
6,0.0003,0.0030,0.0004,0.0003
0,0.0003,0.0030,0.0004,0.0003
1,0.0003,0.0087,0.0004,0.0003
2,0.0003,0.0069,0.0004,0.0003
3,0.0003,0.0056,0.0004,0.0003
4,0.0003,0.0044,0.0004,0.0003
5,0.0003,0.0036,0.0004,0.0003
6,0.0003,0.0028,0.0004,0.0003
0,0.0003,0.0028,0.0004,0.0003
1,0.0003,0.0138,0.0004,0.0003
2,0.0003,0.0110,0.0004,0.0003
3,0.0003,0.0088,0.0004,0.0003
4,0.0003,0.0071,0.0004,0.0003
5,0.0003,0.0056,0.0004,0.0003
6,0.0003,0.0045,0.0004,0.0003
0,0.0003,0.0045,0.0004,0.0003
1,0.0003,0.0070,0.0004,0.0003
2,0.0003,0.0056,0.0004,0.0003
3,0.0003,0.0045,0.0004,0.0003
4,0.0003,0.0036,0.0004,0.0003
5,0.0003,0.0029,0.0004,0.0003
6,0.0003,0.0023,0.0004,0.0003
0,0.0003,0.0023,0.0004,0.0003
1,0.0003,0.0060,0.0004,0.0003
2,0.0003,0.0048,0.0004,0.0003
3,0.0003,0.0039,0.0004,0.0003
4,0.0003,0.0031,0.0004,0.0003
5,0.0003,0.0025,0.0004,0.0003
6,0.0003,0.0020,0.0004,0.0003
0,0.0003,0.0020,0.0004,0.0003
1,0.0003,0.0116,0.0004,0.0003
2,0.0003,0.0093,0.0004,0.0003
3,0.0003,0.0074,0.0004,0.0003
4,0.0003,0.0059,0.0004,0.0003
5,0.0003,0.0047,0.0004,0.0003
6,0.0003,0.0038,0.0004,0.0003
0,0.0003,0.0038,0.0004,0.0003
1,0.0003,0.0119,0.0004,0.0003
2,0.0003,0.0095,0.0004,0.0003
3,0.0003,0.0076,0.0004,0.0003
4,0.0003,0.0061,0.0004,0.0003
5,0.0003,0.0049,0.0004,0.0003
6,0.0003,0.0039,0.0004,0.0003
0,0.0003,0.0039,0.0004,0.0003
1,0.0003,0.0089,0.0004,0.0003
2,0.0003,0.0071,0.0004,0.0003
3,0.0003,0.0057,0.0004,0.0003
4,0.0003,0.0045,0.0004,0.0003
5,0.0003,0.0036,0.0004,0.0003
6,0.0003,0.0029,0.0004,0.0003
0,0.0003,0.0029,0.0004,0.0003
1,0.0003,0.0124,0.0004,0.0003
2,0.0003,0.0099,0.0004,0.0003
3,0.0003,0.0079,0.0004,0.0003
4,0.0003,0.0063,0.0004,0.0003
5,0.0003,0.0051,0.0004,0.0003
6,0.0003,0.0041,0.0004,0.0003
0,0.0003,0.0041,0.0004,0.0003
1,0.0003,0.0091,0.0004,0.0003
2,0.0003,0.0073,0.0004,0.0003
3,0.0003,0.0058,0.0004,0.0003
4,0.0003,0.0046,0.0004,0.0003
5,0.0003,0.0037,0.0004,0.0003
6,0.0003,0.0030,0.0004,0.0003
0,0.0003,0.0030,0.0004,0.0003
1,0.0003,0.0098,0.0004,0.0003
2,0.0003,0.0079,0.0004,0.0003
3,0.0003,0.0063,0.0004,0.0003
4,0.0003,0.0050,0.0004,0.0003
5,0.0003,0.0040,0.0004,0.0003
6,0.0003,0.0032,0.0004,0.0003
0,0.0003,0.0032,0.0004,0.0003
1,0.0003,0.0090,0.0004,0.0003
2,0.0003,0.0072,0.0004,0.0003
3,0.0003,0.0057,0.0004,0.0003
4,0.0003,0.0046,0.0004,0.0003
5,0.0003,0.0037,0.0004,0.0003
6,0.0003,0.0029,0.0004,0.0003
0,0.0003,0.0029,0.0004,0.0003
1,0.0003,0.0109,0.0004,0.0003
2,0.0003,0.0087,0.0004,0.0003
3,0.0003,0.0070,0.0004,0.0003
4,0.0003,0.0056,0.0004,0.0003
5,0.0003,0.0045,0.0004,0.0003
6,0.0003,0.0036,0.0004,0.0003
0,0.0003,0.0036,0.0004,0.0003
1,0.0003,0.0118,0.0004,0.0003
2,0.0003,0.0094,0.0004,0.0003
3,0.0003,0.0075,0.0004,0.0003
4,0.0003,0.0060,0.0004,0.0003
5,0.0003,0.0048,0.0004,0.0003
6,0.0003,0.0039,0.0004,0.0003
0,0.0003,0.0039,0.0004,0.0003
1,0.0003,0.0121,0.0004,0.0003
2,0.0003,0.0096,0.0004,0.0003
3,0.0003,0.0077,0.0004,0.0003
4,0.0003,0.0062,0.0004,0.0003
5,0.0003,0.0049,0.0004,0.0003
6,0.0003,0.0040,0.0004,0.0003
0,0.0003,0.0040,0.0004,0.0003
1,0.0003,0.0136,0.0004,0.0003
2,0.0003,0.0109,0.0004,0.0003
3,0.0003,0.0087,0.0004,0.0003
4,0.0003,0.0070,0.0004,0.0003
5,0.0003,0.0056,0.0004,0.0003
6,0.0003,0.0045,0.0004,0.0003
0,0.0003,0.0045,0.0004,0.0003
1,0.0003,0.0110,0.0004,0.0003
2,0.0003,0.0088,0.0004,0.0003
3,0.0003,0.0071,0.0004,0.0003
4,0.0003,0.0056,0.0004,0.0003
5,0.0003,0.0045,0.0004,0.0003
6,0.0003,0.0036,0.0004,0.0003
0,0.0003,0.0036,0.0004,0.0003
1,0.0003,0.0105,0.0004,0.0003
2,0.0003,0.0084,0.0004,0.0003
3,0.0003,0.0067,0.0004,0.0003
4,0.0003,0.0054,0.0004,0.0003
5,0.0003,0.0043,0.0004,0.0003
6,0.0003,0.0034,0.0004,0.0003
0,0.0003,0.0034,0.0004,0.0003
1,0.0003,0.0104,0.0004,0.0003
2,0.0003,0.0083,0.0004,0.0003
3,0.0003,0.0067,0.0004,0.0003
4,0.0003,0.0053,0.0004,0.0003
5,0.0003,0.0043,0.0004,0.0003
6,0.0003,0.0034,0.0004,0.0003
0,0.0003,0.0034,0.0004,0.0003
1,0.0003,0.0152,0.0004,0.0003
2,0.0003,0.0122,0.0004,0.0003
3,0.0003,0.0097,0.0004,0.0003
4,0.0003,0.0078,0.0004,0.0003
5,0.0003,0.0062,0.0004,0.0003
6,0.0003,0.0050,0.0004,0.0003
0,0.0003,0.0050,0.0004,0.0003
1,0.0003,0.0169,0.0004,0.0003
2,0.0003,0.0135,0.0004,0.0003
3,0.0003,0.0108,0.0004,0.0003
4,0.0003,0.0086,0.0004,0.0003
5,0.0003,0.0069,0.0004,0.0003
6,0.0003,0.0055,0.0004,0.0003
0,0.0003,0.0055,0.0004,0.0003
1,0.0003,0.0124,0.0004,0.0003
2,0.0003,0.0100,0.0004,0.0003
3,0.0003,0.0080,0.0004,0.0003
4,0.0003,0.0064,0.0004,0.0003
5,0.0003,0.0051,0.0004,0.0003
6,0.0003,0.0041,0.0004,0.0003
0,0.0003,0.0041,0.0004,0.0003
1,0.0003,0.0171,0.0004,0.0003
2,0.0003,0.0137,0.0004,0.0003
3,0.0003,0.0109,0.0004,0.0003
4,0.0003,0.0087,0.0004,0.0003
5,0.0003,0.0070,0.0004,0.0003
6,0.0003,0.0056,0.0004,0.0003
0,0.0003,0.0056,0.0004,0.0003
1,0.0003,0.0155,0.0004,0.0003
2,0.0003,0.0124,0.0004,0.0003
3,0.0003,0.0099,0.0004,0.0003
4,0.0003,0.0079,0.0004,0.0003
5,0.0003,0.0063,0.0004,0.0003
6,0.0003,0.0051,0.0004,0.0003
0,0.0003,0.0051,0.0004,0.0003
1,0.0003,0.0165,0.0004,0.0003
2,0.0003,0.0132,0.0004,0.0003
3,0.0003,0.0106,0.0004,0.0003
4,0.0003,0.0085,0.0004,0.0003
5,0.0003,0.0068,0.0004,0.0003
6,0.0003,0.0054,0.0004,0.0003
0,0.0003,0.0054,0.0004,0.0003
1,0.0003,0.0123,0.0004,0.0003
2,0.0003,0.0099,0.0004,0.0003
3,0.0003,0.0079,0.0004,0.0003
4,0.0003,0.0063,0.0004,0.0003
5,0.0003,0.0050,0.0004,0.0003
6,0.0003,0.0040,0.0004,0.0003
0,0.0003,0.0040,0.0004,0.0003
1,0.0003,0.0082,0.0004,0.0003
2,0.0003,0.0066,0.0004,0.0003
3,0.0003,0.0052,0.0004,0.0003
4,0.0003,0.0042,0.0004,0.0003
5,0.0003,0.0034,0.0004,0.0003
6,0.0003,0.0027,0.0004,0.0003
0,0.0003,0.0027,0.0004,0.0003
1,0.0003,0.0138,0.0004,0.0003
2,0.0003,0.0110,0.0004,0.0003
3,0.0003,0.0088,0.0004,0.0003
4,0.0003,0.0070,0.0004,0.0003
5,0.0003,0.0056,0.0004,0.0003
6,0.0003,0.0045,0.0004,0.0003
0,0.0003,0.0045,0.0004,0.0003
1,0.0003,0.0136,0.0004,0.0003
2,0.0003,0.0109,0.0004,0.0003
3,0.0003,0.0087,0.0004,0.0003
4,0.0003,0.0070,0.0004,0.0003
5,0.0003,0.0056,0.0004,0.0003
6,0.0003,0.0045,0.0004,0.0003
0,0.0003,0.0045,0.0004,0.0003
1,0.0003,0.0208,0.0004,0.0003
2,0.0003,0.0166,0.0004,0.0003
3,0.0003,0.0133,0.0004,0.0003
4,0.0003,0.0106,0.0004,0.0003
5,0.0003,0.0085,0.0004,0.0003
6,0.0003,0.0068,0.0004,0.0003
0,0.0003,0.0068,0.0004,0.0003
1,0.0003,0.0054,0.0004,0.0003
2,0.0003,0.0044,0.0004,0.0003
3,0.0003,0.0035,0.0004,0.0003
4,0.0003,0.0028,0.0004,0.0003
5,0.0003,0.0022,0.0004,0.0003
0,0.0003,0.0022,0.0004,0.0003
1,0.0003,0.0019,0.0004,0.0003
2,0.0003,0.0015,0.0004,0.0003
3,0.0003,0.0012,0.0004,0.0003
4,0.0003,0.0010,0.0004,0.0003
5,0.0003,0.0008,0.0004,0.0003
6,0.0003,0.0006,0.0004,0.0003
0,0.0003,0.0006,0.0004,0.0003
1,0.0003,0.0059,0.0004,0.0003
2,0.0003,0.0047,0.0004,0.0003
3,0.0003,0.0038,0.0004,0.0003
4,0.0003,0.0030,0.0004,0.0003
5,0.0003,0.0024,0.0004,0.0003
6,0.0003,0.0019,0.0004,0.0003
0,0.0003,0.0019,0.0004,0.0003
1,0.0003,0.0031,0.0004,0.0003
2,0.0003,0.0025,0.0004,0.0003
3,0.0003,0.0020,0.0004,0.0003
4,0.0003,0.0016,0.0004,0.0003
5,0.0003,0.0013,0.0004,0.0003
6,0.0003,0.0010,0.0004,0.0003
0,0.0003,0.0010,0.0004,0.0003
1,0.0003,0.0016,0.0004,0.0003
2,0.0003,0.0013,0.0004,0.0003
3,0.0003,0.0010,0.0004,0.0003
4,0.0003,0.0008,0.0004,0.0003
5,0.0003,0.0007,0.0004,0.0003
6,0.0003,0.0005,0.0004,0.0003
0,0.0003,0.0005,0.0004,0.0003
1,0.0003,0.0018,0.0004,0.0003
2,0.0003,0.0015,0.0004,0.0003
3,0.0003,0.0012,0.0004,0.0003
4,0.0003,0.0009,0.0004,0.0003
5,0.0003,0.0008,0.0004,0.0003
6,0.0003,0.0006,0.0004,0.0003
0,0.0003,0.0006,0.0004,0.0003
1,0.0003,0.0027,0.0004,0.0003
2,0.0003,0.0022,0.0004,0.0003
3,0.0003,0.0017,0.0004,0.0003
4,0.0003,0.0014,0.0004,0.0003
5,0.0003,0.0011,0.0004,0.0003
6,0.0003,0.0009,0.0004,0.0003
0,0.0003,0.0009,0.0004,0.0003
1,0.0003,0.0034,0.0004,0.0003
2,0.0003,0.0027,0.0004,0.0003
3,0.0003,0.0022,0.0004,0.0003
4,0.0003,0.0017,0.0004,0.0003
5,0.0003,0.0014,0.0004,0.0003
6,0.0003,0.0011,0.0004,0.0003
0,0.0003,0.0011,0.0004,0.0003
1,0.0003,0.0038,0.0004,0.0003
2,0.0003,0.0031,0.0004,0.0003
3,0.0003,0.0024,0.0004,0.0003
4,0.0003,0.0020,0.0004,0.0003
5,0.0003,0.0016,0.0004,0.0003
6,0.0003,0.0013,0.0004,0.0003
0,0.0003,0.0013,0.0004,0.0003
1,0.0003,0.0041,0.0004,0.0003
2,0.0003,0.0033,0.0004,0.0003
3,0.0003,0.0026,0.0004,0.0003
4,0.0003,0.0021,0.0004,0.0003
5,0.0003,0.0017,0.0004,0.0003
6,0.0003,0.0014,0.0004,0.0003
0,0.0003,0.0014,0.0004,0.0003
1,0.0003,0.0065,0.0004,0.0003
2,0.0003,0.0052,0.0004,0.0003
3,0.0003,0.0042,0.0004,0.0003
4,0.0003,0.0034,0.0004,0.0003
5,0.0003,0.0027,0.0004,0.0003
6,0.0003,0.0021,0.0004,0.0003
0,0.0003,0.0021,0.0004,0.0003
1,0.0003,0.0035,0.0004,0.0003
2,0.0003,0.0028,0.0004,0.0003
3,0.0003,0.0023,0.0004,0.0003
4,0.0003,0.0018,0.0004,0.0003
5,0.0003,0.0015,0.0004,0.0003
6,0.0003,0.0012,0.0004,0.0003
0,0.0003,0.0012,0.0004,0.0003
1,0.0003,0.0058,0.0004,0.0003
2,0.0003,0.0047,0.0004,0.0003
3,0.0003,0.0037,0.0004,0.0003
4,0.0003,0.0030,0.0004,0.0003
5,0.0003,0.0024,0.0004,0.0003
6,0.0003,0.0019,0.0004,0.0003
0,0.0003,0.0019,0.0004,0.0003
1,0.0003,0.0078,0.0004,0.0003
2,0.0003,0.0063,0.0004,0.0003
3,0.0003,0.0050,0.0004,0.0003
4,0.0003,0.0040,0.0004,0.0003
5,0.0003,0.0032,0.0004,0.0003
6,0.0003,0.0026,0.0004,0.0003
0,0.0003,0.0026,0.0004,0.0003
1,0.0003,0.0054,0.0004,0.0003
2,0.0003,0.0043,0.0004,0.0003
3,0.0003,0.0034,0.0004,0.0003
4,0.0003,0.0028,0.0004,0.0003
5,0.0003,0.0022,0.0004,0.0003
6,0.0003,0.0018,0.0004,0.0003
0,0.0003,0.0018,0.0004,0.0003
1,0.0003,0.0025,0.0004,0.0003
2,0.0003,0.0020,0.0004,0.0003
3,0.0003,0.0016,0.0004,0.0003
4,0.0003,0.0013,0.0004,0.0003
5,0.0003,0.0010,0.0004,0.0003
6,0.0003,0.0008,0.0004,0.0003
0,0.0003,0.0008,0.0004,0.0003
1,0.0003,0.0076,0.0004,0.0003
2,0.0003,0.0061,0.0004,0.0003
3,0.0003,0.0049,0.0004,0.0003
4,0.0003,0.0039,0.0004,0.0003
5,0.0003,0.0031,0.0004,0.0003
6,0.0003,0.0025,0.0004,0.0003
0,0.0003,0.0025,0.0004,0.0003
1,0.0003,0.0056,0.0004,0.0003
2,0.0003,0.0045,0.0004,0.0003
3,0.0003,0.0036,0.0004,0.0003
4,0.0003,0.0029,0.0004,0.0003
5,0.0003,0.0023,0.0004,0.0003
6,0.0003,0.0018,0.0004,0.0003
0,0.0003,0.0018,0.0004,0.0003
1,0.0003,0.0041,0.0004,0.0003
2,0.0003,0.0033,0.0004,0.0003
3,0.0003,0.0026,0.0004,0.0003
4,0.0003,0.0021,0.0004,0.0003
5,0.0003,0.0017,0.0004,0.0003
6,0.0003,0.0013,0.0004,0.0003
0,0.0003,0.0013,0.0004,0.0003
1,0.0003,0.0054,0.0004,0.0003
2,0.0003,0.0043,0.0004,0.0003
3,0.0003,0.0035,0.0004,0.0003
4,0.0003,0.0028,0.0004,0.0003
5,0.0003,0.0022,0.0004,0.0003
6,0.0003,0.0018,0.0004,0.0003
0,0.0003,0.0018,0.0004,0.0003
1,0.0003,0.0069,0.0004,0.0003
2,0.0003,0.0055,0.0004,0.0003
3,0.0003,0.0044,0.0004,0.0003
4,0.0003,0.0035,0.0004,0.0003
5,0.0003,0.0028,0.0004,0.0003
6,0.0003,0.0023,0.0004,0.0003
0,0.0003,0.0023,0.0004,0.0003
1,0.0003,0.0048,0.0004,0.0003
2,0.0003,0.0038,0.0004,0.0003
3,0.0003,0.0030,0.0004,0.0003
4,0.0003,0.0024,0.0004,0.0003
5,0.0003,0.0020,0.0004,0.0003
6,0.0003,0.0016,0.0004,0.0003
0,0.0003,0.0016,0.0004,0.0003
1,0.0003,0.0103,0.0004,0.0003
2,0.0003,0.0083,0.0004,0.0003
3,0.0003,0.0066,0.0004,0.0003
4,0.0003,0.0053,0.0004,0.0003
5,0.0003,0.0042,0.0004,0.0003
6,0.0003,0.0034,0.0004,0.0003
0,0.0003,0.0034,0.0004,0.0003
1,0.0003,0.0060,0.0004,0.0003
2,0.0003,0.0048,0.0004,0.0003
3,0.0003,0.0039,0.0004,0.0003
4,0.0003,0.0031,0.0004,0.0003
5,0.0003,0.0025,0.0004,0.0003
6,0.0003,0.0020,0.0004,0.0003
0,0.0003,0.0020,0.0004,0.0003
1,0.0003,0.0093,0.0004,0.0003
2,0.0003,0.0074,0.0004,0.0003
3,0.0003,0.0059,0.0004,0.0003
4,0.0003,0.0047,0.0004,0.0003
5,0.0003,0.0038,0.0004,0.0003
6,0.0003,0.0030,0.0004,0.0003
0,0.0003,0.0030,0.0004,0.0003
1,0.0003,0.0111,0.0004,0.0003
2,0.0003,0.0089,0.0004,0.0003
3,0.0003,0.0071,0.0004,0.0003
4,0.0003,0.0057,0.0004,0.0003
5,0.0003,0.0045,0.0004,0.0003
6,0.0003,0.0036,0.0004,0.0003
0,0.0003,0.0036,0.0004,0.0003
1,0.0003,0.0069,0.0004,0.0003
2,0.0003,0.0055,0.0004,0.0003
3,0.0003,0.0044,0.0004,0.0003
4,0.0003,0.0035,0.0004,0.0003
5,0.0003,0.0028,0.0004,0.0003
6,0.0003,0.0023,0.0004,0.0003
0,0.0003,0.0023,0.0004,0.0003
1,0.0003,0.0106,0.0004,0.0003
2,0.0003,0.0085,0.0004,0.0003
3,0.0003,0.0068,0.0004,0.0003
4,0.0003,0.0054,0.0004,0.0003
5,0.0003,0.0044,0.0004,0.0003
6,0.0003,0.0035,0.0004,0.0003
0,0.0003,0.0035,0.0004,0.0003
1,0.0003,0.0097,0.0004,0.0003
2,0.0003,0.0078,0.0004,0.0003
3,0.0003,0.0062,0.0004,0.0003
4,0.0003,0.0050,0.0004,0.0003
5,0.0003,0.0040,0.0004,0.0003
6,0.0003,0.0032,0.0004,0.0003
0,0.0003,0.0032,0.0004,0.0003
1,0.0003,0.0075,0.0004,0.0003
2,0.0003,0.0060,0.0004,0.0003
3,0.0003,0.0048,0.0004,0.0003
4,0.0003,0.0038,0.0004,0.0003
5,0.0003,0.0031,0.0004,0.0003
6,0.0003,0.0025,0.0004,0.0003
0,0.0003,0.0025,0.0004,0.0003
1,0.0003,0.0088,0.0004,0.0003
2,0.0003,0.0071,0.0004,0.0003
3,0.0003,0.0056,0.0004,0.0003
4,0.0003,0.0045,0.0004,0.0003
5,0.0003,0.0036,0.0004,0.0003
6,0.0003,0.0029,0.0004,0.0003
0,0.0003,0.0029,0.0004,0.0003
1,0.0003,0.0096,0.0004,0.0003
2,0.0003,0.0077,0.0004,0.0003
3,0.0003,0.0061,0.0004,0.0003
4,0.0003,0.0049,0.0004,0.0003
5,0.0003,0.0039,0.0004,0.0003
6,0.0003,0.0031,0.0004,0.0003
0,0.0003,0.0031,0.0004,0.0003
1,0.0003,0.0088,0.0004,0.0003
2,0.0003,0.0070,0.0004,0.0003
3,0.0003,0.0056,0.0004,0.0003
4,0.0003,0.0045,0.0004,0.0003
5,0.0003,0.0036,0.0004,0.0003
6,0.0003,0.0029,0.0004,0.0003
0,0.0003,0.0029,0.0004,0.0003
1,0.0003,0.0111,0.0004,0.0003
2,0.0003,0.0089,0.0004,0.0003
3,0.0003,0.0071,0.0004,0.0003
4,0.0003,0.0057,0.0004,0.0003
5,0.0003,0.0046,0.0004,0.0003
6,0.0003,0.0036,0.0004,0.0003
0,0.0003,0.0036,0.0004,0.0003
1,0.0003,0.0131,0.0004,0.0003
2,0.0003,0.0105,0.0004,0.0003
3,0.0003,0.0084,0.0004,0.0003
4,0.0003,0.0067,0.0004,0.0003
5,0.0003,0.0054,0.0004,0.0003
6,0.0003,0.0043,0.0004,0.0003
0,0.0003,0.0043,0.0004,0.0003
1,0.0003,0.0137,0.0004,0.0003
2,0.0003,0.0110,0.0004,0.0003
3,0.0003,0.0088,0.0004,0.0003
4,0.0003,0.0070,0.0004,0.0003
5,0.0003,0.0056,0.0004,0.0003
6,0.0003,0.0045,0.0004,0.0003
0,0.0003,0.0045,0.0004,0.0003
1,0.0003,0.0127,0.0004,0.0003
2,0.0003,0.0101,0.0004,0.0003
3,0.0003,0.0081,0.0004,0.0003
4,0.0003,0.0065,0.0004,0.0003
5,0.0003,0.0052,0.0004,0.0003
6,0.0003,0.0041,0.0004,0.0003
0,0.0003,0.0041,0.0004,0.0003
1,0.0003,0.0104,0.0004,0.0003
2,0.0003,0.0083,0.0004,0.0003
3,0.0003,0.0067,0.0004,0.0003
4,0.0003,0.0053,0.0004,0.0003
5,0.0003,0.0043,0.0004,0.0003
6,0.0003,0.0034,0.0004,0.0003
0,0.0003,0.0034,0.0004,0.0003
1,0.0003,0.0099,0.0004,0.0003
2,0.0003,0.0079,0.0004,0.0003
3,0.0003,0.0063,0.0004,0.0003
4,0.0003,0.0051,0.0004,0.0003
5,0.0003,0.0040,0.0004,0.0003
6,0.0003,0.0032,0.0004,0.0003
0,0.0003,0.0032,0.0004,0.0003
1,0.0003,0.0141,0.0004,0.0003
2,0.0003,0.0113,0.0004,0.0003
3,0.0003,0.0090,0.0004,0.0003
4,0.0003,0.0072,0.0004,0.0003
5,0.0003,0.0058,0.0004,0.0003
6,0.0003,0.0046,0.0004,0.0003
0,0.0003,0.0046,0.0004,0.0003
1,0.0003,0.0110,0.0004,0.0003
2,0.0003,0.0088,0.0004,0.0003
3,0.0003,0.0070,0.0004,0.0003
4,0.0003,0.0056,0.0004,0.0003
5,0.0003,0.0045,0.0004,0.0003
6,0.0003,0.0036,0.0004,0.0003
0,0.0003,0.0036,0.0004,0.0003
1,0.0003,0.0087,0.0004,0.0003
2,0.0003,0.0069,0.0004,0.0003
3,0.0003,0.0056,0.0004,0.0003
4,0.0003,0.0044,0.0004,0.0003
5,0.0003,0.0036,0.0004,0.0003
6,0.0003,0.0028,0.0004,0.0003
0,0.0003,0.0028,0.0004,0.0003
1,0.0003,0.0153,0.0004,0.0003
2,0.0003,0.0122,0.0004,0.0003
3,0.0003,0.0098,0.0004,0.0003
4,0.0003,0.0078,0.0004,0.0003
5,0.0003,0.0063,0.0004,0.0003
6,0.0003,0.0050,0.0004,0.0003
0,0.0003,0.0050,0.0004,0.0003
1,0.0003,0.0139,0.0004,0.0003
2,0.0003,0.0111,0.0004,0.0003
3,0.0003,0.0089,0.0004,0.0003
4,0.0003,0.0071,0.0004,0.0003
5,0.0003,0.0057,0.0004,0.0003
6,0.0003,0.0046,0.0004,0.0003
0,0.0003,0.0046,0.0004,0.0003
1,0.0003,0.0122,0.0004,0.0003
2,0.0003,0.0098,0.0004,0.0003
3,0.0003,0.0078,0.0004,0.0003
4,0.0003,0.0062,0.0004,0.0003
5,0.0003,0.0050,0.0004,0.0003
6,0.0003,0.0040,0.0004,0.0003
0,0.0003,0.0040,0.0004,0.0003
1,0.0003,0.0131,0.0004,0.0003
2,0.0003,0.0105,0.0004,0.0003
3,0.0003,0.0084,0.0004,0.0003
4,0.0003,0.0067,0.0004,0.0003
5,0.0003,0.0054,0.0004,0.0003
6,0.0003,0.0043,0.0004,0.0003
0,0.0003,0.0043,0.0004,0.0003
1,0.0003,0.0142,0.0004,0.0003
2,0.0003,0.0113,0.0004,0.0003
3,0.0003,0.0091,0.0004,0.0003
4,0.0003,0.0072,0.0004,0.0003
5,0.0003,0.0058,0.0004,0.0003
6,0.0003,0.0046,0.0004,0.0003
0,0.0003,0.0046,0.0004,0.0003
1,0.0003,0.0037,0.0004,0.0003
2,0.0003,0.0030,0.0004,0.0003
3,0.0003,0.0024,0.0004,0.0003
4,0.0003,0.0019,0.0004,0.0003
5,0.0003,0.0015,0.0004,0.0003
0,0.0003,0.0015,0.0004,0.0003
1,0.0003,0.0031,0.0004,0.0003
2,0.0003,0.0024,0.0004,0.0003
3,0.0003,0.0020,0.0004,0.0003
4,0.0003,0.0016,0.0004,0.0003
5,0.0003,0.0013,0.0004,0.0003
6,0.0003,0.0010,0.0004,0.0003
0,0.0003,0.0010,0.0004,0.0003
1,0.0003,0.0020,0.0004,0.0003
2,0.0003,0.0016,0.0004,0.0003
3,0.0003,0.0013,0.0004,0.0003
4,0.0003,0.0010,0.0004,0.0003
5,0.0003,0.0008,0.0004,0.0003
6,0.0003,0.0007,0.0004,0.0003
0,0.0003,0.0007,0.0004,0.0003
1,0.0003,0.0011,0.0004,0.0003
2,0.0003,0.0009,0.0004,0.0003
3,0.0003,0.0007,0.0004,0.0003
4,0.0003,0.0006,0.0004,0.0003
5,0.0003,0.0005,0.0004,0.0003
6,0.0003,0.0004,0.0004,0.0003
0,0.0003,0.0004,0.0004,0.0003
1,0.0003,0.0040,0.0004,0.0003
2,0.0003,0.0032,0.0004,0.0003
3,0.0003,0.0026,0.0004,0.0003
4,0.0003,0.0021,0.0004,0.0003
5,0.0003,0.0017,0.0004,0.0003
6,0.0003,0.0013,0.0004,0.0003
0,0.0003,0.0013,0.0004,0.0003
1,0.0003,0.0052,0.0004,0.0003
2,0.0003,0.0042,0.0004,0.0003
3,0.0003,0.0033,0.0004,0.0003
4,0.0003,0.0027,0.0004,0.0003
5,0.0003,0.0021,0.0004,0.0003
6,0.0003,0.0017,0.0004,0.0003
0,0.0003,0.0017,0.0004,0.0003
1,0.0003,0.0030,0.0004,0.0003
2,0.0003,0.0024,0.0004,0.0003
3,0.0003,0.0019,0.0004,0.0003
4,0.0003,0.0016,0.0004,0.0003
5,0.0003,0.0012,0.0004,0.0003
6,0.0003,0.0010,0.0004,0.0003
0,0.0003,0.0010,0.0004,0.0003
1,0.0003,0.0055,0.0004,0.0003
2,0.0003,0.0044,0.0004,0.0003
3,0.0003,0.0035,0.0004,0.0003
4,0.0003,0.0028,0.0004,0.0003
5,0.0003,0.0023,0.0004,0.0003
6,0.0003,0.0018,0.0004,0.0003
0,0.0003,0.0018,0.0004,0.0003
1,0.0003,0.0064,0.0004,0.0003
2,0.0003,0.0051,0.0004,0.0003
3,0.0003,0.0041,0.0004,0.0003
4,0.0003,0.0033,0.0004,0.0003
5,0.0003,0.0026,0.0004,0.0003
6,0.0003,0.0021,0.0004,0.0003
0,0.0003,0.0021,0.0004,0.0003
1,0.0003,0.0037,0.0004,0.0003
2,0.0003,0.0029,0.0004,0.0003
3,0.0003,0.0023,0.0004,0.0003
4,0.0003,0.0019,0.0004,0.0003
5,0.0003,0.0015,0.0004,0.0003
6,0.0003,0.0012,0.0004,0.0003
0,0.0003,0.0012,0.0004,0.0003
1,0.0003,0.0058,0.0004,0.0003
2,0.0003,0.0046,0.0004,0.0003
3,0.0003,0.0037,0.0004,0.0003
4,0.0003,0.0030,0.0004,0.0003
5,0.0003,0.0024,0.0004,0.0003
6,0.0003,0.0019,0.0004,0.0003
0,0.0003,0.0019,0.0004,0.0003
1,0.0003,0.0044,0.0004,0.0003
2,0.0003,0.0035,0.0004,0.0003
3,0.0003,0.0028,0.0004,0.0003
4,0.0003,0.0023,0.0004,0.0003
5,0.0003,0.0018,0.0004,0.0003
6,0.0003,0.0015,0.0004,0.0003
0,0.0003,0.0015,0.0004,0.0003
1,0.0003,0.0048,0.0004,0.0003
2,0.0003,0.0038,0.0004,0.0003
3,0.0003,0.0030,0.0004,0.0003
4,0.0003,0.0024,0.0004,0.0003
5,0.0003,0.0019,0.0004,0.0003
6,0.0003,0.0016,0.0004,0.0003
0,0.0003,0.0016,0.0004,0.0003
1,0.0003,0.0059,0.0004,0.0003
2,0.0003,0.0047,0.0004,0.0003
3,0.0003,0.0038,0.0004,0.0003
4,0.0003,0.0030,0.0004,0.0003
5,0.0003,0.0024,0.0004,0.0003
6,0.0003,0.0019,0.0004,0.0003
0,0.0003,0.0019,0.0004,0.0003
1,0.0003,0.0041,0.0004,0.0003
2,0.0003,0.0033,0.0004,0.0003
3,0.0003,0.0026,0.0004,0.0003
4,0.0003,0.0021,0.0004,0.0003
5,0.0003,0.0017,0.0004,0.0003
6,0.0003,0.0014,0.0004,0.0003
0,0.0003,0.0014,0.0004,0.0003
1,0.0003,0.0068,0.0004,0.0003
2,0.0003,0.0054,0.0004,0.0003
3,0.0003,0.0043,0.0004,0.0003
4,0.0003,0.0035,0.0004,0.0003
5,0.0003,0.0028,0.0004,0.0003
6,0.0003,0.0022,0.0004,0.0003
0,0.0003,0.0022,0.0004,0.0003
1,0.0003,0.0055,0.0004,0.0003
2,0.0003,0.0044,0.0004,0.0003
3,0.0003,0.0036,0.0004,0.0003
4,0.0003,0.0028,0.0004,0.0003
5,0.0003,0.0023,0.0004,0.0003
6,0.0003,0.0018,0.0004,0.0003
0,0.0003,0.0018,0.0004,0.0003
1,0.0003,0.0046,0.0004,0.0003
2,0.0003,0.0037,0.0004,0.0003
3,0.0003,0.0029,0.0004,0.0003
4,0.0003,0.0023,0.0004,0.0003
5,0.0003,0.0019,0.0004,0.0003
6,0.0003,0.0015,0.0004,0.0003
0,0.0003,0.0015,0.0004,0.0003
1,0.0003,0.0075,0.0004,0.0003
2,0.0003,0.0060,0.0004,0.0003
3,0.0003,0.0048,0.0004,0.0003
4,0.0003,0.0039,0.0004,0.0003
5,0.0003,0.0031,0.0004,0.0003
6,0.0003,0.0025,0.0004,0.0003
0,0.0003,0.0025,0.0004,0.0003
1,0.0003,0.0073,0.0004,0.0003
2,0.0003,0.0058,0.0004,0.0003
3,0.0003,0.0047,0.0004,0.0003
4,0.0003,0.0037,0.0004,0.0003
5,0.0003,0.0030,0.0004,0.0003
6,0.0003,0.0024,0.0004,0.0003
0,0.0003,0.0024,0.0004,0.0003
1,0.0003,0.0094,0.0004,0.0003
2,0.0003,0.0075,0.0004,0.0003
3,0.0003,0.0060,0.0004,0.0003
4,0.0003,0.0048,0.0004,0.0003
5,0.0003,0.0038,0.0004,0.0003
6,0.0003,0.0031,0.0004,0.0003
0,0.0003,0.0031,0.0004,0.0003
1,0.0003,0.0071,0.0004,0.0003
2,0.0003,0.0057,0.0004,0.0003
3,0.0003,0.0046,0.0004,0.0003
4,0.0003,0.0037,0.0004,0.0003
5,0.0003,0.0029,0.0004,0.0003
6,0.0003,0.0023,0.0004,0.0003
0,0.0003,0.0023,0.0004,0.0003
1,0.0003,0.0131,0.0004,0.0003
2,0.0003,0.0105,0.0004,0.0003
3,0.0003,0.0084,0.0004,0.0003
4,0.0003,0.0067,0.0004,0.0003
5,0.0003,0.0054,0.0004,0.0003
6,0.0003,0.0043,0.0004,0.0003
0,0.0003,0.0043,0.0004,0.0003
1,0.0003,0.0089,0.0004,0.0003
2,0.0003,0.0071,0.0004,0.0003
3,0.0003,0.0057,0.0004,0.0003
4,0.0003,0.0045,0.0004,0.0003
5,0.0003,0.0036,0.0004,0.0003
6,0.0003,0.0029,0.0004,0.0003
0,0.0003,0.0029,0.0004,0.0003
1,0.0003,0.0080,0.0004,0.0003
2,0.0003,0.0064,0.0004,0.0003
3,0.0003,0.0051,0.0004,0.0003
4,0.0003,0.0041,0.0004,0.0003
5,0.0003,0.0033,0.0004,0.0003
6,0.0003,0.0026,0.0004,0.0003
0,0.0003,0.0026,0.0004,0.0003
1,0.0003,0.0067,0.0004,0.0003
2,0.0003,0.0054,0.0004,0.0003
3,0.0003,0.0043,0.0004,0.0003
4,0.0003,0.0034,0.0004,0.0003
5,0.0003,0.0028,0.0004,0.0003
6,0.0003,0.0022,0.0004,0.0003
0,0.0003,0.0022,0.0004,0.0003
1,0.0003,0.0085,0.0004,0.0003
2,0.0003,0.0068,0.0004,0.0003
3,0.0003,0.0055,0.0004,0.0003
4,0.0003,0.0044,0.0004,0.0003
5,0.0003,0.0035,0.0004,0.0003
6,0.0003,0.0028,0.0004,0.0003
0,0.0003,0.0028,0.0004,0.0003
1,0.0003,0.0106,0.0004,0.0003
2,0.0003,0.0084,0.0004,0.0003
3,0.0003,0.0068,0.0004,0.0003
4,0.0003,0.0054,0.0004,0.0003
5,0.0003,0.0043,0.0004,0.0003
6,0.0003,0.0035,0.0004,0.0003
0,0.0003,0.0035,0.0004,0.0003
1,0.0003,0.0100,0.0004,0.0003
2,0.0003,0.0080,0.0004,0.0003
3,0.0003,0.0064,0.0004,0.0003
4,0.0003,0.0051,0.0004,0.0003
5,0.0003,0.0041,0.0004,0.0003
6,0.0003,0.0033,0.0004,0.0003
0,0.0003,0.0033,0.0004,0.0003
1,0.0003,0.0091,0.0004,0.0003
2,0.0003,0.0073,0.0004,0.0003
3,0.0003,0.0058,0.0004,0.0003
4,0.0003,0.0047,0.0004,0.0003
5,0.0003,0.0037,0.0004,0.0003
6,0.0003,0.0030,0.0004,0.0003
0,0.0003,0.0030,0.0004,0.0003
1,0.0003,0.0090,0.0004,0.0003
2,0.0003,0.0072,0.0004,0.0003
3,0.0003,0.0058,0.0004,0.0003
4,0.0003,0.0046,0.0004,0.0003
5,0.0003,0.0037,0.0004,0.0003
6,0.0003,0.0030,0.0004,0.0003
0,0.0003,0.0030,0.0004,0.0003
1,0.0003,0.0108,0.0004,0.0003
2,0.0003,0.0086,0.0004,0.0003
3,0.0003,0.0069,0.0004,0.0003
4,0.0003,0.0055,0.0004,0.0003
5,0.0003,0.0044,0.0004,0.0003
6,0.0003,0.0035,0.0004,0.0003
0,0.0003,0.0035,0.0004,0.0003
1,0.0003,0.0114,0.0004,0.0003
2,0.0003,0.0091,0.0004,0.0003
3,0.0003,0.0073,0.0004,0.0003
4,0.0003,0.0058,0.0004,0.0003
5,0.0003,0.0047,0.0004,0.0003
6,0.0003,0.0037,0.0004,0.0003
0,0.0003,0.0037,0.0004,0.0003
1,0.0003,0.0126,0.0004,0.0003
2,0.0003,0.0101,0.0004,0.0003
3,0.0003,0.0080,0.0004,0.0003
4,0.0003,0.0064,0.0004,0.0003
5,0.0003,0.0051,0.0004,0.0003
6,0.0003,0.0041,0.0004,0.0003
0,0.0003,0.0041,0.0004,0.0003
1,0.0003,0.0195,0.0004,0.0003
2,0.0003,0.0156,0.0004,0.0003
3,0.0003,0.0125,0.0004,0.0003
4,0.0003,0.0100,0.0004,0.0003
5,0.0003,0.0080,0.0004,0.0003
6,0.0003,0.0064,0.0004,0.0003
0,0.0003,0.0064,0.0004,0.0003
1,0.0003,0.0150,0.0004,0.0003
2,0.0003,0.0120,0.0004,0.0003
3,0.0003,0.0096,0.0004,0.0003
4,0.0003,0.0077,0.0004,0.0003
5,0.0003,0.0061,0.0004,0.0003
6,0.0003,0.0049,0.0004,0.0003
0,0.0003,0.0049,0.0004,0.0003
1,0.0003,0.0162,0.0004,0.0003
2,0.0003,0.0130,0.0004,0.0003
3,0.0003,0.0104,0.0004,0.0003
4,0.0003,0.0083,0.0004,0.0003
5,0.0003,0.0066,0.0004,0.0003
6,0.0003,0.0053,0.0004,0.0003
0,0.0003,0.0053,0.0004,0.0003
1,0.0003,0.0182,0.0004,0.0003
2,0.0003,0.0146,0.0004,0.0003
3,0.0003,0.0117,0.0004,0.0003
4,0.0003,0.0093,0.0004,0.0003
5,0.0003,0.0075,0.0004,0.0003
6,0.0003,0.0060,0.0004,0.0003
0,0.0003,0.0060,0.0004,0.0003
1,0.0003,0.0150,0.0004,0.0003
2,0.0003,0.0120,0.0004,0.0003
3,0.0003,0.0096,0.0004,0.0003
4,0.0003,0.0077,0.0004,0.0003
5,0.0003,0.0061,0.0004,0.0003
6,0.0003,0.0049,0.0004,0.0003
0,0.0003,0.0049,0.0004,0.0003
1,0.0003,0.0168,0.0004,0.0003
2,0.0003,0.0135,0.0004,0.0003
3,0.0003,0.0108,0.0004,0.0003
4,0.0003,0.0086,0.0004,0.0003
5,0.0003,0.0069,0.0004,0.0003
6,0.0003,0.0055,0.0004,0.0003
0,0.0003,0.0055,0.0004,0.0003
1,0.0003,0.0102,0.0004,0.0003
2,0.0003,0.0081,0.0004,0.0003
3,0.0003,0.0065,0.0004,0.0003
4,0.0003,0.0052,0.0004,0.0003
5,0.0003,0.0042,0.0004,0.0003
6,0.0003,0.0033,0.0004,0.0003
0,0.0003,0.0033,0.0004,0.0003
1,0.0003,0.0123,0.0004,0.0003
2,0.0003,0.0099,0.0004,0.0003
3,0.0003,0.0079,0.0004,0.0003
4,0.0003,0.0063,0.0004,0.0003
5,0.0003,0.0051,0.0004,0.0003
6,0.0003,0.0040,0.0004,0.0003
0,0.0003,0.0040,0.0004,0.0003
1,0.0003,0.0178,0.0004,0.0003
2,0.0003,0.0142,0.0004,0.0003
3,0.0003,0.0114,0.0004,0.0003
4,0.0003,0.0091,0.0004,0.0003
5,0.0003,0.0073,0.0004,0.0003
6,0.0003,0.0058,0.0004,0.0003
0,0.0003,0.0058,0.0004,0.0003
1,0.0003,0.0144,0.0004,0.0003
2,0.0003,0.0115,0.0004,0.0003
3,0.0003,0.0092,0.0004,0.0003
4,0.0003,0.0074,0.0004,0.0003
5,0.0003,0.0059,0.0004,0.0003
6,0.0003,0.0047,0.0004,0.0003
0,0.0003,0.0047,0.0004,0.0003
1,0.0003,0.0100,0.0004,0.0003
2,0.0003,0.0080,0.0004,0.0003
3,0.0003,0.0064,0.0004,0.0003
4,0.0003,0.0051,0.0004,0.0003
5,0.0003,0.0041,0.0004,0.0003
6,0.0003,0.0033,0.0004,0.0003
0,0.0003,0.0033,0.0004,0.0003
1,0.0003,0.0139,0.0004,0.0003
2,0.0003,0.0111,0.0004,0.0003
3,0.0003,0.0089,0.0004,0.0003
4,0.0003,0.0071,0.0004,0.0003
5,0.0003,0.0057,0.0004,0.0003
6,0.0003,0.0045,0.0004,0.0003
0,0.0003,0.0045,0.0004,0.0003
1,0.0003,0.0132,0.0004,0.0003
2,0.0003,0.0105,0.0004,0.0003
3,0.0003,0.0084,0.0004,0.0003
4,0.0003,0.0067,0.0004,0.0003
5,0.0003,0.0054,0.0004,0.0003
6,0.0003,0.0043,0.0004,0.0003
0,0.0003,0.0043,0.0004,